
CASCADE Topology V3, (c) Open Cascade
Locations 0
Curve2ds 428
1 -0.17662015175625356 0.081773513139893339 0 -1 
1 -0.17662015175625356 -0.91822648686010666 1 0 
1 0.42337084824373505 -0.91822648686010666 0 -1 
1 0.42337084824373505 -4.146025486860097 1 0 
1 4.1233678482437313 -4.146025486860097 0 1 
1 4.1233678482437313 0.85956751313989344 -1 0 
1 2.5733798482437464 0.85956751313989344 0 -1 
1 2.5733798482437464 0.2595685131398966 -1 0 
1 2.3733678482437313 0.2595685131398966 0 1 
1 2.3733678482437313 0.85956751313989344 -1 0 
1 0.22337384824373885 0.85956751313989344 0 1 
1 0.22337384824373885 2.6095675131398934 -1 0 
1 -0.72662315175625736 2.6095675131398934 0 1 
1 -0.72662315175625736 2.8095715131399004 0 1 
1 -0.72662315175625736 3.709573513139901 1 0 
1 -0.52662615175626115 3.709573513139901 0 -1 
1 -0.52662615175626115 2.8095715131399004 1 0 
1 0.22337384824373885 2.8095715131399004 0 1 
1 0.22337384824373885 4.3595675131398934 -1 0 
1 -2.3266291517562649 4.3595675131398934 0 -1 
1 -2.3266291517562649 3.709573513139901 1 0 
1 -1.3266291517562649 3.709573513139901 0 -1 
1 -1.3266291517562649 3.5095685131398966 -1 0 
1 -2.3266291517562649 3.5095685131398966 0 -1 
1 -2.3266291517562649 2.8095715131399004 1 0 
1 -1.3266291517562649 2.8095715131399004 0 -1 
1 -1.3266291517562649 1.0095685131398966 -1 0 
1 -1.5266261517562612 1.0095685131398966 0 1 
1 -1.5266261517562612 2.6095675131398934 -1 0 
1 -2.3266291517562649 2.6095675131398934 0 -1 
1 -2.3266291517562649 0.28177051313990376 1 0 
1 -0.97662315175625736 0.28177051313990376 0 -1 
1 -0.97662315175625736 0.081773513139893339 -1 0 
1 -2.3266291517562649 0.081773513139893339 0 -1 
1 -2.3266291517562649 -4.146025486860097 1 0 
1 0.22337384824373885 -4.146025486860097 0 1 
1 0.22337384824373885 -2.3182284868601073 -1 0 
1 -0.37663215175626874 -2.3182284868601073 0 1 
1 -0.37663215175626874 -2.1182314868600969 1 0 
1 0.22337384824373885 -2.1182314868600969 0 1 
1 0.22337384824373885 -1.1182314868600969 -1 0 
1 -0.37663215175626874 -1.1182314868600969 0 1 
1 -0.37663215175626874 0.28177051313990376 1 0 
1 0.42337084824373505 0.28177051313990376 0 -1 
1 0.42337084824373505 0.081773513139893339 -1 0 
1 -1.8499984999999981 1.6499979999999965 0 -1 
1 -1.8499984999999981 -1.6499979999999965 1 0 
1 1.8499984999999981 -1.6499979999999965 0 1 
1 1.8499984999999981 1.6499979999999965 -1 0 
1 -0.17663181382249604 0.081772463389384598 0 -1 
1 -0.17663181382249604 -0.9182275366106154 1 0 
1 0.42337418617751155 -0.9182275366106154 0 -1 
1 0.42337418617751155 -4.1460265366106057 1 0 
1 4.1233711861775078 -4.1460265366106057 0 1 
1 4.1233711861775078 0.85956646338938469 -1 0 
1 2.573368186177504 0.85956646338938469 0 -1 
1 2.573368186177504 0.25956746338938785 -1 0 
1 2.3733711861775078 0.25956746338938785 0 1 
1 2.3733711861775078 0.85956646338938469 -1 0 
1 0.22336218617749637 0.85956646338938469 0 1 
1 0.22336218617749637 2.6095664633893847 -1 0 
1 -0.72663481382249984 2.6095664633893847 0 1 
1 -0.72663481382249984 2.8095704633893916 0 1 
1 -0.72663481382249984 3.7095724633893923 1 0 
1 -0.52663781382250363 3.7095724633893923 0 -1 
1 -0.52663781382250363 2.8095704633893916 1 0 
1 0.22336218617749637 2.8095704633893916 0 1 
1 0.22336218617749637 4.3595664633893847 -1 0 
1 -2.3266258138224885 4.3595664633893847 0 -1 
1 -2.3266258138224885 3.7095724633893923 1 0 
1 -1.3266258138224885 3.7095724633893923 0 -1 
1 -1.3266258138224885 3.5095674633893879 -1 0 
1 -2.3266258138224885 3.5095674633893879 0 -1 
1 -2.3266258138224885 2.8095704633893916 1 0 
1 -1.3266258138224885 2.8095704633893916 0 -1 
1 -1.3266258138224885 1.0095674633893879 -1 0 
1 -1.5266378138225036 1.0095674633893879 0 1 
1 -1.5266378138225036 2.6095664633893847 -1 0 
1 -2.3266258138224885 2.6095664633893847 0 -1 
1 -2.3266258138224885 0.28176946338939501 1 0 
1 -0.97663481382249984 0.28176946338939501 0 -1 
1 -0.97663481382249984 0.081772463389384598 -1 0 
1 -2.3266258138224885 0.081772463389384598 0 -1 
1 -2.3266258138224885 -4.1460265366106057 1 0 
1 0.22336218617749637 -4.1460265366106057 0 1 
1 0.22336218617749637 -2.318229536610616 -1 0 
1 -0.37662881382249225 -2.318229536610616 0 1 
1 -0.37662881382249225 -2.1182325366106056 1 0 
1 0.22336218617749637 -2.1182325366106056 0 1 
1 0.22336218617749637 -1.1182325366106056 -1 0 
1 -0.37662881382249225 -1.1182325366106056 0 1 
1 -0.37662881382249225 0.28176946338939501 1 0 
1 0.42337418617751155 0.28176946338939501 0 -1 
1 0.42337418617751155 0.081772463389384598 -1 0 
1 -1.8499984999999981 1.6499979999999965 0 -1 
1 -1.8499984999999981 -1.6499979999999965 1 0 
1 1.8499984999999981 -1.6499979999999965 0 1 
1 1.8499984999999981 1.6499979999999965 -1 0 
1 -0.17663463924191092 0.081773575183049729 0 -1 
1 -0.17663463924191092 -0.91822642481695027 1 0 
1 0.42337136075809667 -0.91822642481695027 0 -1 
1 0.42337136075809667 -4.1460254248169406 1 0 
1 4.1233683607580929 -4.1460254248169406 0 1 
1 4.1233683607580929 0.85956757518304983 -1 0 
1 2.5733653607580891 0.85956757518304983 0 -1 
1 2.5733653607580891 0.25956857518305299 -1 0 
1 2.3733683607580929 0.25956857518305299 0 1 
1 2.3733683607580929 0.85956757518304983 -1 0 
1 0.22337436075810047 0.85956757518304983 0 1 
1 0.22337436075810047 2.6095675751830498 -1 0 
1 -0.72662263924189574 2.6095675751830498 0 1 
1 -0.72662263924189574 2.8095715751830568 0 1 
1 -0.72662263924189574 3.7095735751830574 1 0 
1 -0.52662563924189953 3.7095735751830574 0 -1 
1 -0.52662563924189953 2.8095715751830568 1 0 
1 0.22337436075810047 2.8095715751830568 0 1 
1 0.22337436075810047 4.3595675751830498 -1 0 
1 -2.3266286392419033 4.3595675751830498 0 -1 
1 -2.3266286392419033 3.7095735751830574 1 0 
1 -1.3266286392419033 3.7095735751830574 0 -1 
1 -1.3266286392419033 3.509568575183053 -1 0 
1 -2.3266286392419033 3.509568575183053 0 -1 
1 -2.3266286392419033 2.8095715751830568 1 0 
1 -1.3266286392419033 2.8095715751830568 0 -1 
1 -1.3266286392419033 1.009568575183053 -1 0 
1 -1.5266256392418995 1.009568575183053 0 1 
1 -1.5266256392418995 2.6095675751830498 -1 0 
1 -2.3266286392419033 2.6095675751830498 0 -1 
1 -2.3266286392419033 0.28177057518306015 1 0 
1 -0.97662263924189574 0.28177057518306015 0 -1 
1 -0.97662263924189574 0.081773575183049729 -1 0 
1 -2.3266286392419033 0.081773575183049729 0 -1 
1 -2.3266286392419033 -4.1460254248169406 1 0 
1 0.22337436075810047 -4.1460254248169406 0 1 
1 0.22337436075810047 -2.3182284248169509 -1 0 
1 -0.37663163924190712 -2.3182284248169509 0 1 
1 -0.37663163924190712 -2.1182314248169405 1 0 
1 0.22337436075810047 -2.1182314248169405 0 1 
1 0.22337436075810047 -1.1182314248169405 -1 0 
1 -0.37663163924190712 -1.1182314248169405 0 1 
1 -0.37663163924190712 0.28177057518306015 1 0 
1 0.42337136075809667 0.28177057518306015 0 -1 
1 0.42337136075809667 0.081773575183049729 -1 0 
1 -1.8499984999999981 1.6499979999999965 0 -1 
1 -1.8499984999999981 -1.6499979999999965 1 0 
1 1.8499984999999981 -1.6499979999999965 0 1 
1 1.8499984999999981 1.6499979999999965 -1 0 
1 -0.17662607486794002 0.081772998517465112 0 -1 
1 -0.17662607486794002 -0.91822700148253489 1 0 
1 0.42337292513205682 -0.91822700148253489 0 -1 
1 0.42337292513205682 -4.1460260014825252 1 0 
1 4.1233689251320556 -4.1460260014825252 0 1 
1 4.1233689251320556 0.85956699851746521 -1 0 
1 2.57337392513206 0.85956699851746521 0 -1 
1 2.57337392513206 0.25956799851746837 -1 0 
1 2.3733689251320556 0.25956799851746837 0 1 
1 2.3733689251320556 0.85956699851746521 -1 0 
1 0.22336792513205239 0.85956699851746521 0 1 
1 0.22336792513205239 2.6095669985174652 -1 0 
1 -0.72662907486794381 2.6095669985174652 0 1 
1 -0.72662907486794381 2.8095709985174722 0 1 
1 -0.72662907486794381 3.7095729985174728 1 0 
1 -0.52663207486794761 3.7095729985174728 0 -1 
1 -0.52663207486794761 2.8095709985174722 1 0 
1 0.22336792513205239 2.8095709985174722 0 1 
1 0.22336792513205239 4.3595669985174652 -1 0 
1 -2.3266270748679432 4.3595669985174652 0 -1 
1 -2.3266270748679432 3.7095729985174728 1 0 
1 -1.3266270748679432 3.7095729985174728 0 -1 
1 -1.3266270748679432 3.5095679985174684 -1 0 
1 -2.3266270748679432 3.5095679985174684 0 -1 
1 -2.3266270748679432 2.8095709985174722 1 0 
1 -1.3266270748679432 2.8095709985174722 0 -1 
1 -1.3266270748679432 1.0095679985174684 -1 0 
1 -1.5266320748679476 1.0095679985174684 0 1 
1 -1.5266320748679476 2.6095669985174652 -1 0 
1 -2.3266270748679432 2.6095669985174652 0 -1 
1 -2.3266270748679432 0.28176999851747553 1 0 
1 -0.97662907486794381 0.28176999851747553 0 -1 
1 -0.97662907486794381 0.081772998517465112 -1 0 
1 -2.3266270748679432 0.081772998517465112 0 -1 
1 -2.3266270748679432 -4.1460260014825252 1 0 
1 0.22336792513205239 -4.1460260014825252 0 1 
1 0.22336792513205239 -2.3182290014825355 -1 0 
1 -0.37663107486794445 -2.3182290014825355 0 1 
1 -0.37663107486794445 -2.1182320014825251 1 0 
1 0.22336792513205239 -2.1182320014825251 0 1 
1 0.22336792513205239 -1.1182320014825251 -1 0 
1 -0.37663107486794445 -1.1182320014825251 0 1 
1 -0.37663107486794445 0.28176999851747553 1 0 
1 0.42337292513205682 0.28176999851747553 0 -1 
1 0.42337292513205682 0.081772998517465112 -1 0 
1 -1.8499979999999994 1.6499979999999965 0 -1 
1 -1.8499979999999994 -1.6499979999999965 1 0 
1 1.8499979999999994 -1.6499979999999965 0 1 
1 1.8499979999999994 1.6499979999999965 -1 0 
1 1.8500025000000022 1.6499979999999965 -1 0 
1 -1.8500025000000022 1.6499979999999965 0 -1 
1 -1.8500025000000022 -1.6499979999999965 1 0 
1 1.8500025000000022 -1.6499979999999965 0 1 
1 0.17663025166100965 0.081773184276556776 -1 0 
1 -0.42336874833898719 0.081773184276556776 0 1 
1 -0.42336874833898719 0.28177018427656719 1 0 
1 0.37662625166100838 0.28177018427656719 0 -1 
1 0.37662625166100838 -1.1182318157234334 -1 0 
1 -0.22337174833899098 -1.1182318157234334 0 -1 
1 -0.22337174833899098 -2.1182318157234334 1 0 
1 0.37662625166100838 -2.1182318157234334 0 -1 
1 0.37662625166100838 -2.3182288157234439 -1 0 
1 -0.22337174833899098 -2.3182288157234439 0 -1 
1 -0.22337174833899098 -4.1460258157234335 1 0 
1 2.3266312516610128 -4.1460258157234335 0 1 
1 2.3266312516610128 0.081773184276556776 -1 0 
1 0.97662525166100522 0.081773184276556776 0 1 
1 0.97662525166100522 0.28177018427656719 1 0 
1 2.3266312516610128 0.28177018427656719 0 1 
1 2.3266312516610128 2.6095671842765569 -1 0 
1 1.526628251661009 2.6095671842765569 0 -1 
1 1.526628251661009 1.00956818427656 -1 0 
1 1.3266312516610128 1.00956818427656 0 1 
1 1.3266312516610128 2.8095711842765638 1 0 
1 2.3266312516610128 2.8095711842765638 0 1 
1 2.3266312516610128 3.50956818427656 -1 0 
1 1.3266312516610128 3.50956818427656 0 1 
1 1.3266312516610128 3.7095731842765645 1 0 
1 2.3266312516610128 3.7095731842765645 0 1 
1 2.3266312516610128 4.3595671842765569 -1 0 
1 -0.22337174833899098 4.3595671842765569 0 -1 
1 -0.22337174833899098 2.8095711842765638 1 0 
1 0.52662825166100902 2.8095711842765638 0 1 
1 0.52662825166100902 3.7095731842765645 1 0 
1 0.72662525166100522 3.7095731842765645 0 -1 
1 0.72662525166100522 2.8095711842765638 0 -1 
1 0.72662525166100522 2.6095671842765569 -1 0 
1 -0.22337174833899098 2.6095671842765569 0 -1 
1 -0.22337174833899098 0.85956718427655687 -1 0 
1 -2.3733737483389916 0.85956718427655687 0 -1 
1 -2.3733737483389916 0.25956818427656003 -1 0 
1 -2.5733697483389903 0.25956818427656003 0 1 
1 -2.5733697483389903 0.85956718427655687 -1 0 
1 -4.1233737483389916 0.85956718427655687 0 -1 
1 -4.1233737483389916 -4.1460258157234335 1 0 
1 -0.42336874833898719 -4.1460258157234335 0 1 
1 -0.42336874833898719 -0.91822681572344322 1 0 
1 0.17663025166100965 -0.91822681572344322 0 1 
1 1.8500025000000164 1.6499979999999965 -1 0 
1 -1.850002499999988 1.6499979999999965 0 -1 
1 -1.850002499999988 -1.6499979999999965 1 0 
1 1.8500025000000164 -1.6499979999999965 0 1 
1 0.17662936223682379 0.081772420825330983 -1 0 
1 -0.42336863776317557 0.081772420825330983 0 1 
1 -0.42336863776317557 0.2817694208253414 1 0 
1 0.37662636223682 0.2817694208253414 0 -1 
1 0.37662636223682 -1.1182325791746592 -1 0 
1 -0.22337263776317684 -1.1182325791746592 0 -1 
1 -0.22337263776317684 -2.1182325791746592 1 0 
1 0.37662636223682 -2.1182325791746592 0 -1 
1 0.37662636223682 -2.3182295791746697 -1 0 
1 -0.22337263776317684 -2.3182295791746697 0 -1 
1 -0.22337263776317684 -4.1460265791746593 1 0 
1 2.3266313622368244 -4.1460265791746593 0 1 
1 2.3266313622368244 0.081772420825330983 -1 0 
1 0.97663236223682759 0.081772420825330983 0 1 
1 0.97663236223682759 0.2817694208253414 1 0 
1 2.3266313622368244 0.2817694208253414 0 1 
1 2.3266313622368244 2.6095664208253311 -1 0 
1 1.5266273622368232 2.6095664208253311 0 -1 
1 1.5266273622368232 1.0095674208253342 -1 0 
1 1.3266313622368244 1.0095674208253342 0 1 
1 1.3266313622368244 2.809570420825338 1 0 
1 2.3266313622368244 2.809570420825338 0 1 
1 2.3266313622368244 3.5095674208253342 -1 0 
1 1.3266313622368244 3.5095674208253342 0 1 
1 1.3266313622368244 3.7095724208253387 1 0 
1 2.3266313622368244 3.7095724208253387 0 1 
1 2.3266313622368244 4.3595664208253311 -1 0 
1 -0.22337263776317684 4.3595664208253311 0 -1 
1 -0.22337263776317684 2.809570420825338 1 0 
1 0.52662736223682316 2.809570420825338 0 1 
1 0.52662736223682316 3.7095724208253387 1 0 
1 0.72663236223682759 3.7095724208253387 0 -1 
1 0.72663236223682759 2.809570420825338 0 -1 
1 0.72663236223682759 2.6095664208253311 -1 0 
1 -0.22337263776317684 2.6095664208253311 0 -1 
1 -0.22337263776317684 0.85956642082533108 -1 0 
1 -2.37337363776318 0.85956642082533108 0 -1 
1 -2.37337363776318 0.25956742082533424 -1 0 
1 -2.5733706377631762 0.25956742082533424 0 1 
1 -2.5733706377631762 0.85956642082533108 -1 0 
1 -4.12337363776318 0.85956642082533108 0 -1 
1 -4.12337363776318 -4.1460265791746593 1 0 
1 -0.42336863776317557 -4.1460265791746593 0 1 
1 -0.42336863776317557 -0.91822757917466902 1 0 
1 0.17662936223682379 -0.91822757917466902 0 1 
1 1.8499984999999981 1.6499979999999823 -1 0 
1 -1.8499984999999981 1.6499979999999823 0 -1 
1 -1.8499984999999981 -1.6499980000000107 1 0 
1 1.8499984999999981 -1.6499980000000107 0 1 
1 0.17663463924182565 0.081773575183134994 -1 0 
1 -0.42337136075818194 0.081773575183134994 0 1 
1 -0.42337136075818194 0.28177057518314541 1 0 
1 0.37663163924182186 0.28177057518314541 0 -1 
1 0.37663163924182186 -1.1182314248168552 -1 0 
1 -0.22337436075818573 -1.1182314248168552 0 -1 
1 -0.22337436075818573 -2.1182314248168552 1 0 
1 0.37663163924182186 -2.1182314248168552 0 -1 
1 0.37663163924182186 -2.3182284248168656 -1 0 
1 -0.22337436075818573 -2.3182284248168656 0 -1 
1 -0.22337436075818573 -4.1460254248168553 1 0 
1 2.3266286392418181 -4.1460254248168553 0 1 
1 2.3266286392418181 0.081773575183134994 -1 0 
1 0.97662263924181048 0.081773575183134994 0 1 
1 0.97662263924181048 0.28177057518314541 1 0 
1 2.3266286392418181 0.28177057518314541 0 1 
1 2.3266286392418181 2.6095675751831351 -1 0 
1 1.5266256392418143 2.6095675751831351 0 -1 
1 1.5266256392418143 1.0095685751831383 -1 0 
1 1.3266286392418181 1.0095685751831383 0 1 
1 1.3266286392418181 2.809571575183142 1 0 
1 2.3266286392418181 2.809571575183142 0 1 
1 2.3266286392418181 3.5095685751831383 -1 0 
1 1.3266286392418181 3.5095685751831383 0 1 
1 1.3266286392418181 3.7095735751831427 1 0 
1 2.3266286392418181 3.7095735751831427 0 1 
1 2.3266286392418181 4.3595675751831351 -1 0 
1 -0.22337436075818573 4.3595675751831351 0 -1 
1 -0.22337436075818573 2.809571575183142 1 0 
1 0.52662563924181427 2.809571575183142 0 1 
1 0.52662563924181427 3.7095735751831427 1 0 
1 0.72662263924181048 3.7095735751831427 0 -1 
1 0.72662263924181048 2.809571575183142 0 -1 
1 0.72662263924181048 2.6095675751831351 -1 0 
1 -0.22337436075818573 2.6095675751831351 0 -1 
1 -0.22337436075818573 0.85956757518313509 -1 0 
1 -2.3733683607581781 0.85956757518313509 0 -1 
1 -2.3733683607581781 0.25956857518313825 -1 0 
1 -2.5733653607581743 0.25956857518313825 0 1 
1 -2.5733653607581743 0.85956757518313509 -1 0 
1 -4.1233683607581781 0.85956757518313509 0 -1 
1 -4.1233683607581781 -4.1460254248168553 1 0 
1 -0.42337136075818194 -4.1460254248168553 0 1 
1 -0.42337136075818194 -0.91822642481686501 1 0 
1 0.17663463924182565 -0.91822642481686501 0 1 
1 1.850006000000036 1.6499979999999965 -1 0 
1 -1.8500059999999792 1.6499979999999965 0 -1 
1 -1.8500059999999792 -1.6499979999999965 1 0 
1 1.850006000000036 -1.6499979999999965 0 1 
1 0.17662460159101556 0.081772834477533252 -1 0 
1 -0.42336639840897305 0.081772834477533252 0 1 
1 -0.42336639840897305 0.28176983447754367 1 0 
1 0.37662160159101177 0.28176983447754367 0 -1 
1 0.37662160159101177 -1.118232165522457 -1 0 
1 -0.22336939840897685 -1.118232165522457 0 -1 
1 -0.22336939840897685 -2.118232165522457 1 0 
1 0.37662160159101177 -2.118232165522457 0 -1 
1 0.37662160159101177 -2.3182291655224674 -1 0 
1 -0.22336939840897685 -2.3182291655224674 0 -1 
1 -0.22336939840897685 -4.1460261655224571 1 0 
1 2.3266336015910269 -4.1460261655224571 0 1 
1 2.3266336015910269 0.081772834477533252 -1 0 
1 0.97662760159101936 0.081772834477533252 0 1 
1 0.97662760159101936 0.28176983447754367 1 0 
1 2.3266336015910269 0.28176983447754367 0 1 
1 2.3266336015910269 2.6095668344775333 -1 0 
1 1.5266306015910232 2.6095668344775333 0 -1 
1 1.5266306015910232 1.0095678344775365 -1 0 
1 1.3266336015910269 1.0095678344775365 0 1 
1 1.3266336015910269 2.8095708344775403 1 0 
1 2.3266336015910269 2.8095708344775403 0 1 
1 2.3266336015910269 3.5095678344775365 -1 0 
1 1.3266336015910269 3.5095678344775365 0 1 
1 1.3266336015910269 3.7095728344775409 1 0 
1 2.3266336015910269 3.7095728344775409 0 1 
1 2.3266336015910269 4.3595668344775333 -1 0 
1 -0.22336939840897685 4.3595668344775333 0 -1 
1 -0.22336939840897685 2.8095708344775403 1 0 
1 0.52663060159102315 2.8095708344775403 0 1 
1 0.52663060159102315 3.7095728344775409 1 0 
1 0.72662760159101936 3.7095728344775409 0 -1 
1 0.72662760159101936 2.8095708344775403 0 -1 
1 0.72662760159101936 2.6095668344775333 -1 0 
1 -0.22336939840897685 2.6095668344775333 0 -1 
1 -0.22336939840897685 0.85956683447753335 -1 0 
1 -2.3733783984089882 0.85956683447753335 0 -1 
1 -2.3733783984089882 0.25956783447753651 -1 0 
1 -2.5733753984089844 0.25956783447753651 0 1 
1 -2.5733753984089844 0.85956683447753335 -1 0 
1 -4.1233783984089882 0.85956683447753335 0 -1 
1 -4.1233783984089882 -4.1460261655224571 1 0 
1 -0.42336639840897305 -4.1460261655224571 0 1 
1 -0.42336639840897305 -0.91822716552246675 1 0 
1 0.17662460159101556 -0.91822716552246675 0 1 
1 -4.4970218404963305 2.3310171931602568 0 -1 
1 -4.4970218404963305 -7.1689828068397432 1 0 
1 5.0029781595036695 -7.1689828068397432 0 1 
1 5.0029781595036695 2.3310171931602568 -1 0 
1 3.5529731595036651 2.3310171931602568 0 1 
1 3.5529731595036651 2.6810201931602577 1 0 
1 3.9529741595036683 2.6810201931602577 0 1 
1 3.9529741595036683 5.6269961931602595 -1 0 
1 -4.4970218404963305 5.6269961931602595 0 -1 
1 -4.4970218404963305 2.6810201931602577 1 0 
1 2.6529791595036727 2.6810201931602577 0 -1 
1 2.6529791595036727 2.3310171931602568 -1 0 
1 -5.4609935597039083 -4.2734380173170479 1 0 
1 0.98900344029608789 -4.2734380173170479 0 1 
1 0.98900344029608789 -1.6206440173170478 1 0 
1 1.3390014402960873 -1.6206440173170478 0 -1 
1 1.3390014402960873 -4.2734380173170479 1 0 
1 4.4890034402960879 -4.2734380173170479 0 1 
1 4.4890034402960879 4.2321549826829425 -1 0 
1 1.3390014402960873 4.2321549826829425 0 -1 
1 1.3390014402960873 -0.82064101731705819 -1 0 
1 0.98900344029608789 -0.82064101731705819 0 1 
1 0.98900344029608789 4.2321549826829425 -1 0 
1 -5.4609935597039083 4.2321549826829425 0 -1 
1 -4.4704481941380436 -4.2734771782396876 1 0 
1 -1.3204541941380512 -4.2734771782396876 0 1 
1 -1.3204541941380512 -1.6206831782396875 1 0 
1 -0.97044819413804362 -1.6206831782396875 0 -1 
1 -0.97044819413804362 -4.2734771782396876 1 0 
1 5.4295458058619488 -4.2734771782396876 0 1 
1 5.4295458058619488 4.2321158217603028 -1 0 
1 -0.97044819413804362 4.2321158217603028 0 -1 
1 -0.97044819413804362 -0.82068017823969797 -1 0 
1 -1.3204541941380512 -0.82068017823969797 0 1 
1 -1.3204541941380512 4.2321158217603028 -1 0 
1 -4.4704481941380436 4.2321158217603028 0 -1 
Curves 428
1 156.85000600000001 76.723777999999996 3 0 -1 0 
1 156.85000600000001 75.723777999999996 3 1 0 0 
1 157.449997 75.723777999999996 3 0 -1 0 
1 157.449997 72.495979000000005 3 1 0 0 
1 161.14999399999999 72.495979000000005 3 0 1 0 
1 161.14999399999999 77.501571999999996 3 -1 0 0 
1 159.60000600000001 77.501571999999996 3 0 -1 0 
1 159.60000600000001 76.901572999999999 3 -1 0 0 
1 159.39999399999999 76.901572999999999 3 0 1 0 
1 159.39999399999999 77.501571999999996 3 -1 0 0 
1 157.25 77.501571999999996 3 0 1 0 
1 157.25 79.251571999999996 3 -1 0 0 
1 156.300003 79.251571999999996 3 0 1 0 
1 156.300003 79.451576000000003 3 0 1 0 
1 156.300003 80.351578000000003 3 1 0 0 
1 156.5 80.351578000000003 3 0 -1 0 
1 156.5 79.451576000000003 3 1 0 0 
1 157.25 79.451576000000003 3 0 1 0 
1 157.25 81.001571999999996 3 -1 0 0 
1 154.699997 81.001571999999996 3 0 -1 0 
1 154.699997 80.351578000000003 3 1 0 0 
1 155.699997 80.351578000000003 3 0 -1 0 
1 155.699997 80.151572999999999 3 -1 0 0 
1 154.699997 80.151572999999999 3 0 -1 0 
1 154.699997 79.451576000000003 3 1 0 0 
1 155.699997 79.451576000000003 3 0 -1 0 
1 155.699997 77.651572999999999 3 -1 0 0 
1 155.5 77.651572999999999 3 0 1 0 
1 155.5 79.251571999999996 3 -1 0 0 
1 154.699997 79.251571999999996 3 0 -1 0 
1 154.699997 76.923775000000006 3 1 0 0 
1 156.050003 76.923775000000006 3 0 -1 0 
1 156.050003 76.723777999999996 3 -1 0 0 
1 154.699997 76.723777999999996 3 0 -1 0 
1 154.699997 72.495979000000005 3 1 0 0 
1 157.25 72.495979000000005 3 0 1 0 
1 157.25 74.323775999999995 3 -1 0 0 
1 156.64999399999999 74.323775999999995 3 0 1 0 
1 156.64999399999999 74.523773000000006 3 1 0 0 
1 157.25 74.523773000000006 3 0 1 0 
1 157.25 75.523773000000006 3 -1 0 0 
1 156.64999399999999 75.523773000000006 3 0 1 0 
1 156.64999399999999 76.923775000000006 3 1 0 0 
1 157.449997 76.923775000000006 3 0 -1 0 
1 157.449997 76.723777999999996 3 -1 0 0 
1 157.449997 81.001571999999996 3 0 -1 0 
1 157.449997 77.701576000000003 3 1 0 0 
1 161.14999399999999 77.701576000000003 3 0 1 0 
1 161.14999399999999 81.001571999999996 3 -1 0 0 
1 143.25 76.723777999999996 3 0 -1 0 
1 143.25 75.723777999999996 3 1 0 0 
1 143.85000600000001 75.723777999999996 3 0 -1 0 
1 143.85000600000001 72.495979000000005 3 1 0 0 
1 147.550003 72.495979000000005 3 0 1 0 
1 147.550003 77.501571999999996 3 -1 0 0 
1 146 77.501571999999996 3 0 -1 0 
1 146 76.901572999999999 3 -1 0 0 
1 145.800003 76.901572999999999 3 0 1 0 
1 145.800003 77.501571999999996 3 -1 0 0 
1 143.64999399999999 77.501571999999996 3 0 1 0 
1 143.64999399999999 79.251571999999996 3 -1 0 0 
1 142.699997 79.251571999999996 3 0 1 0 
1 142.699997 79.451576000000003 3 0 1 0 
1 142.699997 80.351578000000003 3 1 0 0 
1 142.89999399999999 80.351578000000003 3 0 -1 0 
1 142.89999399999999 79.451576000000003 3 1 0 0 
1 143.64999399999999 79.451576000000003 3 0 1 0 
1 143.64999399999999 81.001571999999996 3 -1 0 0 
1 141.10000600000001 81.001571999999996 3 0 -1 0 
1 141.10000600000001 80.351578000000003 3 1 0 0 
1 142.10000600000001 80.351578000000003 3 0 -1 0 
1 142.10000600000001 80.151572999999999 3 -1 0 0 
1 141.10000600000001 80.151572999999999 3 0 -1 0 
1 141.10000600000001 79.451576000000003 3 1 0 0 
1 142.10000600000001 79.451576000000003 3 0 -1 0 
1 142.10000600000001 77.651572999999999 3 -1 0 0 
1 141.89999399999999 77.651572999999999 3 0 1 0 
1 141.89999399999999 79.251571999999996 3 -1 0 0 
1 141.10000600000001 79.251571999999996 3 0 -1 0 
1 141.10000600000001 76.923775000000006 3 1 0 0 
1 142.449997 76.923775000000006 3 0 -1 0 
1 142.449997 76.723777999999996 3 -1 0 0 
1 141.10000600000001 76.723777999999996 3 0 -1 0 
1 141.10000600000001 72.495979000000005 3 1 0 0 
1 143.64999399999999 72.495979000000005 3 0 1 0 
1 143.64999399999999 74.323775999999995 3 -1 0 0 
1 143.050003 74.323775999999995 3 0 1 0 
1 143.050003 74.523773000000006 3 1 0 0 
1 143.64999399999999 74.523773000000006 3 0 1 0 
1 143.64999399999999 75.523773000000006 3 -1 0 0 
1 143.050003 75.523773000000006 3 0 1 0 
1 143.050003 76.923775000000006 3 1 0 0 
1 143.85000600000001 76.923775000000006 3 0 -1 0 
1 143.85000600000001 76.723777999999996 3 -1 0 0 
1 143.85000600000001 81.001571999999996 3 0 -1 0 
1 143.85000600000001 77.701576000000003 3 1 0 0 
1 147.550003 77.701576000000003 3 0 1 0 
1 147.550003 81.001571999999996 3 -1 0 0 
1 129.64999399999999 76.723777999999996 3 0 -1 0 
1 129.64999399999999 75.723777999999996 3 1 0 0 
1 130.25 75.723777999999996 3 0 -1 0 
1 130.25 72.495979000000005 3 1 0 0 
1 133.949997 72.495979000000005 3 0 1 0 
1 133.949997 77.501571999999996 3 -1 0 0 
1 132.39999399999999 77.501571999999996 3 0 -1 0 
1 132.39999399999999 76.901572999999999 3 -1 0 0 
1 132.199997 76.901572999999999 3 0 1 0 
1 132.199997 77.501571999999996 3 -1 0 0 
1 130.050003 77.501571999999996 3 0 1 0 
1 130.050003 79.251571999999996 3 -1 0 0 
1 129.10000600000001 79.251571999999996 3 0 1 0 
1 129.10000600000001 79.451576000000003 3 0 1 0 
1 129.10000600000001 80.351578000000003 3 1 0 0 
1 129.300003 80.351578000000003 3 0 -1 0 
1 129.300003 79.451576000000003 3 1 0 0 
1 130.050003 79.451576000000003 3 0 1 0 
1 130.050003 81.001571999999996 3 -1 0 0 
1 127.5 81.001571999999996 3 0 -1 0 
1 127.5 80.351578000000003 3 1 0 0 
1 128.5 80.351578000000003 3 0 -1 0 
1 128.5 80.151572999999999 3 -1 0 0 
1 127.5 80.151572999999999 3 0 -1 0 
1 127.5 79.451576000000003 3 1 0 0 
1 128.5 79.451576000000003 3 0 -1 0 
1 128.5 77.651572999999999 3 -1 0 0 
1 128.300003 77.651572999999999 3 0 1 0 
1 128.300003 79.251571999999996 3 -1 0 0 
1 127.5 79.251571999999996 3 0 -1 0 
1 127.5 76.923775000000006 3 1 0 0 
1 128.85000600000001 76.923775000000006 3 0 -1 0 
1 128.85000600000001 76.723777999999996 3 -1 0 0 
1 127.5 76.723777999999996 3 0 -1 0 
1 127.5 72.495979000000005 3 1 0 0 
1 130.050003 72.495979000000005 3 0 1 0 
1 130.050003 74.323775999999995 3 -1 0 0 
1 129.449997 74.323775999999995 3 0 1 0 
1 129.449997 74.523773000000006 3 1 0 0 
1 130.050003 74.523773000000006 3 0 1 0 
1 130.050003 75.523773000000006 3 -1 0 0 
1 129.449997 75.523773000000006 3 0 1 0 
1 129.449997 76.923775000000006 3 1 0 0 
1 130.25 76.923775000000006 3 0 -1 0 
1 130.25 76.723777999999996 3 -1 0 0 
1 130.25 81.001571999999996 3 0 -1 0 
1 130.25 77.701576000000003 3 1 0 0 
1 133.949997 77.701576000000003 3 0 1 0 
1 133.949997 81.001571999999996 3 -1 0 0 
1 116.050003 76.723777999999996 3 0 -1 0 
1 116.050003 75.723777999999996 3 1 0 0 
1 116.650002 75.723777999999996 3 0 -1 0 
1 116.650002 72.495979000000005 3 1 0 0 
1 120.349998 72.495979000000005 3 0 1 0 
1 120.349998 77.501571999999996 3 -1 0 0 
1 118.800003 77.501571999999996 3 0 -1 0 
1 118.800003 76.901572999999999 3 -1 0 0 
1 118.599998 76.901572999999999 3 0 1 0 
1 118.599998 77.501571999999996 3 -1 0 0 
1 116.449997 77.501571999999996 3 0 1 0 
1 116.449997 79.251571999999996 3 -1 0 0 
1 115.5 79.251571999999996 3 0 1 0 
1 115.5 79.451576000000003 3 0 1 0 
1 115.5 80.351578000000003 3 1 0 0 
1 115.699997 80.351578000000003 3 0 -1 0 
1 115.699997 79.451576000000003 3 1 0 0 
1 116.449997 79.451576000000003 3 0 1 0 
1 116.449997 81.001571999999996 3 -1 0 0 
1 113.900002 81.001571999999996 3 0 -1 0 
1 113.900002 80.351578000000003 3 1 0 0 
1 114.900002 80.351578000000003 3 0 -1 0 
1 114.900002 80.151572999999999 3 -1 0 0 
1 113.900002 80.151572999999999 3 0 -1 0 
1 113.900002 79.451576000000003 3 1 0 0 
1 114.900002 79.451576000000003 3 0 -1 0 
1 114.900002 77.651572999999999 3 -1 0 0 
1 114.699997 77.651572999999999 3 0 1 0 
1 114.699997 79.251571999999996 3 -1 0 0 
1 113.900002 79.251571999999996 3 0 -1 0 
1 113.900002 76.923775000000006 3 1 0 0 
1 115.25 76.923775000000006 3 0 -1 0 
1 115.25 76.723777999999996 3 -1 0 0 
1 113.900002 76.723777999999996 3 0 -1 0 
1 113.900002 72.495979000000005 3 1 0 0 
1 116.449997 72.495979000000005 3 0 1 0 
1 116.449997 74.323775999999995 3 -1 0 0 
1 115.849998 74.323775999999995 3 0 1 0 
1 115.849998 74.523773000000006 3 1 0 0 
1 116.449997 74.523773000000006 3 0 1 0 
1 116.449997 75.523773000000006 3 -1 0 0 
1 115.849998 75.523773000000006 3 0 1 0 
1 115.849998 76.923775000000006 3 1 0 0 
1 116.650002 76.923775000000006 3 0 -1 0 
1 116.650002 76.723777999999996 3 -1 0 0 
1 116.650002 81.001571999999996 3 0 -1 0 
1 116.650002 77.701576000000003 3 1 0 0 
1 120.349998 77.701576000000003 3 0 1 0 
1 120.349998 81.001571999999996 3 -1 0 0 
1 110.800003 81.001571999999996 3 -1 0 0 
1 107.099998 81.001571999999996 3 0 -1 0 
1 107.099998 77.701576000000003 3 1 0 0 
1 110.800003 77.701576000000003 3 0 1 0 
1 111.400002 76.723777999999996 3 -1 0 0 
1 110.800003 76.723777999999996 3 0 1 0 
1 110.800003 76.923775000000006 3 1 0 0 
1 111.599998 76.923775000000006 3 0 -1 0 
1 111.599998 75.523773000000006 3 -1 0 0 
1 111 75.523773000000006 3 0 -1 0 
1 111 74.523773000000006 3 1 0 0 
1 111.599998 74.523773000000006 3 0 -1 0 
1 111.599998 74.323775999999995 3 -1 0 0 
1 111 74.323775999999995 3 0 -1 0 
1 111 72.495979000000005 3 1 0 0 
1 113.550003 72.495979000000005 3 0 1 0 
1 113.550003 76.723777999999996 3 -1 0 0 
1 112.199997 76.723777999999996 3 0 1 0 
1 112.199997 76.923775000000006 3 1 0 0 
1 113.550003 76.923775000000006 3 0 1 0 
1 113.550003 79.251571999999996 3 -1 0 0 
1 112.75 79.251571999999996 3 0 -1 0 
1 112.75 77.651572999999999 3 -1 0 0 
1 112.550003 77.651572999999999 3 0 1 0 
1 112.550003 79.451576000000003 3 1 0 0 
1 113.550003 79.451576000000003 3 0 1 0 
1 113.550003 80.151572999999999 3 -1 0 0 
1 112.550003 80.151572999999999 3 0 1 0 
1 112.550003 80.351578000000003 3 1 0 0 
1 113.550003 80.351578000000003 3 0 1 0 
1 113.550003 81.001571999999996 3 -1 0 0 
1 111 81.001571999999996 3 0 -1 0 
1 111 79.451576000000003 3 1 0 0 
1 111.75 79.451576000000003 3 0 1 0 
1 111.75 80.351578000000003 3 1 0 0 
1 111.949997 80.351578000000003 3 0 -1 0 
1 111.949997 79.451576000000003 3 0 -1 0 
1 111.949997 79.251571999999996 3 -1 0 0 
1 111 79.251571999999996 3 0 -1 0 
1 111 77.501571999999996 3 -1 0 0 
1 108.849998 77.501571999999996 3 0 -1 0 
1 108.849998 76.901572999999999 3 -1 0 0 
1 108.650002 76.901572999999999 3 0 1 0 
1 108.650002 77.501571999999996 3 -1 0 0 
1 107.099998 77.501571999999996 3 0 -1 0 
1 107.099998 72.495979000000005 3 1 0 0 
1 110.800003 72.495979000000005 3 0 1 0 
1 110.800003 75.723777999999996 3 1 0 0 
1 111.400002 75.723777999999996 3 0 1 0 
1 124.400002 81.001571999999996 3 -1 0 0 
1 120.699997 81.001571999999996 3 0 -1 0 
1 120.699997 77.701576000000003 3 1 0 0 
1 124.400002 77.701576000000003 3 0 1 0 
1 125 76.723777999999996 3 -1 0 0 
1 124.400002 76.723777999999996 3 0 1 0 
1 124.400002 76.923775000000006 3 1 0 0 
1 125.199997 76.923775000000006 3 0 -1 0 
1 125.199997 75.523773000000006 3 -1 0 0 
1 124.599998 75.523773000000006 3 0 -1 0 
1 124.599998 74.523773000000006 3 1 0 0 
1 125.199997 74.523773000000006 3 0 -1 0 
1 125.199997 74.323775999999995 3 -1 0 0 
1 124.599998 74.323775999999995 3 0 -1 0 
1 124.599998 72.495979000000005 3 1 0 0 
1 127.150002 72.495979000000005 3 0 1 0 
1 127.150002 76.723777999999996 3 -1 0 0 
1 125.800003 76.723777999999996 3 0 1 0 
1 125.800003 76.923775000000006 3 1 0 0 
1 127.150002 76.923775000000006 3 0 1 0 
1 127.150002 79.251571999999996 3 -1 0 0 
1 126.349998 79.251571999999996 3 0 -1 0 
1 126.349998 77.651572999999999 3 -1 0 0 
1 126.150002 77.651572999999999 3 0 1 0 
1 126.150002 79.451576000000003 3 1 0 0 
1 127.150002 79.451576000000003 3 0 1 0 
1 127.150002 80.151572999999999 3 -1 0 0 
1 126.150002 80.151572999999999 3 0 1 0 
1 126.150002 80.351578000000003 3 1 0 0 
1 127.150002 80.351578000000003 3 0 1 0 
1 127.150002 81.001571999999996 3 -1 0 0 
1 124.599998 81.001571999999996 3 0 -1 0 
1 124.599998 79.451576000000003 3 1 0 0 
1 125.349998 79.451576000000003 3 0 1 0 
1 125.349998 80.351578000000003 3 1 0 0 
1 125.550003 80.351578000000003 3 0 -1 0 
1 125.550003 79.451576000000003 3 0 -1 0 
1 125.550003 79.251571999999996 3 -1 0 0 
1 124.599998 79.251571999999996 3 0 -1 0 
1 124.599998 77.501571999999996 3 -1 0 0 
1 122.449997 77.501571999999996 3 0 -1 0 
1 122.449997 76.901572999999999 3 -1 0 0 
1 122.25 76.901572999999999 3 0 1 0 
1 122.25 77.501571999999996 3 -1 0 0 
1 120.699997 77.501571999999996 3 0 -1 0 
1 120.699997 72.495979000000005 3 1 0 0 
1 124.400002 72.495979000000005 3 0 1 0 
1 124.400002 75.723777999999996 3 1 0 0 
1 125 75.723777999999996 3 0 1 0 
1 138 81.001571999999996 3 -1 0 0 
1 134.300003 81.001571999999996 3 0 -1 0 
1 134.300003 77.701576000000003 3 1 0 0 
1 138 77.701576000000003 3 0 1 0 
1 138.60000600000001 76.723777999999996 3 -1 0 0 
1 138 76.723777999999996 3 0 1 0 
1 138 76.923775000000006 3 1 0 0 
1 138.800003 76.923775000000006 3 0 -1 0 
1 138.800003 75.523773000000006 3 -1 0 0 
1 138.199997 75.523773000000006 3 0 -1 0 
1 138.199997 74.523773000000006 3 1 0 0 
1 138.800003 74.523773000000006 3 0 -1 0 
1 138.800003 74.323775999999995 3 -1 0 0 
1 138.199997 74.323775999999995 3 0 -1 0 
1 138.199997 72.495979000000005 3 1 0 0 
1 140.75 72.495979000000005 3 0 1 0 
1 140.75 76.723777999999996 3 -1 0 0 
1 139.39999399999999 76.723777999999996 3 0 1 0 
1 139.39999399999999 76.923775000000006 3 1 0 0 
1 140.75 76.923775000000006 3 0 1 0 
1 140.75 79.251571999999996 3 -1 0 0 
1 139.949997 79.251571999999996 3 0 -1 0 
1 139.949997 77.651572999999999 3 -1 0 0 
1 139.75 77.651572999999999 3 0 1 0 
1 139.75 79.451576000000003 3 1 0 0 
1 140.75 79.451576000000003 3 0 1 0 
1 140.75 80.151572999999999 3 -1 0 0 
1 139.75 80.151572999999999 3 0 1 0 
1 139.75 80.351578000000003 3 1 0 0 
1 140.75 80.351578000000003 3 0 1 0 
1 140.75 81.001571999999996 3 -1 0 0 
1 138.199997 81.001571999999996 3 0 -1 0 
1 138.199997 79.451576000000003 3 1 0 0 
1 138.949997 79.451576000000003 3 0 1 0 
1 138.949997 80.351578000000003 3 1 0 0 
1 139.14999399999999 80.351578000000003 3 0 -1 0 
1 139.14999399999999 79.451576000000003 3 0 -1 0 
1 139.14999399999999 79.251571999999996 3 -1 0 0 
1 138.199997 79.251571999999996 3 0 -1 0 
1 138.199997 77.501571999999996 3 -1 0 0 
1 136.050003 77.501571999999996 3 0 -1 0 
1 136.050003 76.901572999999999 3 -1 0 0 
1 135.85000600000001 76.901572999999999 3 0 1 0 
1 135.85000600000001 77.501571999999996 3 -1 0 0 
1 134.300003 77.501571999999996 3 0 -1 0 
1 134.300003 72.495979000000005 3 1 0 0 
1 138 72.495979000000005 3 0 1 0 
1 138 75.723777999999996 3 1 0 0 
1 138.60000600000001 75.723777999999996 3 0 1 0 
1 151.60000600000001 81.001571999999996 3 -1 0 0 
1 147.89999399999999 81.001571999999996 3 0 -1 0 
1 147.89999399999999 77.701576000000003 3 1 0 0 
1 151.60000600000001 77.701576000000003 3 0 1 0 
1 152.199997 76.723777999999996 3 -1 0 0 
1 151.60000600000001 76.723777999999996 3 0 1 0 
1 151.60000600000001 76.923775000000006 3 1 0 0 
1 152.39999399999999 76.923775000000006 3 0 -1 0 
1 152.39999399999999 75.523773000000006 3 -1 0 0 
1 151.800003 75.523773000000006 3 0 -1 0 
1 151.800003 74.523773000000006 3 1 0 0 
1 152.39999399999999 74.523773000000006 3 0 -1 0 
1 152.39999399999999 74.323775999999995 3 -1 0 0 
1 151.800003 74.323775999999995 3 0 -1 0 
1 151.800003 72.495979000000005 3 1 0 0 
1 154.35000600000001 72.495979000000005 3 0 1 0 
1 154.35000600000001 76.723777999999996 3 -1 0 0 
1 153 76.723777999999996 3 0 1 0 
1 153 76.923775000000006 3 1 0 0 
1 154.35000600000001 76.923775000000006 3 0 1 0 
1 154.35000600000001 79.251571999999996 3 -1 0 0 
1 153.550003 79.251571999999996 3 0 -1 0 
1 153.550003 77.651572999999999 3 -1 0 0 
1 153.35000600000001 77.651572999999999 3 0 1 0 
1 153.35000600000001 79.451576000000003 3 1 0 0 
1 154.35000600000001 79.451576000000003 3 0 1 0 
1 154.35000600000001 80.151572999999999 3 -1 0 0 
1 153.35000600000001 80.151572999999999 3 0 1 0 
1 153.35000600000001 80.351578000000003 3 1 0 0 
1 154.35000600000001 80.351578000000003 3 0 1 0 
1 154.35000600000001 81.001571999999996 3 -1 0 0 
1 151.800003 81.001571999999996 3 0 -1 0 
1 151.800003 79.451576000000003 3 1 0 0 
1 152.550003 79.451576000000003 3 0 1 0 
1 152.550003 80.351578000000003 3 1 0 0 
1 152.75 80.351578000000003 3 0 -1 0 
1 152.75 79.451576000000003 3 0 -1 0 
1 152.75 79.251571999999996 3 -1 0 0 
1 151.800003 79.251571999999996 3 0 -1 0 
1 151.800003 77.501571999999996 3 -1 0 0 
1 149.64999399999999 77.501571999999996 3 0 -1 0 
1 149.64999399999999 76.901572999999999 3 -1 0 0 
1 149.449997 76.901572999999999 3 0 1 0 
1 149.449997 77.501571999999996 3 -1 0 0 
1 147.89999399999999 77.501571999999996 3 0 -1 0 
1 147.89999399999999 72.495979000000005 3 1 0 0 
1 151.60000600000001 72.495979000000005 3 0 1 0 
1 151.60000600000001 75.723777999999996 3 1 0 0 
1 152.199997 75.723777999999996 3 0 1 0 
1 90.150002000000001 59.849997999999999 3 0 -1 0 
1 90.150002000000001 50.349997999999999 3 1 0 0 
1 99.650002000000001 50.349997999999999 3 0 1 0 
1 99.650002000000001 59.849997999999999 3 -1 0 0 
1 98.199996999999996 59.849997999999999 3 0 1 0 
1 98.199996999999996 60.200001 3 1 0 0 
1 98.599997999999999 60.200001 3 0 1 0 
1 98.599997999999999 63.145977000000002 3 -1 0 0 
1 90.150002000000001 63.145977000000002 3 0 -1 0 
1 90.150002000000001 60.200001 3 1 0 0 
1 97.300003000000004 60.200001 3 0 -1 0 
1 97.300003000000004 59.849997999999999 3 -1 0 0 
1 96.800003000000004 72.495979000000005 3 1 0 0 
1 103.25 72.495979000000005 3 0 1 0 
1 103.25 75.148773000000006 3 1 0 0 
1 103.599998 75.148773000000006 3 0 -1 0 
1 103.599998 72.495979000000005 3 1 0 0 
1 106.75 72.495979000000005 3 0 1 0 
1 106.75 81.001571999999996 3 -1 0 0 
1 103.599998 81.001571999999996 3 0 -1 0 
1 103.599998 75.948775999999995 3 -1 0 0 
1 103.25 75.948775999999995 3 0 1 0 
1 103.25 81.001571999999996 3 -1 0 0 
1 96.800003000000004 81.001571999999996 3 0 -1 0 
1 161.5 72.495979000000005 3 1 0 0 
1 164.64999399999999 72.495979000000005 3 0 1 0 
1 164.64999399999999 75.148773000000006 3 1 0 0 
1 165 75.148773000000006 3 0 -1 0 
1 165 72.495979000000005 3 1 0 0 
1 171.39999399999999 72.495979000000005 3 0 1 0 
1 171.39999399999999 81.001571999999996 3 -1 0 0 
1 165 81.001571999999996 3 0 -1 0 
1 165 75.948775999999995 3 -1 0 0 
1 164.64999399999999 75.948775999999995 3 0 1 0 
1 164.64999399999999 81.001571999999996 3 -1 0 0 
1 161.5 81.001571999999996 3 0 -1 0 
Polygon3D 0
PolygonOnTriangulations 0
Surfaces 19
1 157.02662615175626 76.642004486860102 3.0000000000000013 0 0 1 1 0 -0 -0 1 0 
1 159.29999549999999 79.351573999999999 3 0 0 1 1 0 -0 -0 1 0 
1 143.4266318138225 76.642005536610611 3.0000000000000013 0 0 1 1 0 -0 -0 1 0 
1 145.70000450000001 79.351573999999999 3 0 0 1 1 0 -0 -0 1 0 
1 129.8266286392419 76.642004424816946 3.0000000000000013 0 0 1 1 0 -0 -0 1 0 
1 132.0999985 79.351573999999999 3 0 0 1 1 0 -0 -0 1 0 
1 116.22662907486794 76.642005001482531 2.9999999999999996 0 0 1 1 0 -0 -0 1 0 
1 118.5 79.351573999999999 3 0 0 1 1 0 -0 -0 1 0 
1 108.9500005 79.351573999999999 3 0 0 1 1 0 -0 -0 1 0 
1 111.22337174833899 76.642004815723439 2.9999999999999996 0 0 1 1 0 -0 -0 1 0 
1 122.54999949999998 79.351573999999999 3 0 0 1 1 0 -0 -0 1 0 
1 124.82337063776318 76.642005579174665 2.9999999999999996 0 0 1 1 0 -0 -0 1 0 
1 136.1500015 79.351574000000014 3 0 0 1 1 0 -0 -0 1 0 
1 138.42337136075818 76.642004424816861 3 0 0 1 1 0 -0 -0 1 0 
1 149.74999999999997 79.351573999999999 3 0 0 1 1 0 -0 -0 1 0 
1 152.02337239840898 76.642005165522463 3 0 0 1 1 0 -0 -0 1 0 
1 94.647023840496331 57.518980806839743 3.0000000000000004 0 0 1 1 0 -0 -0 1 0 
1 102.26099655970391 76.769417017317053 3.0000000000000004 0 0 1 1 0 -0 -0 1 0 
1 165.97044819413804 76.769456178239693 3.0000000000000004 0 0 1 1 0 -0 -0 1 0 
Triangulations 0

TShapes 895
Ve
1e-07
156.850006 76.723778 3
0 0

0101101
*
Ve
1e-07
156.850006 75.723778 3
0 0

0101101
*
Ed
 1e-07 1 1 0
1  1 0 0 1
2  1 1 0 0 1
0

0101000
+895 0 -894 0 *
Ve
1e-07
157.449997 75.723778 3
0 0

0101101
*
Ed
 1e-07 1 1 0
1  2 0 0 0.599990999999989
2  2 1 0 0 0.599990999999989
0

0101000
+894 0 -892 0 *
Ve
1e-07
157.449997 72.495979 3
0 0

0101101
*
Ed
 1e-07 1 1 0
1  3 0 0 3.22779899999999
2  3 1 0 0 3.22779899999999
0

0101000
+892 0 -890 0 *
Ve
1e-07
161.149994 72.495979 3
0 0

0101101
*
Ed
 1e-07 1 1 0
1  4 0 0 3.699997
2  4 1 0 0 3.699997
0

0101000
+890 0 -888 0 *
Ve
1e-07
161.149994 77.501572 3
0 0

0101101
*
Ed
 1e-07 1 1 0
1  5 0 0 5.00559299999999
2  5 1 0 0 5.00559299999999
0

0101000
+888 0 -886 0 *
Ve
1e-07
159.600006 77.501572 3
0 0

0101101
*
Ed
 1e-07 1 1 0
1  6 0 0 1.54998799999998
2  6 1 0 0 1.54998799999998
0

0101000
+886 0 -884 0 *
Ve
1e-07
159.600006 76.901573 3
0 0

0101101
*
Ed
 1e-07 1 1 0
1  7 0 0 0.599998999999997
2  7 1 0 0 0.599998999999997
0

0101000
+884 0 -882 0 *
Ve
1e-07
159.399994 76.901573 3
0 0

0101101
*
Ed
 1e-07 1 1 0
1  8 0 0 0.200012000000015
2  8 1 0 0 0.200012000000015
0

0101000
+882 0 -880 0 *
Ve
1e-07
159.399994 77.501572 3
0 0

0101101
*
Ed
 1e-07 1 1 0
1  9 0 0 0.599998999999997
2  9 1 0 0 0.599998999999997
0

0101000
+880 0 -878 0 *
Ve
1e-07
157.25 77.501572 3
0 0

0101101
*
Ed
 1e-07 1 1 0
1  10 0 0 2.14999399999999
2  10 1 0 0 2.14999399999999
0

0101000
+878 0 -876 0 *
Ve
1e-07
157.25 79.251572 3
0 0

0101101
*
Ed
 1e-07 1 1 0
1  11 0 0 1.75
2  11 1 0 0 1.75
0

0101000
+876 0 -874 0 *
Ve
1e-07
156.300003 79.251572 3
0 0

0101101
*
Ed
 1e-07 1 1 0
1  12 0 0 0.949996999999996
2  12 1 0 0 0.949996999999996
0

0101000
+874 0 -872 0 *
Ve
1e-07
156.300003 79.451576 3
0 0

0101101
*
Ed
 1e-07 1 1 0
1  13 0 0 0.200004000000007
2  13 1 0 0 0.200004000000007
0

0101000
+872 0 -870 0 *
Ve
1e-07
156.300003 80.351578 3
0 0

0101101
*
Ed
 1e-07 1 1 0
1  14 0 0 0.900002000000001
2  14 1 0 0 0.900002000000001
0

0101000
+870 0 -868 0 *
Ve
1e-07
156.5 80.351578 3
0 0

0101101
*
Ed
 1e-07 1 1 0
1  15 0 0 0.199996999999996
2  15 1 0 0 0.199996999999996
0

0101000
+868 0 -866 0 *
Ve
1e-07
156.5 79.451576 3
0 0

0101101
*
Ed
 1e-07 1 1 0
1  16 0 0 0.900002000000001
2  16 1 0 0 0.900002000000001
0

0101000
+866 0 -864 0 *
Ve
1e-07
157.25 79.451576 3
0 0

0101101
*
Ed
 1e-07 1 1 0
1  17 0 0 0.75
2  17 1 0 0 0.75
0

0101000
+864 0 -862 0 *
Ve
1e-07
157.25 81.001572 3
0 0

0101101
*
Ed
 1e-07 1 1 0
1  18 0 0 1.54999599999999
2  18 1 0 0 1.54999599999999
0

0101000
+862 0 -860 0 *
Ve
1e-07
154.699997 81.001572 3
0 0

0101101
*
Ed
 1e-07 1 1 0
1  19 0 0 2.550003
2  19 1 0 0 2.550003
0

0101000
+860 0 -858 0 *
Ve
1e-07
154.699997 80.351578 3
0 0

0101101
*
Ed
 1e-07 1 1 0
1  20 0 0 0.649993999999992
2  20 1 0 0 0.649993999999992
0

0101000
+858 0 -856 0 *
Ve
1e-07
155.699997 80.351578 3
0 0

0101101
*
Ed
 1e-07 1 1 0
1  21 0 0 1
2  21 1 0 0 1
0

0101000
+856 0 -854 0 *
Ve
1e-07
155.699997 80.151573 3
0 0

0101101
*
Ed
 1e-07 1 1 0
1  22 0 0 0.200005000000004
2  22 1 0 0 0.200005000000004
0

0101000
+854 0 -852 0 *
Ve
1e-07
154.699997 80.151573 3
0 0

0101101
*
Ed
 1e-07 1 1 0
1  23 0 0 1
2  23 1 0 0 1
0

0101000
+852 0 -850 0 *
Ve
1e-07
154.699997 79.451576 3
0 0

0101101
*
Ed
 1e-07 1 1 0
1  24 0 0 0.699996999999996
2  24 1 0 0 0.699996999999996
0

0101000
+850 0 -848 0 *
Ve
1e-07
155.699997 79.451576 3
0 0

0101101
*
Ed
 1e-07 1 1 0
1  25 0 0 1
2  25 1 0 0 1
0

0101000
+848 0 -846 0 *
Ve
1e-07
155.699997 77.651573 3
0 0

0101101
*
Ed
 1e-07 1 1 0
1  26 0 0 1.800003
2  26 1 0 0 1.800003
0

0101000
+846 0 -844 0 *
Ve
1e-07
155.5 77.651573 3
0 0

0101101
*
Ed
 1e-07 1 1 0
1  27 0 0 0.199996999999996
2  27 1 0 0 0.199996999999996
0

0101000
+844 0 -842 0 *
Ve
1e-07
155.5 79.251572 3
0 0

0101101
*
Ed
 1e-07 1 1 0
1  28 0 0 1.599999
2  28 1 0 0 1.599999
0

0101000
+842 0 -840 0 *
Ve
1e-07
154.699997 79.251572 3
0 0

0101101
*
Ed
 1e-07 1 1 0
1  29 0 0 0.800003000000004
2  29 1 0 0 0.800003000000004
0

0101000
+840 0 -838 0 *
Ve
1e-07
154.699997 76.923775 3
0 0

0101101
*
Ed
 1e-07 1 1 0
1  30 0 0 2.32779699999999
2  30 1 0 0 2.32779699999999
0

0101000
+838 0 -836 0 *
Ve
1e-07
156.050003 76.923775 3
0 0

0101101
*
Ed
 1e-07 1 1 0
1  31 0 0 1.35000600000001
2  31 1 0 0 1.35000600000001
0

0101000
+836 0 -834 0 *
Ve
1e-07
156.050003 76.723778 3
0 0

0101101
*
Ed
 1e-07 1 1 0
1  32 0 0 0.19999700000001
2  32 1 0 0 0.19999700000001
0

0101000
+834 0 -832 0 *
Ve
1e-07
154.699997 76.723778 3
0 0

0101101
*
Ed
 1e-07 1 1 0
1  33 0 0 1.35000600000001
2  33 1 0 0 1.35000600000001
0

0101000
+832 0 -830 0 *
Ve
1e-07
154.699997 72.495979 3
0 0

0101101
*
Ed
 1e-07 1 1 0
1  34 0 0 4.22779899999999
2  34 1 0 0 4.22779899999999
0

0101000
+830 0 -828 0 *
Ve
1e-07
157.25 72.495979 3
0 0

0101101
*
Ed
 1e-07 1 1 0
1  35 0 0 2.550003
2  35 1 0 0 2.550003
0

0101000
+828 0 -826 0 *
Ve
1e-07
157.25 74.323776 3
0 0

0101101
*
Ed
 1e-07 1 1 0
1  36 0 0 1.82779699999999
2  36 1 0 0 1.82779699999999
0

0101000
+826 0 -824 0 *
Ve
1e-07
156.649994 74.323776 3
0 0

0101101
*
Ed
 1e-07 1 1 0
1  37 0 0 0.600006000000008
2  37 1 0 0 0.600006000000008
0

0101000
+824 0 -822 0 *
Ve
1e-07
156.649994 74.523773 3
0 0

0101101
*
Ed
 1e-07 1 1 0
1  38 0 0 0.19999700000001
2  38 1 0 0 0.19999700000001
0

0101000
+822 0 -820 0 *
Ve
1e-07
157.25 74.523773 3
0 0

0101101
*
Ed
 1e-07 1 1 0
1  39 0 0 0.600006000000008
2  39 1 0 0 0.600006000000008
0

0101000
+820 0 -818 0 *
Ve
1e-07
157.25 75.523773 3
0 0

0101101
*
Ed
 1e-07 1 1 0
1  40 0 0 1
2  40 1 0 0 1
0

0101000
+818 0 -816 0 *
Ve
1e-07
156.649994 75.523773 3
0 0

0101101
*
Ed
 1e-07 1 1 0
1  41 0 0 0.600006000000008
2  41 1 0 0 0.600006000000008
0

0101000
+816 0 -814 0 *
Ve
1e-07
156.649994 76.923775 3
0 0

0101101
*
Ed
 1e-07 1 1 0
1  42 0 0 1.400002
2  42 1 0 0 1.400002
0

0101000
+814 0 -812 0 *
Ve
1e-07
157.449997 76.923775 3
0 0

0101101
*
Ed
 1e-07 1 1 0
1  43 0 0 0.800003000000004
2  43 1 0 0 0.800003000000004
0

0101000
+812 0 -810 0 *
Ve
1e-07
157.449997 76.723778 3
0 0

0101101
*
Ed
 1e-07 1 1 0
1  44 0 0 0.19999700000001
2  44 1 0 0 0.19999700000001
0

0101000
+810 0 -808 0 *
Ed
 1e-07 1 1 0
1  45 0 0 0.599990999999989
2  45 1 0 0 0.599990999999989
0

0101000
+808 0 -895 0 *
Wi

0101100
+893 0 +891 0 +889 0 +887 0 +885 0 +883 0 +881 0 +879 0 +877 0 +875 0 
+873 0 +871 0 +869 0 +867 0 +865 0 +863 0 +861 0 +859 0 +857 0 +855 0 
+853 0 +851 0 +849 0 +847 0 +845 0 +843 0 +841 0 +839 0 +837 0 +835 0 
+833 0 +831 0 +829 0 +827 0 +825 0 +823 0 +821 0 +819 0 +817 0 +815 0 
+813 0 +811 0 +809 0 +807 0 +806 0 *
Fa
0  1e-07 1 0

0111000
+805 0 *
Ve
1e-07
157.449997 81.001572 3
0 0

0101101
*
Ve
1e-07
157.449997 77.701576 3
0 0

0101101
*
Ed
 1e-07 1 1 0
1  46 0 0 3.29999599999999
2  46 2 0 0 3.29999599999999
0

0101000
+803 0 -802 0 *
Ve
1e-07
161.149994 77.701576 3
0 0

0101101
*
Ed
 1e-07 1 1 0
1  47 0 0 3.699997
2  47 2 0 0 3.699997
0

0101000
+802 0 -800 0 *
Ve
1e-07
161.149994 81.001572 3
0 0

0101101
*
Ed
 1e-07 1 1 0
1  48 0 0 3.29999599999999
2  48 2 0 0 3.29999599999999
0

0101000
+800 0 -798 0 *
Ed
 1e-07 1 1 0
1  49 0 0 3.699997
2  49 2 0 0 3.699997
0

0101000
+798 0 -803 0 *
Wi

0101100
+801 0 +799 0 +797 0 +796 0 *
Fa
0  1e-07 2 0

0111000
+795 0 *
Ve
1e-07
143.25 76.723778 3
0 0

0101101
*
Ve
1e-07
143.25 75.723778 3
0 0

0101101
*
Ed
 1e-07 1 1 0
1  50 0 0 1
2  50 3 0 0 1
0

0101000
+793 0 -792 0 *
Ve
1e-07
143.850006 75.723778 3
0 0

0101101
*
Ed
 1e-07 1 1 0
1  51 0 0 0.600006000000008
2  51 3 0 0 0.600006000000008
0

0101000
+792 0 -790 0 *
Ve
1e-07
143.850006 72.495979 3
0 0

0101101
*
Ed
 1e-07 1 1 0
1  52 0 0 3.22779899999999
2  52 3 0 0 3.22779899999999
0

0101000
+790 0 -788 0 *
Ve
1e-07
147.550003 72.495979 3
0 0

0101101
*
Ed
 1e-07 1 1 0
1  53 0 0 3.699997
2  53 3 0 0 3.699997
0

0101000
+788 0 -786 0 *
Ve
1e-07
147.550003 77.501572 3
0 0

0101101
*
Ed
 1e-07 1 1 0
1  54 0 0 5.00559299999999
2  54 3 0 0 5.00559299999999
0

0101000
+786 0 -784 0 *
Ve
1e-07
146 77.501572 3
0 0

0101101
*
Ed
 1e-07 1 1 0
1  55 0 0 1.550003
2  55 3 0 0 1.550003
0

0101000
+784 0 -782 0 *
Ve
1e-07
146 76.901573 3
0 0

0101101
*
Ed
 1e-07 1 1 0
1  56 0 0 0.599998999999997
2  56 3 0 0 0.599998999999997
0

0101000
+782 0 -780 0 *
Ve
1e-07
145.800003 76.901573 3
0 0

0101101
*
Ed
 1e-07 1 1 0
1  57 0 0 0.199996999999996
2  57 3 0 0 0.199996999999996
0

0101000
+780 0 -778 0 *
Ve
1e-07
145.800003 77.501572 3
0 0

0101101
*
Ed
 1e-07 1 1 0
1  58 0 0 0.599998999999997
2  58 3 0 0 0.599998999999997
0

0101000
+778 0 -776 0 *
Ve
1e-07
143.649994 77.501572 3
0 0

0101101
*
Ed
 1e-07 1 1 0
1  59 0 0 2.15000900000001
2  59 3 0 0 2.15000900000001
0

0101000
+776 0 -774 0 *
Ve
1e-07
143.649994 79.251572 3
0 0

0101101
*
Ed
 1e-07 1 1 0
1  60 0 0 1.75
2  60 3 0 0 1.75
0

0101000
+774 0 -772 0 *
Ve
1e-07
142.699997 79.251572 3
0 0

0101101
*
Ed
 1e-07 1 1 0
1  61 0 0 0.949996999999996
2  61 3 0 0 0.949996999999996
0

0101000
+772 0 -770 0 *
Ve
1e-07
142.699997 79.451576 3
0 0

0101101
*
Ed
 1e-07 1 1 0
1  62 0 0 0.200004000000007
2  62 3 0 0 0.200004000000007
0

0101000
+770 0 -768 0 *
Ve
1e-07
142.699997 80.351578 3
0 0

0101101
*
Ed
 1e-07 1 1 0
1  63 0 0 0.900002000000001
2  63 3 0 0 0.900002000000001
0

0101000
+768 0 -766 0 *
Ve
1e-07
142.899994 80.351578 3
0 0

0101101
*
Ed
 1e-07 1 1 0
1  64 0 0 0.199996999999996
2  64 3 0 0 0.199996999999996
0

0101000
+766 0 -764 0 *
Ve
1e-07
142.899994 79.451576 3
0 0

0101101
*
Ed
 1e-07 1 1 0
1  65 0 0 0.900002000000001
2  65 3 0 0 0.900002000000001
0

0101000
+764 0 -762 0 *
Ve
1e-07
143.649994 79.451576 3
0 0

0101101
*
Ed
 1e-07 1 1 0
1  66 0 0 0.75
2  66 3 0 0 0.75
0

0101000
+762 0 -760 0 *
Ve
1e-07
143.649994 81.001572 3
0 0

0101101
*
Ed
 1e-07 1 1 0
1  67 0 0 1.54999599999999
2  67 3 0 0 1.54999599999999
0

0101000
+760 0 -758 0 *
Ve
1e-07
141.100006 81.001572 3
0 0

0101101
*
Ed
 1e-07 1 1 0
1  68 0 0 2.54998799999998
2  68 3 0 0 2.54998799999998
0

0101000
+758 0 -756 0 *
Ve
1e-07
141.100006 80.351578 3
0 0

0101101
*
Ed
 1e-07 1 1 0
1  69 0 0 0.649993999999992
2  69 3 0 0 0.649993999999992
0

0101000
+756 0 -754 0 *
Ve
1e-07
142.100006 80.351578 3
0 0

0101101
*
Ed
 1e-07 1 1 0
1  70 0 0 1
2  70 3 0 0 1
0

0101000
+754 0 -752 0 *
Ve
1e-07
142.100006 80.151573 3
0 0

0101101
*
Ed
 1e-07 1 1 0
1  71 0 0 0.200005000000004
2  71 3 0 0 0.200005000000004
0

0101000
+752 0 -750 0 *
Ve
1e-07
141.100006 80.151573 3
0 0

0101101
*
Ed
 1e-07 1 1 0
1  72 0 0 1
2  72 3 0 0 1
0

0101000
+750 0 -748 0 *
Ve
1e-07
141.100006 79.451576 3
0 0

0101101
*
Ed
 1e-07 1 1 0
1  73 0 0 0.699996999999996
2  73 3 0 0 0.699996999999996
0

0101000
+748 0 -746 0 *
Ve
1e-07
142.100006 79.451576 3
0 0

0101101
*
Ed
 1e-07 1 1 0
1  74 0 0 1
2  74 3 0 0 1
0

0101000
+746 0 -744 0 *
Ve
1e-07
142.100006 77.651573 3
0 0

0101101
*
Ed
 1e-07 1 1 0
1  75 0 0 1.800003
2  75 3 0 0 1.800003
0

0101000
+744 0 -742 0 *
Ve
1e-07
141.899994 77.651573 3
0 0

0101101
*
Ed
 1e-07 1 1 0
1  76 0 0 0.200012000000015
2  76 3 0 0 0.200012000000015
0

0101000
+742 0 -740 0 *
Ve
1e-07
141.899994 79.251572 3
0 0

0101101
*
Ed
 1e-07 1 1 0
1  77 0 0 1.599999
2  77 3 0 0 1.599999
0

0101000
+740 0 -738 0 *
Ve
1e-07
141.100006 79.251572 3
0 0

0101101
*
Ed
 1e-07 1 1 0
1  78 0 0 0.799987999999985
2  78 3 0 0 0.799987999999985
0

0101000
+738 0 -736 0 *
Ve
1e-07
141.100006 76.923775 3
0 0

0101101
*
Ed
 1e-07 1 1 0
1  79 0 0 2.32779699999999
2  79 3 0 0 2.32779699999999
0

0101000
+736 0 -734 0 *
Ve
1e-07
142.449997 76.923775 3
0 0

0101101
*
Ed
 1e-07 1 1 0
1  80 0 0 1.34999099999999
2  80 3 0 0 1.34999099999999
0

0101000
+734 0 -732 0 *
Ve
1e-07
142.449997 76.723778 3
0 0

0101101
*
Ed
 1e-07 1 1 0
1  81 0 0 0.19999700000001
2  81 3 0 0 0.19999700000001
0

0101000
+732 0 -730 0 *
Ve
1e-07
141.100006 76.723778 3
0 0

0101101
*
Ed
 1e-07 1 1 0
1  82 0 0 1.34999099999999
2  82 3 0 0 1.34999099999999
0

0101000
+730 0 -728 0 *
Ve
1e-07
141.100006 72.495979 3
0 0

0101101
*
Ed
 1e-07 1 1 0
1  83 0 0 4.22779899999999
2  83 3 0 0 4.22779899999999
0

0101000
+728 0 -726 0 *
Ve
1e-07
143.649994 72.495979 3
0 0

0101101
*
Ed
 1e-07 1 1 0
1  84 0 0 2.54998799999998
2  84 3 0 0 2.54998799999998
0

0101000
+726 0 -724 0 *
Ve
1e-07
143.649994 74.323776 3
0 0

0101101
*
Ed
 1e-07 1 1 0
1  85 0 0 1.82779699999999
2  85 3 0 0 1.82779699999999
0

0101000
+724 0 -722 0 *
Ve
1e-07
143.050003 74.323776 3
0 0

0101101
*
Ed
 1e-07 1 1 0
1  86 0 0 0.599990999999989
2  86 3 0 0 0.599990999999989
0

0101000
+722 0 -720 0 *
Ve
1e-07
143.050003 74.523773 3
0 0

0101101
*
Ed
 1e-07 1 1 0
1  87 0 0 0.19999700000001
2  87 3 0 0 0.19999700000001
0

0101000
+720 0 -718 0 *
Ve
1e-07
143.649994 74.523773 3
0 0

0101101
*
Ed
 1e-07 1 1 0
1  88 0 0 0.599990999999989
2  88 3 0 0 0.599990999999989
0

0101000
+718 0 -716 0 *
Ve
1e-07
143.649994 75.523773 3
0 0

0101101
*
Ed
 1e-07 1 1 0
1  89 0 0 1
2  89 3 0 0 1
0

0101000
+716 0 -714 0 *
Ve
1e-07
143.050003 75.523773 3
0 0

0101101
*
Ed
 1e-07 1 1 0
1  90 0 0 0.599990999999989
2  90 3 0 0 0.599990999999989
0

0101000
+714 0 -712 0 *
Ve
1e-07
143.050003 76.923775 3
0 0

0101101
*
Ed
 1e-07 1 1 0
1  91 0 0 1.400002
2  91 3 0 0 1.400002
0

0101000
+712 0 -710 0 *
Ve
1e-07
143.850006 76.923775 3
0 0

0101101
*
Ed
 1e-07 1 1 0
1  92 0 0 0.800003000000004
2  92 3 0 0 0.800003000000004
0

0101000
+710 0 -708 0 *
Ve
1e-07
143.850006 76.723778 3
0 0

0101101
*
Ed
 1e-07 1 1 0
1  93 0 0 0.19999700000001
2  93 3 0 0 0.19999700000001
0

0101000
+708 0 -706 0 *
Ed
 1e-07 1 1 0
1  94 0 0 0.600006000000008
2  94 3 0 0 0.600006000000008
0

0101000
+706 0 -793 0 *
Wi

0101100
+791 0 +789 0 +787 0 +785 0 +783 0 +781 0 +779 0 +777 0 +775 0 +773 0 
+771 0 +769 0 +767 0 +765 0 +763 0 +761 0 +759 0 +757 0 +755 0 +753 0 
+751 0 +749 0 +747 0 +745 0 +743 0 +741 0 +739 0 +737 0 +735 0 +733 0 
+731 0 +729 0 +727 0 +725 0 +723 0 +721 0 +719 0 +717 0 +715 0 +713 0 
+711 0 +709 0 +707 0 +705 0 +704 0 *
Fa
0  1e-07 3 0

0111000
+703 0 *
Ve
1e-07
143.850006 81.001572 3
0 0

0101101
*
Ve
1e-07
143.850006 77.701576 3
0 0

0101101
*
Ed
 1e-07 1 1 0
1  95 0 0 3.29999599999999
2  95 4 0 0 3.29999599999999
0

0101000
+701 0 -700 0 *
Ve
1e-07
147.550003 77.701576 3
0 0

0101101
*
Ed
 1e-07 1 1 0
1  96 0 0 3.699997
2  96 4 0 0 3.699997
0

0101000
+700 0 -698 0 *
Ve
1e-07
147.550003 81.001572 3
0 0

0101101
*
Ed
 1e-07 1 1 0
1  97 0 0 3.29999599999999
2  97 4 0 0 3.29999599999999
0

0101000
+698 0 -696 0 *
Ed
 1e-07 1 1 0
1  98 0 0 3.699997
2  98 4 0 0 3.699997
0

0101000
+696 0 -701 0 *
Wi

0101100
+699 0 +697 0 +695 0 +694 0 *
Fa
0  1e-07 4 0

0111000
+693 0 *
Ve
1e-07
129.649994 76.723778 3
0 0

0101101
*
Ve
1e-07
129.649994 75.723778 3
0 0

0101101
*
Ed
 1e-07 1 1 0
1  99 0 0 1
2  99 5 0 0 1
0

0101000
+691 0 -690 0 *
Ve
1e-07
130.25 75.723778 3
0 0

0101101
*
Ed
 1e-07 1 1 0
1  100 0 0 0.600006000000008
2  100 5 0 0 0.600006000000008
0

0101000
+690 0 -688 0 *
Ve
1e-07
130.25 72.495979 3
0 0

0101101
*
Ed
 1e-07 1 1 0
1  101 0 0 3.22779899999999
2  101 5 0 0 3.22779899999999
0

0101000
+688 0 -686 0 *
Ve
1e-07
133.949997 72.495979 3
0 0

0101101
*
Ed
 1e-07 1 1 0
1  102 0 0 3.699997
2  102 5 0 0 3.699997
0

0101000
+686 0 -684 0 *
Ve
1e-07
133.949997 77.501572 3
0 0

0101101
*
Ed
 1e-07 1 1 0
1  103 0 0 5.00559299999999
2  103 5 0 0 5.00559299999999
0

0101000
+684 0 -682 0 *
Ve
1e-07
132.399994 77.501572 3
0 0

0101101
*
Ed
 1e-07 1 1 0
1  104 0 0 1.550003
2  104 5 0 0 1.550003
0

0101000
+682 0 -680 0 *
Ve
1e-07
132.399994 76.901573 3
0 0

0101101
*
Ed
 1e-07 1 1 0
1  105 0 0 0.599998999999997
2  105 5 0 0 0.599998999999997
0

0101000
+680 0 -678 0 *
Ve
1e-07
132.199997 76.901573 3
0 0

0101101
*
Ed
 1e-07 1 1 0
1  106 0 0 0.199996999999996
2  106 5 0 0 0.199996999999996
0

0101000
+678 0 -676 0 *
Ve
1e-07
132.199997 77.501572 3
0 0

0101101
*
Ed
 1e-07 1 1 0
1  107 0 0 0.599998999999997
2  107 5 0 0 0.599998999999997
0

0101000
+676 0 -674 0 *
Ve
1e-07
130.050003 77.501572 3
0 0

0101101
*
Ed
 1e-07 1 1 0
1  108 0 0 2.14999399999999
2  108 5 0 0 2.14999399999999
0

0101000
+674 0 -672 0 *
Ve
1e-07
130.050003 79.251572 3
0 0

0101101
*
Ed
 1e-07 1 1 0
1  109 0 0 1.75
2  109 5 0 0 1.75
0

0101000
+672 0 -670 0 *
Ve
1e-07
129.100006 79.251572 3
0 0

0101101
*
Ed
 1e-07 1 1 0
1  110 0 0 0.949996999999996
2  110 5 0 0 0.949996999999996
0

0101000
+670 0 -668 0 *
Ve
1e-07
129.100006 79.451576 3
0 0

0101101
*
Ed
 1e-07 1 1 0
1  111 0 0 0.200004000000007
2  111 5 0 0 0.200004000000007
0

0101000
+668 0 -666 0 *
Ve
1e-07
129.100006 80.351578 3
0 0

0101101
*
Ed
 1e-07 1 1 0
1  112 0 0 0.900002000000001
2  112 5 0 0 0.900002000000001
0

0101000
+666 0 -664 0 *
Ve
1e-07
129.300003 80.351578 3
0 0

0101101
*
Ed
 1e-07 1 1 0
1  113 0 0 0.199996999999996
2  113 5 0 0 0.199996999999996
0

0101000
+664 0 -662 0 *
Ve
1e-07
129.300003 79.451576 3
0 0

0101101
*
Ed
 1e-07 1 1 0
1  114 0 0 0.900002000000001
2  114 5 0 0 0.900002000000001
0

0101000
+662 0 -660 0 *
Ve
1e-07
130.050003 79.451576 3
0 0

0101101
*
Ed
 1e-07 1 1 0
1  115 0 0 0.75
2  115 5 0 0 0.75
0

0101000
+660 0 -658 0 *
Ve
1e-07
130.050003 81.001572 3
0 0

0101101
*
Ed
 1e-07 1 1 0
1  116 0 0 1.54999599999999
2  116 5 0 0 1.54999599999999
0

0101000
+658 0 -656 0 *
Ve
1e-07
127.5 81.001572 3
0 0

0101101
*
Ed
 1e-07 1 1 0
1  117 0 0 2.550003
2  117 5 0 0 2.550003
0

0101000
+656 0 -654 0 *
Ve
1e-07
127.5 80.351578 3
0 0

0101101
*
Ed
 1e-07 1 1 0
1  118 0 0 0.649993999999992
2  118 5 0 0 0.649993999999992
0

0101000
+654 0 -652 0 *
Ve
1e-07
128.5 80.351578 3
0 0

0101101
*
Ed
 1e-07 1 1 0
1  119 0 0 1
2  119 5 0 0 1
0

0101000
+652 0 -650 0 *
Ve
1e-07
128.5 80.151573 3
0 0

0101101
*
Ed
 1e-07 1 1 0
1  120 0 0 0.200005000000004
2  120 5 0 0 0.200005000000004
0

0101000
+650 0 -648 0 *
Ve
1e-07
127.5 80.151573 3
0 0

0101101
*
Ed
 1e-07 1 1 0
1  121 0 0 1
2  121 5 0 0 1
0

0101000
+648 0 -646 0 *
Ve
1e-07
127.5 79.451576 3
0 0

0101101
*
Ed
 1e-07 1 1 0
1  122 0 0 0.699996999999996
2  122 5 0 0 0.699996999999996
0

0101000
+646 0 -644 0 *
Ve
1e-07
128.5 79.451576 3
0 0

0101101
*
Ed
 1e-07 1 1 0
1  123 0 0 1
2  123 5 0 0 1
0

0101000
+644 0 -642 0 *
Ve
1e-07
128.5 77.651573 3
0 0

0101101
*
Ed
 1e-07 1 1 0
1  124 0 0 1.800003
2  124 5 0 0 1.800003
0

0101000
+642 0 -640 0 *
Ve
1e-07
128.300003 77.651573 3
0 0

0101101
*
Ed
 1e-07 1 1 0
1  125 0 0 0.199996999999996
2  125 5 0 0 0.199996999999996
0

0101000
+640 0 -638 0 *
Ve
1e-07
128.300003 79.251572 3
0 0

0101101
*
Ed
 1e-07 1 1 0
1  126 0 0 1.599999
2  126 5 0 0 1.599999
0

0101000
+638 0 -636 0 *
Ve
1e-07
127.5 79.251572 3
0 0

0101101
*
Ed
 1e-07 1 1 0
1  127 0 0 0.800003000000004
2  127 5 0 0 0.800003000000004
0

0101000
+636 0 -634 0 *
Ve
1e-07
127.5 76.923775 3
0 0

0101101
*
Ed
 1e-07 1 1 0
1  128 0 0 2.32779699999999
2  128 5 0 0 2.32779699999999
0

0101000
+634 0 -632 0 *
Ve
1e-07
128.850006 76.923775 3
0 0

0101101
*
Ed
 1e-07 1 1 0
1  129 0 0 1.35000600000001
2  129 5 0 0 1.35000600000001
0

0101000
+632 0 -630 0 *
Ve
1e-07
128.850006 76.723778 3
0 0

0101101
*
Ed
 1e-07 1 1 0
1  130 0 0 0.19999700000001
2  130 5 0 0 0.19999700000001
0

0101000
+630 0 -628 0 *
Ve
1e-07
127.5 76.723778 3
0 0

0101101
*
Ed
 1e-07 1 1 0
1  131 0 0 1.35000600000001
2  131 5 0 0 1.35000600000001
0

0101000
+628 0 -626 0 *
Ve
1e-07
127.5 72.495979 3
0 0

0101101
*
Ed
 1e-07 1 1 0
1  132 0 0 4.22779899999999
2  132 5 0 0 4.22779899999999
0

0101000
+626 0 -624 0 *
Ve
1e-07
130.050003 72.495979 3
0 0

0101101
*
Ed
 1e-07 1 1 0
1  133 0 0 2.550003
2  133 5 0 0 2.550003
0

0101000
+624 0 -622 0 *
Ve
1e-07
130.050003 74.323776 3
0 0

0101101
*
Ed
 1e-07 1 1 0
1  134 0 0 1.82779699999999
2  134 5 0 0 1.82779699999999
0

0101000
+622 0 -620 0 *
Ve
1e-07
129.449997 74.323776 3
0 0

0101101
*
Ed
 1e-07 1 1 0
1  135 0 0 0.600006000000008
2  135 5 0 0 0.600006000000008
0

0101000
+620 0 -618 0 *
Ve
1e-07
129.449997 74.523773 3
0 0

0101101
*
Ed
 1e-07 1 1 0
1  136 0 0 0.19999700000001
2  136 5 0 0 0.19999700000001
0

0101000
+618 0 -616 0 *
Ve
1e-07
130.050003 74.523773 3
0 0

0101101
*
Ed
 1e-07 1 1 0
1  137 0 0 0.600006000000008
2  137 5 0 0 0.600006000000008
0

0101000
+616 0 -614 0 *
Ve
1e-07
130.050003 75.523773 3
0 0

0101101
*
Ed
 1e-07 1 1 0
1  138 0 0 1
2  138 5 0 0 1
0

0101000
+614 0 -612 0 *
Ve
1e-07
129.449997 75.523773 3
0 0

0101101
*
Ed
 1e-07 1 1 0
1  139 0 0 0.600006000000008
2  139 5 0 0 0.600006000000008
0

0101000
+612 0 -610 0 *
Ve
1e-07
129.449997 76.923775 3
0 0

0101101
*
Ed
 1e-07 1 1 0
1  140 0 0 1.400002
2  140 5 0 0 1.400002
0

0101000
+610 0 -608 0 *
Ve
1e-07
130.25 76.923775 3
0 0

0101101
*
Ed
 1e-07 1 1 0
1  141 0 0 0.800003000000004
2  141 5 0 0 0.800003000000004
0

0101000
+608 0 -606 0 *
Ve
1e-07
130.25 76.723778 3
0 0

0101101
*
Ed
 1e-07 1 1 0
1  142 0 0 0.19999700000001
2  142 5 0 0 0.19999700000001
0

0101000
+606 0 -604 0 *
Ed
 1e-07 1 1 0
1  143 0 0 0.600006000000008
2  143 5 0 0 0.600006000000008
0

0101000
+604 0 -691 0 *
Wi

0101100
+689 0 +687 0 +685 0 +683 0 +681 0 +679 0 +677 0 +675 0 +673 0 +671 0 
+669 0 +667 0 +665 0 +663 0 +661 0 +659 0 +657 0 +655 0 +653 0 +651 0 
+649 0 +647 0 +645 0 +643 0 +641 0 +639 0 +637 0 +635 0 +633 0 +631 0 
+629 0 +627 0 +625 0 +623 0 +621 0 +619 0 +617 0 +615 0 +613 0 +611 0 
+609 0 +607 0 +605 0 +603 0 +602 0 *
Fa
0  1e-07 5 0

0111000
+601 0 *
Ve
1e-07
130.25 81.001572 3
0 0

0101101
*
Ve
1e-07
130.25 77.701576 3
0 0

0101101
*
Ed
 1e-07 1 1 0
1  144 0 0 3.29999599999999
2  144 6 0 0 3.29999599999999
0

0101000
+599 0 -598 0 *
Ve
1e-07
133.949997 77.701576 3
0 0

0101101
*
Ed
 1e-07 1 1 0
1  145 0 0 3.699997
2  145 6 0 0 3.699997
0

0101000
+598 0 -596 0 *
Ve
1e-07
133.949997 81.001572 3
0 0

0101101
*
Ed
 1e-07 1 1 0
1  146 0 0 3.29999599999999
2  146 6 0 0 3.29999599999999
0

0101000
+596 0 -594 0 *
Ed
 1e-07 1 1 0
1  147 0 0 3.699997
2  147 6 0 0 3.699997
0

0101000
+594 0 -599 0 *
Wi

0101100
+597 0 +595 0 +593 0 +592 0 *
Fa
0  1e-07 6 0

0111000
+591 0 *
Ve
1e-07
116.050003 76.723778 3
0 0

0101101
*
Ve
1e-07
116.050003 75.723778 3
0 0

0101101
*
Ed
 1e-07 1 1 0
1  148 0 0 1
2  148 7 0 0 1
0

0101000
+589 0 -588 0 *
Ve
1.00000014210855e-07
116.650002 75.723778 3
0 0

0101101
*
Ed
 1e-07 1 1 0
1  149 0 0 0.599998999999997
2  149 7 0 0 0.599998999999997
0

0101000
+588 0 -586 0 *
Ve
1.00000014210855e-07
116.650002 72.495979 3
0 0

0101101
*
Ed
 1e-07 1 1 0
1  150 0 0 3.22779899999999
2  150 7 0 0 3.22779899999999
0

0101000
+586 0 -584 0 *
Ve
1.00000014210855e-07
120.349998 72.495979 3
0 0

0101101
*
Ed
 1e-07 1 1 0
1  151 0 0 3.699996
2  151 7 0 0 3.699996
0

0101000
+584 0 -582 0 *
Ve
1.00000014210855e-07
120.349998 77.501572 3
0 0

0101101
*
Ed
 1e-07 1 1 0
1  152 0 0 5.00559299999999
2  152 7 0 0 5.00559299999999
0

0101000
+582 0 -580 0 *
Ve
1e-07
118.800003 77.501572 3
0 0

0101101
*
Ed
 1e-07 1 1 0
1  153 0 0 1.549995
2  153 7 0 0 1.549995
0

0101000
+580 0 -578 0 *
Ve
1e-07
118.800003 76.901573 3
0 0

0101101
*
Ed
 1e-07 1 1 0
1  154 0 0 0.599998999999997
2  154 7 0 0 0.599998999999997
0

0101000
+578 0 -576 0 *
Ve
1.00000014210855e-07
118.599998 76.901573 3
0 0

0101101
*
Ed
 1e-07 1 1 0
1  155 0 0 0.200005000000004
2  155 7 0 0 0.200005000000004
0

0101000
+576 0 -574 0 *
Ve
1.00000014210855e-07
118.599998 77.501572 3
0 0

0101101
*
Ed
 1e-07 1 1 0
1  156 0 0 0.599998999999997
2  156 7 0 0 0.599998999999997
0

0101000
+574 0 -572 0 *
Ve
1e-07
116.449997 77.501572 3
0 0

0101101
*
Ed
 1e-07 1 1 0
1  157 0 0 2.150001
2  157 7 0 0 2.150001
0

0101000
+572 0 -570 0 *
Ve
1e-07
116.449997 79.251572 3
0 0

0101101
*
Ed
 1e-07 1 1 0
1  158 0 0 1.75
2  158 7 0 0 1.75
0

0101000
+570 0 -568 0 *
Ve
1e-07
115.5 79.251572 3
0 0

0101101
*
Ed
 1e-07 1 1 0
1  159 0 0 0.949996999999996
2  159 7 0 0 0.949996999999996
0

0101000
+568 0 -566 0 *
Ve
1e-07
115.5 79.451576 3
0 0

0101101
*
Ed
 1e-07 1 1 0
1  160 0 0 0.200004000000007
2  160 7 0 0 0.200004000000007
0

0101000
+566 0 -564 0 *
Ve
1e-07
115.5 80.351578 3
0 0

0101101
*
Ed
 1e-07 1 1 0
1  161 0 0 0.900002000000001
2  161 7 0 0 0.900002000000001
0

0101000
+564 0 -562 0 *
Ve
1e-07
115.699997 80.351578 3
0 0

0101101
*
Ed
 1e-07 1 1 0
1  162 0 0 0.199996999999996
2  162 7 0 0 0.199996999999996
0

0101000
+562 0 -560 0 *
Ve
1e-07
115.699997 79.451576 3
0 0

0101101
*
Ed
 1e-07 1 1 0
1  163 0 0 0.900002000000001
2  163 7 0 0 0.900002000000001
0

0101000
+560 0 -558 0 *
Ve
1e-07
116.449997 79.451576 3
0 0

0101101
*
Ed
 1e-07 1 1 0
1  164 0 0 0.75
2  164 7 0 0 0.75
0

0101000
+558 0 -556 0 *
Ve
1e-07
116.449997 81.001572 3
0 0

0101101
*
Ed
 1e-07 1 1 0
1  165 0 0 1.54999599999999
2  165 7 0 0 1.54999599999999
0

0101000
+556 0 -554 0 *
Ve
1.00000014210855e-07
113.900002 81.001572 3
0 0

0101101
*
Ed
 1e-07 1 1 0
1  166 0 0 2.549995
2  166 7 0 0 2.549995
0

0101000
+554 0 -552 0 *
Ve
1.00000014210855e-07
113.900002 80.351578 3
0 0

0101101
*
Ed
 1e-07 1 1 0
1  167 0 0 0.649993999999992
2  167 7 0 0 0.649993999999992
0

0101000
+552 0 -550 0 *
Ve
1.00000014210855e-07
114.900002 80.351578 3
0 0

0101101
*
Ed
 1e-07 1 1 0
1  168 0 0 1
2  168 7 0 0 1
0

0101000
+550 0 -548 0 *
Ve
1.00000014210855e-07
114.900002 80.151573 3
0 0

0101101
*
Ed
 1e-07 1 1 0
1  169 0 0 0.200005000000004
2  169 7 0 0 0.200005000000004
0

0101000
+548 0 -546 0 *
Ve
1.00000014210855e-07
113.900002 80.151573 3
0 0

0101101
*
Ed
 1e-07 1 1 0
1  170 0 0 1
2  170 7 0 0 1
0

0101000
+546 0 -544 0 *
Ve
1.00000014210855e-07
113.900002 79.451576 3
0 0

0101101
*
Ed
 1e-07 1 1 0
1  171 0 0 0.699996999999996
2  171 7 0 0 0.699996999999996
0

0101000
+544 0 -542 0 *
Ve
1.00000014210855e-07
114.900002 79.451576 3
0 0

0101101
*
Ed
 1e-07 1 1 0
1  172 0 0 1
2  172 7 0 0 1
0

0101000
+542 0 -540 0 *
Ve
1.00000014210855e-07
114.900002 77.651573 3
0 0

0101101
*
Ed
 1e-07 1 1 0
1  173 0 0 1.800003
2  173 7 0 0 1.800003
0

0101000
+540 0 -538 0 *
Ve
1e-07
114.699997 77.651573 3
0 0

0101101
*
Ed
 1e-07 1 1 0
1  174 0 0 0.200005000000004
2  174 7 0 0 0.200005000000004
0

0101000
+538 0 -536 0 *
Ve
1e-07
114.699997 79.251572 3
0 0

0101101
*
Ed
 1e-07 1 1 0
1  175 0 0 1.599999
2  175 7 0 0 1.599999
0

0101000
+536 0 -534 0 *
Ve
1.00000014210855e-07
113.900002 79.251572 3
0 0

0101101
*
Ed
 1e-07 1 1 0
1  176 0 0 0.799994999999996
2  176 7 0 0 0.799994999999996
0

0101000
+534 0 -532 0 *
Ve
1.00000014210855e-07
113.900002 76.923775 3
0 0

0101101
*
Ed
 1e-07 1 1 0
1  177 0 0 2.32779699999999
2  177 7 0 0 2.32779699999999
0

0101000
+532 0 -530 0 *
Ve
1e-07
115.25 76.923775 3
0 0

0101101
*
Ed
 1e-07 1 1 0
1  178 0 0 1.349998
2  178 7 0 0 1.349998
0

0101000
+530 0 -528 0 *
Ve
1e-07
115.25 76.723778 3
0 0

0101101
*
Ed
 1e-07 1 1 0
1  179 0 0 0.19999700000001
2  179 7 0 0 0.19999700000001
0

0101000
+528 0 -526 0 *
Ve
1.00000014210855e-07
113.900002 76.723778 3
0 0

0101101
*
Ed
 1e-07 1 1 0
1  180 0 0 1.349998
2  180 7 0 0 1.349998
0

0101000
+526 0 -524 0 *
Ve
1.00000014210855e-07
113.900002 72.495979 3
0 0

0101101
*
Ed
 1e-07 1 1 0
1  181 0 0 4.22779899999999
2  181 7 0 0 4.22779899999999
0

0101000
+524 0 -522 0 *
Ve
1e-07
116.449997 72.495979 3
0 0

0101101
*
Ed
 1e-07 1 1 0
1  182 0 0 2.549995
2  182 7 0 0 2.549995
0

0101000
+522 0 -520 0 *
Ve
1e-07
116.449997 74.323776 3
0 0

0101101
*
Ed
 1e-07 1 1 0
1  183 0 0 1.82779699999999
2  183 7 0 0 1.82779699999999
0

0101000
+520 0 -518 0 *
Ve
1.00000014210855e-07
115.849998 74.323776 3
0 0

0101101
*
Ed
 1e-07 1 1 0
1  184 0 0 0.599998999999997
2  184 7 0 0 0.599998999999997
0

0101000
+518 0 -516 0 *
Ve
1.00000014210855e-07
115.849998 74.523773 3
0 0

0101101
*
Ed
 1e-07 1 1 0
1  185 0 0 0.19999700000001
2  185 7 0 0 0.19999700000001
0

0101000
+516 0 -514 0 *
Ve
1e-07
116.449997 74.523773 3
0 0

0101101
*
Ed
 1e-07 1 1 0
1  186 0 0 0.599998999999997
2  186 7 0 0 0.599998999999997
0

0101000
+514 0 -512 0 *
Ve
1e-07
116.449997 75.523773 3
0 0

0101101
*
Ed
 1e-07 1 1 0
1  187 0 0 1
2  187 7 0 0 1
0

0101000
+512 0 -510 0 *
Ve
1.00000014210855e-07
115.849998 75.523773 3
0 0

0101101
*
Ed
 1e-07 1 1 0
1  188 0 0 0.599998999999997
2  188 7 0 0 0.599998999999997
0

0101000
+510 0 -508 0 *
Ve
1.00000014210855e-07
115.849998 76.923775 3
0 0

0101101
*
Ed
 1e-07 1 1 0
1  189 0 0 1.400002
2  189 7 0 0 1.400002
0

0101000
+508 0 -506 0 *
Ve
1.00000014210855e-07
116.650002 76.923775 3
0 0

0101101
*
Ed
 1e-07 1 1 0
1  190 0 0 0.800004000000001
2  190 7 0 0 0.800004000000001
0

0101000
+506 0 -504 0 *
Ve
1.00000014210855e-07
116.650002 76.723778 3
0 0

0101101
*
Ed
 1e-07 1 1 0
1  191 0 0 0.19999700000001
2  191 7 0 0 0.19999700000001
0

0101000
+504 0 -502 0 *
Ed
 1e-07 1 1 0
1  192 0 0 0.599998999999997
2  192 7 0 0 0.599998999999997
0

0101000
+502 0 -589 0 *
Wi

0101100
+587 0 +585 0 +583 0 +581 0 +579 0 +577 0 +575 0 +573 0 +571 0 +569 0 
+567 0 +565 0 +563 0 +561 0 +559 0 +557 0 +555 0 +553 0 +551 0 +549 0 
+547 0 +545 0 +543 0 +541 0 +539 0 +537 0 +535 0 +533 0 +531 0 +529 0 
+527 0 +525 0 +523 0 +521 0 +519 0 +517 0 +515 0 +513 0 +511 0 +509 0 
+507 0 +505 0 +503 0 +501 0 +500 0 *
Fa
0  1e-07 7 0

0111000
+499 0 *
Ve
1.00000014210855e-07
116.650002 81.001572 3
0 0

0101101
*
Ve
1.00000014210855e-07
116.650002 77.701576 3
0 0

0101101
*
Ed
 1e-07 1 1 0
1  193 0 0 3.29999599999999
2  193 8 0 0 3.29999599999999
0

0101000
+497 0 -496 0 *
Ve
1.00000014210855e-07
120.349998 77.701576 3
0 0

0101101
*
Ed
 1e-07 1 1 0
1  194 0 0 3.699996
2  194 8 0 0 3.699996
0

0101000
+496 0 -494 0 *
Ve
1.00000014210855e-07
120.349998 81.001572 3
0 0

0101101
*
Ed
 1e-07 1 1 0
1  195 0 0 3.29999599999999
2  195 8 0 0 3.29999599999999
0

0101000
+494 0 -492 0 *
Ed
 1e-07 1 1 0
1  196 0 0 3.699996
2  196 8 0 0 3.699996
0

0101000
+492 0 -497 0 *
Wi

0101100
+495 0 +493 0 +491 0 +490 0 *
Fa
0  1e-07 8 0

0111000
+489 0 *
Ve
1e-07
110.800003 81.001572 3
0 0

0101101
*
Ve
1.00000014210855e-07
107.099998 81.001572 3
0 0

0101101
*
Ed
 1e-07 1 1 0
1  197 0 0 3.700005
2  197 9 0 0 3.700005
0

0101000
+487 0 -486 0 *
Ve
1.00000014210855e-07
107.099998 77.701576 3
0 0

0101101
*
Ed
 1e-07 1 1 0
1  198 0 0 3.29999599999999
2  198 9 0 0 3.29999599999999
0

0101000
+486 0 -484 0 *
Ve
1e-07
110.800003 77.701576 3
0 0

0101101
*
Ed
 1e-07 1 1 0
1  199 0 0 3.700005
2  199 9 0 0 3.700005
0

0101000
+484 0 -482 0 *
Ed
 1e-07 1 1 0
1  200 0 0 3.29999599999999
2  200 9 0 0 3.29999599999999
0

0101000
+482 0 -487 0 *
Wi

0101100
+485 0 +483 0 +481 0 +480 0 *
Fa
0  1e-07 9 0

0111000
+479 0 *
Ve
1.00000014210855e-07
111.400002 76.723778 3
0 0

0101101
*
Ve
1e-07
110.800003 76.723778 3
0 0

0101101
*
Ed
 1e-07 1 1 0
1  201 0 0 0.599998999999997
2  201 10 0 0 0.599998999999997
0

0101000
+477 0 -476 0 *
Ve
1e-07
110.800003 76.923775 3
0 0

0101101
*
Ed
 1e-07 1 1 0
1  202 0 0 0.19999700000001
2  202 10 0 0 0.19999700000001
0

0101000
+476 0 -474 0 *
Ve
1.00000014210855e-07
111.599998 76.923775 3
0 0

0101101
*
Ed
 1e-07 1 1 0
1  203 0 0 0.799994999999996
2  203 10 0 0 0.799994999999996
0

0101000
+474 0 -472 0 *
Ve
1.00000014210855e-07
111.599998 75.523773 3
0 0

0101101
*
Ed
 1e-07 1 1 0
1  204 0 0 1.400002
2  204 10 0 0 1.400002
0

0101000
+472 0 -470 0 *
Ve
1e-07
111 75.523773 3
0 0

0101101
*
Ed
 1e-07 1 1 0
1  205 0 0 0.599997999999999
2  205 10 0 0 0.599997999999999
0

0101000
+470 0 -468 0 *
Ve
1e-07
111 74.523773 3
0 0

0101101
*
Ed
 1e-07 1 1 0
1  206 0 0 1
2  206 10 0 0 1
0

0101000
+468 0 -466 0 *
Ve
1.00000014210855e-07
111.599998 74.523773 3
0 0

0101101
*
Ed
 1e-07 1 1 0
1  207 0 0 0.599997999999999
2  207 10 0 0 0.599997999999999
0

0101000
+466 0 -464 0 *
Ve
1.00000014210855e-07
111.599998 74.323776 3
0 0

0101101
*
Ed
 1e-07 1 1 0
1  208 0 0 0.19999700000001
2  208 10 0 0 0.19999700000001
0

0101000
+464 0 -462 0 *
Ve
1e-07
111 74.323776 3
0 0

0101101
*
Ed
 1e-07 1 1 0
1  209 0 0 0.599997999999999
2  209 10 0 0 0.599997999999999
0

0101000
+462 0 -460 0 *
Ve
1e-07
111 72.495979 3
0 0

0101101
*
Ed
 1e-07 1 1 0
1  210 0 0 1.82779699999999
2  210 10 0 0 1.82779699999999
0

0101000
+460 0 -458 0 *
Ve
1e-07
113.550003 72.495979 3
0 0

0101101
*
Ed
 1e-07 1 1 0
1  211 0 0 2.550003
2  211 10 0 0 2.550003
0

0101000
+458 0 -456 0 *
Ve
1e-07
113.550003 76.723778 3
0 0

0101101
*
Ed
 1e-07 1 1 0
1  212 0 0 4.22779899999999
2  212 10 0 0 4.22779899999999
0

0101000
+456 0 -454 0 *
Ve
1e-07
112.199997 76.723778 3
0 0

0101101
*
Ed
 1e-07 1 1 0
1  213 0 0 1.35000600000001
2  213 10 0 0 1.35000600000001
0

0101000
+454 0 -452 0 *
Ve
1e-07
112.199997 76.923775 3
0 0

0101101
*
Ed
 1e-07 1 1 0
1  214 0 0 0.19999700000001
2  214 10 0 0 0.19999700000001
0

0101000
+452 0 -450 0 *
Ve
1e-07
113.550003 76.923775 3
0 0

0101101
*
Ed
 1e-07 1 1 0
1  215 0 0 1.35000600000001
2  215 10 0 0 1.35000600000001
0

0101000
+450 0 -448 0 *
Ve
1e-07
113.550003 79.251572 3
0 0

0101101
*
Ed
 1e-07 1 1 0
1  216 0 0 2.32779699999999
2  216 10 0 0 2.32779699999999
0

0101000
+448 0 -446 0 *
Ve
1e-07
112.75 79.251572 3
0 0

0101101
*
Ed
 1e-07 1 1 0
1  217 0 0 0.800003000000004
2  217 10 0 0 0.800003000000004
0

0101000
+446 0 -444 0 *
Ve
1e-07
112.75 77.651573 3
0 0

0101101
*
Ed
 1e-07 1 1 0
1  218 0 0 1.599999
2  218 10 0 0 1.599999
0

0101000
+444 0 -442 0 *
Ve
1e-07
112.550003 77.651573 3
0 0

0101101
*
Ed
 1e-07 1 1 0
1  219 0 0 0.199996999999996
2  219 10 0 0 0.199996999999996
0

0101000
+442 0 -440 0 *
Ve
1e-07
112.550003 79.451576 3
0 0

0101101
*
Ed
 1e-07 1 1 0
1  220 0 0 1.800003
2  220 10 0 0 1.800003
0

0101000
+440 0 -438 0 *
Ve
1e-07
113.550003 79.451576 3
0 0

0101101
*
Ed
 1e-07 1 1 0
1  221 0 0 1
2  221 10 0 0 1
0

0101000
+438 0 -436 0 *
Ve
1e-07
113.550003 80.151573 3
0 0

0101101
*
Ed
 1e-07 1 1 0
1  222 0 0 0.699996999999996
2  222 10 0 0 0.699996999999996
0

0101000
+436 0 -434 0 *
Ve
1e-07
112.550003 80.151573 3
0 0

0101101
*
Ed
 1e-07 1 1 0
1  223 0 0 1
2  223 10 0 0 1
0

0101000
+434 0 -432 0 *
Ve
1e-07
112.550003 80.351578 3
0 0

0101101
*
Ed
 1e-07 1 1 0
1  224 0 0 0.200005000000004
2  224 10 0 0 0.200005000000004
0

0101000
+432 0 -430 0 *
Ve
1e-07
113.550003 80.351578 3
0 0

0101101
*
Ed
 1e-07 1 1 0
1  225 0 0 1
2  225 10 0 0 1
0

0101000
+430 0 -428 0 *
Ve
1e-07
113.550003 81.001572 3
0 0

0101101
*
Ed
 1e-07 1 1 0
1  226 0 0 0.649993999999992
2  226 10 0 0 0.649993999999992
0

0101000
+428 0 -426 0 *
Ve
1e-07
111 81.001572 3
0 0

0101101
*
Ed
 1e-07 1 1 0
1  227 0 0 2.550003
2  227 10 0 0 2.550003
0

0101000
+426 0 -424 0 *
Ve
1e-07
111 79.451576 3
0 0

0101101
*
Ed
 1e-07 1 1 0
1  228 0 0 1.54999599999999
2  228 10 0 0 1.54999599999999
0

0101000
+424 0 -422 0 *
Ve
1e-07
111.75 79.451576 3
0 0

0101101
*
Ed
 1e-07 1 1 0
1  229 0 0 0.75
2  229 10 0 0 0.75
0

0101000
+422 0 -420 0 *
Ve
1e-07
111.75 80.351578 3
0 0

0101101
*
Ed
 1e-07 1 1 0
1  230 0 0 0.900002000000001
2  230 10 0 0 0.900002000000001
0

0101000
+420 0 -418 0 *
Ve
1e-07
111.949997 80.351578 3
0 0

0101101
*
Ed
 1e-07 1 1 0
1  231 0 0 0.199996999999996
2  231 10 0 0 0.199996999999996
0

0101000
+418 0 -416 0 *
Ve
1e-07
111.949997 79.451576 3
0 0

0101101
*
Ed
 1e-07 1 1 0
1  232 0 0 0.900002000000001
2  232 10 0 0 0.900002000000001
0

0101000
+416 0 -414 0 *
Ve
1e-07
111.949997 79.251572 3
0 0

0101101
*
Ed
 1e-07 1 1 0
1  233 0 0 0.200004000000007
2  233 10 0 0 0.200004000000007
0

0101000
+414 0 -412 0 *
Ve
1e-07
111 79.251572 3
0 0

0101101
*
Ed
 1e-07 1 1 0
1  234 0 0 0.949996999999996
2  234 10 0 0 0.949996999999996
0

0101000
+412 0 -410 0 *
Ve
1e-07
111 77.501572 3
0 0

0101101
*
Ed
 1e-07 1 1 0
1  235 0 0 1.75
2  235 10 0 0 1.75
0

0101000
+410 0 -408 0 *
Ve
1.00000014210855e-07
108.849998 77.501572 3
0 0

0101101
*
Ed
 1e-07 1 1 0
1  236 0 0 2.150002
2  236 10 0 0 2.150002
0

0101000
+408 0 -406 0 *
Ve
1.00000014210855e-07
108.849998 76.901573 3
0 0

0101101
*
Ed
 1e-07 1 1 0
1  237 0 0 0.599998999999997
2  237 10 0 0 0.599998999999997
0

0101000
+406 0 -404 0 *
Ve
1.00000014210855e-07
108.650002 76.901573 3
0 0

0101101
*
Ed
 1e-07 1 1 0
1  238 0 0 0.199995999999999
2  238 10 0 0 0.199995999999999
0

0101000
+404 0 -402 0 *
Ve
1.00000014210855e-07
108.650002 77.501572 3
0 0

0101101
*
Ed
 1e-07 1 1 0
1  239 0 0 0.599998999999997
2  239 10 0 0 0.599998999999997
0

0101000
+402 0 -400 0 *
Ve
1.00000014210855e-07
107.099998 77.501572 3
0 0

0101101
*
Ed
 1e-07 1 1 0
1  240 0 0 1.550004
2  240 10 0 0 1.550004
0

0101000
+400 0 -398 0 *
Ve
1.00000014210855e-07
107.099998 72.495979 3
0 0

0101101
*
Ed
 1e-07 1 1 0
1  241 0 0 5.00559299999999
2  241 10 0 0 5.00559299999999
0

0101000
+398 0 -396 0 *
Ve
1e-07
110.800003 72.495979 3
0 0

0101101
*
Ed
 1e-07 1 1 0
1  242 0 0 3.700005
2  242 10 0 0 3.700005
0

0101000
+396 0 -394 0 *
Ve
1e-07
110.800003 75.723778 3
0 0

0101101
*
Ed
 1e-07 1 1 0
1  243 0 0 3.22779899999999
2  243 10 0 0 3.22779899999999
0

0101000
+394 0 -392 0 *
Ve
1.00000014210855e-07
111.400002 75.723778 3
0 0

0101101
*
Ed
 1e-07 1 1 0
1  244 0 0 0.599998999999997
2  244 10 0 0 0.599998999999997
0

0101000
+392 0 -390 0 *
Ed
 1e-07 1 1 0
1  245 0 0 1
2  245 10 0 0 1
0

0101000
+390 0 -477 0 *
Wi

0101100
+475 0 +473 0 +471 0 +469 0 +467 0 +465 0 +463 0 +461 0 +459 0 +457 0 
+455 0 +453 0 +451 0 +449 0 +447 0 +445 0 +443 0 +441 0 +439 0 +437 0 
+435 0 +433 0 +431 0 +429 0 +427 0 +425 0 +423 0 +421 0 +419 0 +417 0 
+415 0 +413 0 +411 0 +409 0 +407 0 +405 0 +403 0 +401 0 +399 0 +397 0 
+395 0 +393 0 +391 0 +389 0 +388 0 *
Fa
0  1e-07 10 0

0111000
+387 0 *
Ve
1.00000014210855e-07
124.400002 81.001572 3
0 0

0101101
*
Ve
1e-07
120.699997 81.001572 3
0 0

0101101
*
Ed
 1e-07 1 1 0
1  246 0 0 3.700005
2  246 11 0 0 3.700005
0

0101000
+385 0 -384 0 *
Ve
1e-07
120.699997 77.701576 3
0 0

0101101
*
Ed
 1e-07 1 1 0
1  247 0 0 3.29999599999999
2  247 11 0 0 3.29999599999999
0

0101000
+384 0 -382 0 *
Ve
1.00000014210855e-07
124.400002 77.701576 3
0 0

0101101
*
Ed
 1e-07 1 1 0
1  248 0 0 3.700005
2  248 11 0 0 3.700005
0

0101000
+382 0 -380 0 *
Ed
 1e-07 1 1 0
1  249 0 0 3.29999599999999
2  249 11 0 0 3.29999599999999
0

0101000
+380 0 -385 0 *
Wi

0101100
+383 0 +381 0 +379 0 +378 0 *
Fa
0  1e-07 11 0

0111000
+377 0 *
Ve
1e-07
125 76.723778 3
0 0

0101101
*
Ve
1.00000014210855e-07
124.400002 76.723778 3
0 0

0101101
*
Ed
 1e-07 1 1 0
1  250 0 0 0.599997999999999
2  250 12 0 0 0.599997999999999
0

0101000
+375 0 -374 0 *
Ve
1.00000014210855e-07
124.400002 76.923775 3
0 0

0101101
*
Ed
 1e-07 1 1 0
1  251 0 0 0.19999700000001
2  251 12 0 0 0.19999700000001
0

0101000
+374 0 -372 0 *
Ve
1e-07
125.199997 76.923775 3
0 0

0101101
*
Ed
 1e-07 1 1 0
1  252 0 0 0.799994999999996
2  252 12 0 0 0.799994999999996
0

0101000
+372 0 -370 0 *
Ve
1e-07
125.199997 75.523773 3
0 0

0101101
*
Ed
 1e-07 1 1 0
1  253 0 0 1.400002
2  253 12 0 0 1.400002
0

0101000
+370 0 -368 0 *
Ve
1.00000014210855e-07
124.599998 75.523773 3
0 0

0101101
*
Ed
 1e-07 1 1 0
1  254 0 0 0.599998999999997
2  254 12 0 0 0.599998999999997
0

0101000
+368 0 -366 0 *
Ve
1.00000014210855e-07
124.599998 74.523773 3
0 0

0101101
*
Ed
 1e-07 1 1 0
1  255 0 0 1
2  255 12 0 0 1
0

0101000
+366 0 -364 0 *
Ve
1e-07
125.199997 74.523773 3
0 0

0101101
*
Ed
 1e-07 1 1 0
1  256 0 0 0.599998999999997
2  256 12 0 0 0.599998999999997
0

0101000
+364 0 -362 0 *
Ve
1e-07
125.199997 74.323776 3
0 0

0101101
*
Ed
 1e-07 1 1 0
1  257 0 0 0.19999700000001
2  257 12 0 0 0.19999700000001
0

0101000
+362 0 -360 0 *
Ve
1.00000014210855e-07
124.599998 74.323776 3
0 0

0101101
*
Ed
 1e-07 1 1 0
1  258 0 0 0.599998999999997
2  258 12 0 0 0.599998999999997
0

0101000
+360 0 -358 0 *
Ve
1.00000014210855e-07
124.599998 72.495979 3
0 0

0101101
*
Ed
 1e-07 1 1 0
1  259 0 0 1.82779699999999
2  259 12 0 0 1.82779699999999
0

0101000
+358 0 -356 0 *
Ve
1.00000014210855e-07
127.150002 72.495979 3
0 0

0101101
*
Ed
 1e-07 1 1 0
1  260 0 0 2.550004
2  260 12 0 0 2.550004
0

0101000
+356 0 -354 0 *
Ve
1.00000014210855e-07
127.150002 76.723778 3
0 0

0101101
*
Ed
 1e-07 1 1 0
1  261 0 0 4.22779899999999
2  261 12 0 0 4.22779899999999
0

0101000
+354 0 -352 0 *
Ve
1e-07
125.800003 76.723778 3
0 0

0101101
*
Ed
 1e-07 1 1 0
1  262 0 0 1.349999
2  262 12 0 0 1.349999
0

0101000
+352 0 -350 0 *
Ve
1e-07
125.800003 76.923775 3
0 0

0101101
*
Ed
 1e-07 1 1 0
1  263 0 0 0.19999700000001
2  263 12 0 0 0.19999700000001
0

0101000
+350 0 -348 0 *
Ve
1.00000014210855e-07
127.150002 76.923775 3
0 0

0101101
*
Ed
 1e-07 1 1 0
1  264 0 0 1.349999
2  264 12 0 0 1.349999
0

0101000
+348 0 -346 0 *
Ve
1.00000014210855e-07
127.150002 79.251572 3
0 0

0101101
*
Ed
 1e-07 1 1 0
1  265 0 0 2.32779699999999
2  265 12 0 0 2.32779699999999
0

0101000
+346 0 -344 0 *
Ve
1.00000014210855e-07
126.349998 79.251572 3
0 0

0101101
*
Ed
 1e-07 1 1 0
1  266 0 0 0.800004000000001
2  266 12 0 0 0.800004000000001
0

0101000
+344 0 -342 0 *
Ve
1.00000014210855e-07
126.349998 77.651573 3
0 0

0101101
*
Ed
 1e-07 1 1 0
1  267 0 0 1.599999
2  267 12 0 0 1.599999
0

0101000
+342 0 -340 0 *
Ve
1.00000014210855e-07
126.150002 77.651573 3
0 0

0101101
*
Ed
 1e-07 1 1 0
1  268 0 0 0.199995999999999
2  268 12 0 0 0.199995999999999
0

0101000
+340 0 -338 0 *
Ve
1.00000014210855e-07
126.150002 79.451576 3
0 0

0101101
*
Ed
 1e-07 1 1 0
1  269 0 0 1.800003
2  269 12 0 0 1.800003
0

0101000
+338 0 -336 0 *
Ve
1.00000014210855e-07
127.150002 79.451576 3
0 0

0101101
*
Ed
 1e-07 1 1 0
1  270 0 0 1
2  270 12 0 0 1
0

0101000
+336 0 -334 0 *
Ve
1.00000014210855e-07
127.150002 80.151573 3
0 0

0101101
*
Ed
 1e-07 1 1 0
1  271 0 0 0.699996999999996
2  271 12 0 0 0.699996999999996
0

0101000
+334 0 -332 0 *
Ve
1.00000014210855e-07
126.150002 80.151573 3
0 0

0101101
*
Ed
 1e-07 1 1 0
1  272 0 0 1
2  272 12 0 0 1
0

0101000
+332 0 -330 0 *
Ve
1.00000014210855e-07
126.150002 80.351578 3
0 0

0101101
*
Ed
 1e-07 1 1 0
1  273 0 0 0.200005000000004
2  273 12 0 0 0.200005000000004
0

0101000
+330 0 -328 0 *
Ve
1.00000014210855e-07
127.150002 80.351578 3
0 0

0101101
*
Ed
 1e-07 1 1 0
1  274 0 0 1
2  274 12 0 0 1
0

0101000
+328 0 -326 0 *
Ve
1.00000014210855e-07
127.150002 81.001572 3
0 0

0101101
*
Ed
 1e-07 1 1 0
1  275 0 0 0.649993999999992
2  275 12 0 0 0.649993999999992
0

0101000
+326 0 -324 0 *
Ve
1.00000014210855e-07
124.599998 81.001572 3
0 0

0101101
*
Ed
 1e-07 1 1 0
1  276 0 0 2.550004
2  276 12 0 0 2.550004
0

0101000
+324 0 -322 0 *
Ve
1.00000014210855e-07
124.599998 79.451576 3
0 0

0101101
*
Ed
 1e-07 1 1 0
1  277 0 0 1.54999599999999
2  277 12 0 0 1.54999599999999
0

0101000
+322 0 -320 0 *
Ve
1.00000014210855e-07
125.349998 79.451576 3
0 0

0101101
*
Ed
 1e-07 1 1 0
1  278 0 0 0.75
2  278 12 0 0 0.75
0

0101000
+320 0 -318 0 *
Ve
1.00000014210855e-07
125.349998 80.351578 3
0 0

0101101
*
Ed
 1e-07 1 1 0
1  279 0 0 0.900002000000001
2  279 12 0 0 0.900002000000001
0

0101000
+318 0 -316 0 *
Ve
1e-07
125.550003 80.351578 3
0 0

0101101
*
Ed
 1e-07 1 1 0
1  280 0 0 0.200005000000004
2  280 12 0 0 0.200005000000004
0

0101000
+316 0 -314 0 *
Ve
1e-07
125.550003 79.451576 3
0 0

0101101
*
Ed
 1e-07 1 1 0
1  281 0 0 0.900002000000001
2  281 12 0 0 0.900002000000001
0

0101000
+314 0 -312 0 *
Ve
1e-07
125.550003 79.251572 3
0 0

0101101
*
Ed
 1e-07 1 1 0
1  282 0 0 0.200004000000007
2  282 12 0 0 0.200004000000007
0

0101000
+312 0 -310 0 *
Ve
1.00000014210855e-07
124.599998 79.251572 3
0 0

0101101
*
Ed
 1e-07 1 1 0
1  283 0 0 0.950005000000004
2  283 12 0 0 0.950005000000004
0

0101000
+310 0 -308 0 *
Ve
1.00000014210855e-07
124.599998 77.501572 3
0 0

0101101
*
Ed
 1e-07 1 1 0
1  284 0 0 1.75
2  284 12 0 0 1.75
0

0101000
+308 0 -306 0 *
Ve
1e-07
122.449997 77.501572 3
0 0

0101101
*
Ed
 1e-07 1 1 0
1  285 0 0 2.150001
2  285 12 0 0 2.150001
0

0101000
+306 0 -304 0 *
Ve
1e-07
122.449997 76.901573 3
0 0

0101101
*
Ed
 1e-07 1 1 0
1  286 0 0 0.599998999999997
2  286 12 0 0 0.599998999999997
0

0101000
+304 0 -302 0 *
Ve
1e-07
122.25 76.901573 3
0 0

0101101
*
Ed
 1e-07 1 1 0
1  287 0 0 0.199996999999996
2  287 12 0 0 0.199996999999996
0

0101000
+302 0 -300 0 *
Ve
1e-07
122.25 77.501572 3
0 0

0101101
*
Ed
 1e-07 1 1 0
1  288 0 0 0.599998999999997
2  288 12 0 0 0.599998999999997
0

0101000
+300 0 -298 0 *
Ve
1e-07
120.699997 77.501572 3
0 0

0101101
*
Ed
 1e-07 1 1 0
1  289 0 0 1.550003
2  289 12 0 0 1.550003
0

0101000
+298 0 -296 0 *
Ve
1e-07
120.699997 72.495979 3
0 0

0101101
*
Ed
 1e-07 1 1 0
1  290 0 0 5.00559299999999
2  290 12 0 0 5.00559299999999
0

0101000
+296 0 -294 0 *
Ve
1.00000014210855e-07
124.400002 72.495979 3
0 0

0101101
*
Ed
 1e-07 1 1 0
1  291 0 0 3.700005
2  291 12 0 0 3.700005
0

0101000
+294 0 -292 0 *
Ve
1.00000014210855e-07
124.400002 75.723778 3
0 0

0101101
*
Ed
 1e-07 1 1 0
1  292 0 0 3.22779899999999
2  292 12 0 0 3.22779899999999
0

0101000
+292 0 -290 0 *
Ve
1e-07
125 75.723778 3
0 0

0101101
*
Ed
 1e-07 1 1 0
1  293 0 0 0.599997999999999
2  293 12 0 0 0.599997999999999
0

0101000
+290 0 -288 0 *
Ed
 1e-07 1 1 0
1  294 0 0 1
2  294 12 0 0 1
0

0101000
+288 0 -375 0 *
Wi

0101100
+373 0 +371 0 +369 0 +367 0 +365 0 +363 0 +361 0 +359 0 +357 0 +355 0 
+353 0 +351 0 +349 0 +347 0 +345 0 +343 0 +341 0 +339 0 +337 0 +335 0 
+333 0 +331 0 +329 0 +327 0 +325 0 +323 0 +321 0 +319 0 +317 0 +315 0 
+313 0 +311 0 +309 0 +307 0 +305 0 +303 0 +301 0 +299 0 +297 0 +295 0 
+293 0 +291 0 +289 0 +287 0 +286 0 *
Fa
0  1e-07 12 0

0111000
+285 0 *
Ve
1e-07
138 81.001572 3
0 0

0101101
*
Ve
1e-07
134.300003 81.001572 3
0 0

0101101
*
Ed
 1e-07 1 1 0
1  295 0 0 3.699997
2  295 13 0 0 3.699997
0

0101000
+283 0 -282 0 *
Ve
1e-07
134.300003 77.701576 3
0 0

0101101
*
Ed
 1e-07 1 1 0
1  296 0 0 3.29999599999999
2  296 13 0 0 3.29999599999999
0

0101000
+282 0 -280 0 *
Ve
1e-07
138 77.701576 3
0 0

0101101
*
Ed
 1e-07 1 1 0
1  297 0 0 3.699997
2  297 13 0 0 3.699997
0

0101000
+280 0 -278 0 *
Ed
 1e-07 1 1 0
1  298 0 0 3.29999599999999
2  298 13 0 0 3.29999599999999
0

0101000
+278 0 -283 0 *
Wi

0101100
+281 0 +279 0 +277 0 +276 0 *
Fa
0  1e-07 13 0

0111000
+275 0 *
Ve
1e-07
138.600006 76.723778 3
0 0

0101101
*
Ve
1e-07
138 76.723778 3
0 0

0101101
*
Ed
 1e-07 1 1 0
1  299 0 0 0.600006000000008
2  299 14 0 0 0.600006000000008
0

0101000
+273 0 -272 0 *
Ve
1e-07
138 76.923775 3
0 0

0101101
*
Ed
 1e-07 1 1 0
1  300 0 0 0.19999700000001
2  300 14 0 0 0.19999700000001
0

0101000
+272 0 -270 0 *
Ve
1e-07
138.800003 76.923775 3
0 0

0101101
*
Ed
 1e-07 1 1 0
1  301 0 0 0.800003000000004
2  301 14 0 0 0.800003000000004
0

0101000
+270 0 -268 0 *
Ve
1e-07
138.800003 75.523773 3
0 0

0101101
*
Ed
 1e-07 1 1 0
1  302 0 0 1.400002
2  302 14 0 0 1.400002
0

0101000
+268 0 -266 0 *
Ve
1e-07
138.199997 75.523773 3
0 0

0101101
*
Ed
 1e-07 1 1 0
1  303 0 0 0.600006000000008
2  303 14 0 0 0.600006000000008
0

0101000
+266 0 -264 0 *
Ve
1e-07
138.199997 74.523773 3
0 0

0101101
*
Ed
 1e-07 1 1 0
1  304 0 0 1
2  304 14 0 0 1
0

0101000
+264 0 -262 0 *
Ve
1e-07
138.800003 74.523773 3
0 0

0101101
*
Ed
 1e-07 1 1 0
1  305 0 0 0.600006000000008
2  305 14 0 0 0.600006000000008
0

0101000
+262 0 -260 0 *
Ve
1e-07
138.800003 74.323776 3
0 0

0101101
*
Ed
 1e-07 1 1 0
1  306 0 0 0.19999700000001
2  306 14 0 0 0.19999700000001
0

0101000
+260 0 -258 0 *
Ve
1e-07
138.199997 74.323776 3
0 0

0101101
*
Ed
 1e-07 1 1 0
1  307 0 0 0.600006000000008
2  307 14 0 0 0.600006000000008
0

0101000
+258 0 -256 0 *
Ve
1e-07
138.199997 72.495979 3
0 0

0101101
*
Ed
 1e-07 1 1 0
1  308 0 0 1.82779699999999
2  308 14 0 0 1.82779699999999
0

0101000
+256 0 -254 0 *
Ve
1e-07
140.75 72.495979 3
0 0

0101101
*
Ed
 1e-07 1 1 0
1  309 0 0 2.550003
2  309 14 0 0 2.550003
0

0101000
+254 0 -252 0 *
Ve
1e-07
140.75 76.723778 3
0 0

0101101
*
Ed
 1e-07 1 1 0
1  310 0 0 4.22779899999999
2  310 14 0 0 4.22779899999999
0

0101000
+252 0 -250 0 *
Ve
1e-07
139.399994 76.723778 3
0 0

0101101
*
Ed
 1e-07 1 1 0
1  311 0 0 1.35000600000001
2  311 14 0 0 1.35000600000001
0

0101000
+250 0 -248 0 *
Ve
1e-07
139.399994 76.923775 3
0 0

0101101
*
Ed
 1e-07 1 1 0
1  312 0 0 0.19999700000001
2  312 14 0 0 0.19999700000001
0

0101000
+248 0 -246 0 *
Ve
1e-07
140.75 76.923775 3
0 0

0101101
*
Ed
 1e-07 1 1 0
1  313 0 0 1.35000600000001
2  313 14 0 0 1.35000600000001
0

0101000
+246 0 -244 0 *
Ve
1e-07
140.75 79.251572 3
0 0

0101101
*
Ed
 1e-07 1 1 0
1  314 0 0 2.32779699999999
2  314 14 0 0 2.32779699999999
0

0101000
+244 0 -242 0 *
Ve
1e-07
139.949997 79.251572 3
0 0

0101101
*
Ed
 1e-07 1 1 0
1  315 0 0 0.800003000000004
2  315 14 0 0 0.800003000000004
0

0101000
+242 0 -240 0 *
Ve
1e-07
139.949997 77.651573 3
0 0

0101101
*
Ed
 1e-07 1 1 0
1  316 0 0 1.599999
2  316 14 0 0 1.599999
0

0101000
+240 0 -238 0 *
Ve
1e-07
139.75 77.651573 3
0 0

0101101
*
Ed
 1e-07 1 1 0
1  317 0 0 0.199996999999996
2  317 14 0 0 0.199996999999996
0

0101000
+238 0 -236 0 *
Ve
1e-07
139.75 79.451576 3
0 0

0101101
*
Ed
 1e-07 1 1 0
1  318 0 0 1.800003
2  318 14 0 0 1.800003
0

0101000
+236 0 -234 0 *
Ve
1e-07
140.75 79.451576 3
0 0

0101101
*
Ed
 1e-07 1 1 0
1  319 0 0 1
2  319 14 0 0 1
0

0101000
+234 0 -232 0 *
Ve
1e-07
140.75 80.151573 3
0 0

0101101
*
Ed
 1e-07 1 1 0
1  320 0 0 0.699996999999996
2  320 14 0 0 0.699996999999996
0

0101000
+232 0 -230 0 *
Ve
1e-07
139.75 80.151573 3
0 0

0101101
*
Ed
 1e-07 1 1 0
1  321 0 0 1
2  321 14 0 0 1
0

0101000
+230 0 -228 0 *
Ve
1e-07
139.75 80.351578 3
0 0

0101101
*
Ed
 1e-07 1 1 0
1  322 0 0 0.200005000000004
2  322 14 0 0 0.200005000000004
0

0101000
+228 0 -226 0 *
Ve
1e-07
140.75 80.351578 3
0 0

0101101
*
Ed
 1e-07 1 1 0
1  323 0 0 1
2  323 14 0 0 1
0

0101000
+226 0 -224 0 *
Ve
1e-07
140.75 81.001572 3
0 0

0101101
*
Ed
 1e-07 1 1 0
1  324 0 0 0.649993999999992
2  324 14 0 0 0.649993999999992
0

0101000
+224 0 -222 0 *
Ve
1e-07
138.199997 81.001572 3
0 0

0101101
*
Ed
 1e-07 1 1 0
1  325 0 0 2.550003
2  325 14 0 0 2.550003
0

0101000
+222 0 -220 0 *
Ve
1e-07
138.199997 79.451576 3
0 0

0101101
*
Ed
 1e-07 1 1 0
1  326 0 0 1.54999599999999
2  326 14 0 0 1.54999599999999
0

0101000
+220 0 -218 0 *
Ve
1e-07
138.949997 79.451576 3
0 0

0101101
*
Ed
 1e-07 1 1 0
1  327 0 0 0.75
2  327 14 0 0 0.75
0

0101000
+218 0 -216 0 *
Ve
1e-07
138.949997 80.351578 3
0 0

0101101
*
Ed
 1e-07 1 1 0
1  328 0 0 0.900002000000001
2  328 14 0 0 0.900002000000001
0

0101000
+216 0 -214 0 *
Ve
1e-07
139.149994 80.351578 3
0 0

0101101
*
Ed
 1e-07 1 1 0
1  329 0 0 0.199996999999996
2  329 14 0 0 0.199996999999996
0

0101000
+214 0 -212 0 *
Ve
1e-07
139.149994 79.451576 3
0 0

0101101
*
Ed
 1e-07 1 1 0
1  330 0 0 0.900002000000001
2  330 14 0 0 0.900002000000001
0

0101000
+212 0 -210 0 *
Ve
1e-07
139.149994 79.251572 3
0 0

0101101
*
Ed
 1e-07 1 1 0
1  331 0 0 0.200004000000007
2  331 14 0 0 0.200004000000007
0

0101000
+210 0 -208 0 *
Ve
1e-07
138.199997 79.251572 3
0 0

0101101
*
Ed
 1e-07 1 1 0
1  332 0 0 0.949996999999996
2  332 14 0 0 0.949996999999996
0

0101000
+208 0 -206 0 *
Ve
1e-07
138.199997 77.501572 3
0 0

0101101
*
Ed
 1e-07 1 1 0
1  333 0 0 1.75
2  333 14 0 0 1.75
0

0101000
+206 0 -204 0 *
Ve
1e-07
136.050003 77.501572 3
0 0

0101101
*
Ed
 1e-07 1 1 0
1  334 0 0 2.14999399999999
2  334 14 0 0 2.14999399999999
0

0101000
+204 0 -202 0 *
Ve
1e-07
136.050003 76.901573 3
0 0

0101101
*
Ed
 1e-07 1 1 0
1  335 0 0 0.599998999999997
2  335 14 0 0 0.599998999999997
0

0101000
+202 0 -200 0 *
Ve
1e-07
135.850006 76.901573 3
0 0

0101101
*
Ed
 1e-07 1 1 0
1  336 0 0 0.199996999999996
2  336 14 0 0 0.199996999999996
0

0101000
+200 0 -198 0 *
Ve
1e-07
135.850006 77.501572 3
0 0

0101101
*
Ed
 1e-07 1 1 0
1  337 0 0 0.599998999999997
2  337 14 0 0 0.599998999999997
0

0101000
+198 0 -196 0 *
Ve
1e-07
134.300003 77.501572 3
0 0

0101101
*
Ed
 1e-07 1 1 0
1  338 0 0 1.550003
2  338 14 0 0 1.550003
0

0101000
+196 0 -194 0 *
Ve
1e-07
134.300003 72.495979 3
0 0

0101101
*
Ed
 1e-07 1 1 0
1  339 0 0 5.00559299999999
2  339 14 0 0 5.00559299999999
0

0101000
+194 0 -192 0 *
Ve
1e-07
138 72.495979 3
0 0

0101101
*
Ed
 1e-07 1 1 0
1  340 0 0 3.699997
2  340 14 0 0 3.699997
0

0101000
+192 0 -190 0 *
Ve
1e-07
138 75.723778 3
0 0

0101101
*
Ed
 1e-07 1 1 0
1  341 0 0 3.22779899999999
2  341 14 0 0 3.22779899999999
0

0101000
+190 0 -188 0 *
Ve
1e-07
138.600006 75.723778 3
0 0

0101101
*
Ed
 1e-07 1 1 0
1  342 0 0 0.600006000000008
2  342 14 0 0 0.600006000000008
0

0101000
+188 0 -186 0 *
Ed
 1e-07 1 1 0
1  343 0 0 1
2  343 14 0 0 1
0

0101000
+186 0 -273 0 *
Wi

0101100
+271 0 +269 0 +267 0 +265 0 +263 0 +261 0 +259 0 +257 0 +255 0 +253 0 
+251 0 +249 0 +247 0 +245 0 +243 0 +241 0 +239 0 +237 0 +235 0 +233 0 
+231 0 +229 0 +227 0 +225 0 +223 0 +221 0 +219 0 +217 0 +215 0 +213 0 
+211 0 +209 0 +207 0 +205 0 +203 0 +201 0 +199 0 +197 0 +195 0 +193 0 
+191 0 +189 0 +187 0 +185 0 +184 0 *
Fa
0  1e-07 14 0

0111000
+183 0 *
Ve
1e-07
151.600006 81.001572 3
0 0

0101101
*
Ve
1e-07
147.899994 81.001572 3
0 0

0101101
*
Ed
 1e-07 1 1 0
1  344 0 0 3.70001200000002
2  344 15 0 0 3.70001200000002
0

0101000
+181 0 -180 0 *
Ve
1e-07
147.899994 77.701576 3
0 0

0101101
*
Ed
 1e-07 1 1 0
1  345 0 0 3.29999599999999
2  345 15 0 0 3.29999599999999
0

0101000
+180 0 -178 0 *
Ve
1e-07
151.600006 77.701576 3
0 0

0101101
*
Ed
 1e-07 1 1 0
1  346 0 0 3.70001200000002
2  346 15 0 0 3.70001200000002
0

0101000
+178 0 -176 0 *
Ed
 1e-07 1 1 0
1  347 0 0 3.29999599999999
2  347 15 0 0 3.29999599999999
0

0101000
+176 0 -181 0 *
Wi

0101100
+179 0 +177 0 +175 0 +174 0 *
Fa
0  1e-07 15 0

0111000
+173 0 *
Ve
1e-07
152.199997 76.723778 3
0 0

0101101
*
Ve
1e-07
151.600006 76.723778 3
0 0

0101101
*
Ed
 1e-07 1 1 0
1  348 0 0 0.599990999999989
2  348 16 0 0 0.599990999999989
0

0101000
+171 0 -170 0 *
Ve
1e-07
151.600006 76.923775 3
0 0

0101101
*
Ed
 1e-07 1 1 0
1  349 0 0 0.19999700000001
2  349 16 0 0 0.19999700000001
0

0101000
+170 0 -168 0 *
Ve
1e-07
152.399994 76.923775 3
0 0

0101101
*
Ed
 1e-07 1 1 0
1  350 0 0 0.799987999999985
2  350 16 0 0 0.799987999999985
0

0101000
+168 0 -166 0 *
Ve
1e-07
152.399994 75.523773 3
0 0

0101101
*
Ed
 1e-07 1 1 0
1  351 0 0 1.400002
2  351 16 0 0 1.400002
0

0101000
+166 0 -164 0 *
Ve
1e-07
151.800003 75.523773 3
0 0

0101101
*
Ed
 1e-07 1 1 0
1  352 0 0 0.599990999999989
2  352 16 0 0 0.599990999999989
0

0101000
+164 0 -162 0 *
Ve
1e-07
151.800003 74.523773 3
0 0

0101101
*
Ed
 1e-07 1 1 0
1  353 0 0 1
2  353 16 0 0 1
0

0101000
+162 0 -160 0 *
Ve
1e-07
152.399994 74.523773 3
0 0

0101101
*
Ed
 1e-07 1 1 0
1  354 0 0 0.599990999999989
2  354 16 0 0 0.599990999999989
0

0101000
+160 0 -158 0 *
Ve
1e-07
152.399994 74.323776 3
0 0

0101101
*
Ed
 1e-07 1 1 0
1  355 0 0 0.19999700000001
2  355 16 0 0 0.19999700000001
0

0101000
+158 0 -156 0 *
Ve
1e-07
151.800003 74.323776 3
0 0

0101101
*
Ed
 1e-07 1 1 0
1  356 0 0 0.599990999999989
2  356 16 0 0 0.599990999999989
0

0101000
+156 0 -154 0 *
Ve
1e-07
151.800003 72.495979 3
0 0

0101101
*
Ed
 1e-07 1 1 0
1  357 0 0 1.82779699999999
2  357 16 0 0 1.82779699999999
0

0101000
+154 0 -152 0 *
Ve
1e-07
154.350006 72.495979 3
0 0

0101101
*
Ed
 1e-07 1 1 0
1  358 0 0 2.550003
2  358 16 0 0 2.550003
0

0101000
+152 0 -150 0 *
Ve
1e-07
154.350006 76.723778 3
0 0

0101101
*
Ed
 1e-07 1 1 0
1  359 0 0 4.22779899999999
2  359 16 0 0 4.22779899999999
0

0101000
+150 0 -148 0 *
Ve
1e-07
153 76.723778 3
0 0

0101101
*
Ed
 1e-07 1 1 0
1  360 0 0 1.35000600000001
2  360 16 0 0 1.35000600000001
0

0101000
+148 0 -146 0 *
Ve
1e-07
153 76.923775 3
0 0

0101101
*
Ed
 1e-07 1 1 0
1  361 0 0 0.19999700000001
2  361 16 0 0 0.19999700000001
0

0101000
+146 0 -144 0 *
Ve
1e-07
154.350006 76.923775 3
0 0

0101101
*
Ed
 1e-07 1 1 0
1  362 0 0 1.35000600000001
2  362 16 0 0 1.35000600000001
0

0101000
+144 0 -142 0 *
Ve
1e-07
154.350006 79.251572 3
0 0

0101101
*
Ed
 1e-07 1 1 0
1  363 0 0 2.32779699999999
2  363 16 0 0 2.32779699999999
0

0101000
+142 0 -140 0 *
Ve
1e-07
153.550003 79.251572 3
0 0

0101101
*
Ed
 1e-07 1 1 0
1  364 0 0 0.800003000000004
2  364 16 0 0 0.800003000000004
0

0101000
+140 0 -138 0 *
Ve
1e-07
153.550003 77.651573 3
0 0

0101101
*
Ed
 1e-07 1 1 0
1  365 0 0 1.599999
2  365 16 0 0 1.599999
0

0101000
+138 0 -136 0 *
Ve
1e-07
153.350006 77.651573 3
0 0

0101101
*
Ed
 1e-07 1 1 0
1  366 0 0 0.199996999999996
2  366 16 0 0 0.199996999999996
0

0101000
+136 0 -134 0 *
Ve
1e-07
153.350006 79.451576 3
0 0

0101101
*
Ed
 1e-07 1 1 0
1  367 0 0 1.800003
2  367 16 0 0 1.800003
0

0101000
+134 0 -132 0 *
Ve
1e-07
154.350006 79.451576 3
0 0

0101101
*
Ed
 1e-07 1 1 0
1  368 0 0 1
2  368 16 0 0 1
0

0101000
+132 0 -130 0 *
Ve
1e-07
154.350006 80.151573 3
0 0

0101101
*
Ed
 1e-07 1 1 0
1  369 0 0 0.699996999999996
2  369 16 0 0 0.699996999999996
0

0101000
+130 0 -128 0 *
Ve
1e-07
153.350006 80.151573 3
0 0

0101101
*
Ed
 1e-07 1 1 0
1  370 0 0 1
2  370 16 0 0 1
0

0101000
+128 0 -126 0 *
Ve
1e-07
153.350006 80.351578 3
0 0

0101101
*
Ed
 1e-07 1 1 0
1  371 0 0 0.200005000000004
2  371 16 0 0 0.200005000000004
0

0101000
+126 0 -124 0 *
Ve
1e-07
154.350006 80.351578 3
0 0

0101101
*
Ed
 1e-07 1 1 0
1  372 0 0 1
2  372 16 0 0 1
0

0101000
+124 0 -122 0 *
Ve
1e-07
154.350006 81.001572 3
0 0

0101101
*
Ed
 1e-07 1 1 0
1  373 0 0 0.649993999999992
2  373 16 0 0 0.649993999999992
0

0101000
+122 0 -120 0 *
Ve
1e-07
151.800003 81.001572 3
0 0

0101101
*
Ed
 1e-07 1 1 0
1  374 0 0 2.550003
2  374 16 0 0 2.550003
0

0101000
+120 0 -118 0 *
Ve
1e-07
151.800003 79.451576 3
0 0

0101101
*
Ed
 1e-07 1 1 0
1  375 0 0 1.54999599999999
2  375 16 0 0 1.54999599999999
0

0101000
+118 0 -116 0 *
Ve
1e-07
152.550003 79.451576 3
0 0

0101101
*
Ed
 1e-07 1 1 0
1  376 0 0 0.75
2  376 16 0 0 0.75
0

0101000
+116 0 -114 0 *
Ve
1e-07
152.550003 80.351578 3
0 0

0101101
*
Ed
 1e-07 1 1 0
1  377 0 0 0.900002000000001
2  377 16 0 0 0.900002000000001
0

0101000
+114 0 -112 0 *
Ve
1e-07
152.75 80.351578 3
0 0

0101101
*
Ed
 1e-07 1 1 0
1  378 0 0 0.199996999999996
2  378 16 0 0 0.199996999999996
0

0101000
+112 0 -110 0 *
Ve
1e-07
152.75 79.451576 3
0 0

0101101
*
Ed
 1e-07 1 1 0
1  379 0 0 0.900002000000001
2  379 16 0 0 0.900002000000001
0

0101000
+110 0 -108 0 *
Ve
1e-07
152.75 79.251572 3
0 0

0101101
*
Ed
 1e-07 1 1 0
1  380 0 0 0.200004000000007
2  380 16 0 0 0.200004000000007
0

0101000
+108 0 -106 0 *
Ve
1e-07
151.800003 79.251572 3
0 0

0101101
*
Ed
 1e-07 1 1 0
1  381 0 0 0.949996999999996
2  381 16 0 0 0.949996999999996
0

0101000
+106 0 -104 0 *
Ve
1e-07
151.800003 77.501572 3
0 0

0101101
*
Ed
 1e-07 1 1 0
1  382 0 0 1.75
2  382 16 0 0 1.75
0

0101000
+104 0 -102 0 *
Ve
1e-07
149.649994 77.501572 3
0 0

0101101
*
Ed
 1e-07 1 1 0
1  383 0 0 2.15000900000001
2  383 16 0 0 2.15000900000001
0

0101000
+102 0 -100 0 *
Ve
1e-07
149.649994 76.901573 3
0 0

0101101
*
Ed
 1e-07 1 1 0
1  384 0 0 0.599998999999997
2  384 16 0 0 0.599998999999997
0

0101000
+100 0 -98 0 *
Ve
1e-07
149.449997 76.901573 3
0 0

0101101
*
Ed
 1e-07 1 1 0
1  385 0 0 0.199996999999996
2  385 16 0 0 0.199996999999996
0

0101000
+98 0 -96 0 *
Ve
1e-07
149.449997 77.501572 3
0 0

0101101
*
Ed
 1e-07 1 1 0
1  386 0 0 0.599998999999997
2  386 16 0 0 0.599998999999997
0

0101000
+96 0 -94 0 *
Ve
1e-07
147.899994 77.501572 3
0 0

0101101
*
Ed
 1e-07 1 1 0
1  387 0 0 1.550003
2  387 16 0 0 1.550003
0

0101000
+94 0 -92 0 *
Ve
1e-07
147.899994 72.495979 3
0 0

0101101
*
Ed
 1e-07 1 1 0
1  388 0 0 5.00559299999999
2  388 16 0 0 5.00559299999999
0

0101000
+92 0 -90 0 *
Ve
1e-07
151.600006 72.495979 3
0 0

0101101
*
Ed
 1e-07 1 1 0
1  389 0 0 3.70001200000002
2  389 16 0 0 3.70001200000002
0

0101000
+90 0 -88 0 *
Ve
1e-07
151.600006 75.723778 3
0 0

0101101
*
Ed
 1e-07 1 1 0
1  390 0 0 3.22779899999999
2  390 16 0 0 3.22779899999999
0

0101000
+88 0 -86 0 *
Ve
1e-07
152.199997 75.723778 3
0 0

0101101
*
Ed
 1e-07 1 1 0
1  391 0 0 0.599990999999989
2  391 16 0 0 0.599990999999989
0

0101000
+86 0 -84 0 *
Ed
 1e-07 1 1 0
1  392 0 0 1
2  392 16 0 0 1
0

0101000
+84 0 -171 0 *
Wi

0101100
+169 0 +167 0 +165 0 +163 0 +161 0 +159 0 +157 0 +155 0 +153 0 +151 0 
+149 0 +147 0 +145 0 +143 0 +141 0 +139 0 +137 0 +135 0 +133 0 +131 0 
+129 0 +127 0 +125 0 +123 0 +121 0 +119 0 +117 0 +115 0 +113 0 +111 0 
+109 0 +107 0 +105 0 +103 0 +101 0 +99 0 +97 0 +95 0 +93 0 +91 0 
+89 0 +87 0 +85 0 +83 0 +82 0 *
Fa
0  1e-07 16 0

0111000
+81 0 *
Ve
1.00000014210855e-07
90.150002 59.849998 3
0 0

0101101
*
Ve
1.00000014210855e-07
90.150002 50.349998 3
0 0

0101101
*
Ed
 1e-07 1 1 0
1  393 0 0 9.5
2  393 17 0 0 9.5
0

0101000
+79 0 -78 0 *
Ve
1.00000014210855e-07
99.650002 50.349998 3
0 0

0101101
*
Ed
 1e-07 1 1 0
1  394 0 0 9.5
2  394 17 0 0 9.5
0

0101000
+78 0 -76 0 *
Ve
1.00000014210855e-07
99.650002 59.849998 3
0 0

0101101
*
Ed
 1e-07 1 1 0
1  395 0 0 9.5
2  395 17 0 0 9.5
0

0101000
+76 0 -74 0 *
Ve
1e-07
98.199997 59.849998 3
0 0

0101101
*
Ed
 1e-07 1 1 0
1  396 0 0 1.450005
2  396 17 0 0 1.450005
0

0101000
+74 0 -72 0 *
Ve
1.00000007105427e-07
98.199997 60.200001 3
0 0

0101101
*
Ed
 1e-07 1 1 0
1  397 0 0 0.350003000000001
2  397 17 0 0 0.350003000000001
0

0101000
+72 0 -70 0 *
Ve
1.00000015888219e-07
98.599998 60.200001 3
0 0

0101101
*
Ed
 1e-07 1 1 0
1  398 0 0 0.400001000000003
2  398 17 0 0 0.400001000000003
0

0101000
+70 0 -68 0 *
Ve
1.00000015888219e-07
98.599998 63.145977 3
0 0

0101101
*
Ed
 1e-07 1 1 0
1  399 0 0 2.945976
2  399 17 0 0 2.945976
0

0101000
+68 0 -66 0 *
Ve
1.00000015888219e-07
90.150002 63.145977 3
0 0

0101101
*
Ed
 1e-07 1 1 0
1  400 0 0 8.449996
2  400 17 0 0 8.449996
0

0101000
+66 0 -64 0 *
Ve
1.00000015888219e-07
90.150002 60.200001 3
0 0

0101101
*
Ed
 1e-07 1 1 0
1  401 0 0 2.945976
2  401 17 0 0 2.945976
0

0101000
+64 0 -62 0 *
Ve
1.00000007105427e-07
97.300003 60.200001 3
0 0

0101101
*
Ed
 1e-07 1 1 0
1  402 0 0 7.150001
2  402 17 0 0 7.150001
0

0101000
+62 0 -60 0 *
Ve
1e-07
97.300003 59.849998 3
0 0

0101101
*
Ed
 1e-07 1 1 0
1  403 0 0 0.350003000000001
2  403 17 0 0 0.350003000000001
0

0101000
+60 0 -58 0 *
Ed
 1e-07 1 1 0
1  404 0 0 7.150001
2  404 17 0 0 7.150001
0

0101000
+58 0 -79 0 *
Wi

0101100
+77 0 +75 0 +73 0 +71 0 +69 0 +67 0 +65 0 +63 0 +61 0 +59 0 
+57 0 +56 0 *
Fa
0  1e-07 17 0

0111000
+55 0 *
Ve
1e-07
96.800003 72.495979 3
0 0

0101101
*
Ve
1e-07
103.25 72.495979 3
0 0

0101101
*
Ed
 1e-07 1 1 0
1  405 0 0 6.449997
2  405 18 0 0 6.449997
0

0101000
+53 0 -52 0 *
Ve
1e-07
103.25 75.148773 3
0 0

0101101
*
Ed
 1e-07 1 1 0
1  406 0 0 2.652794
2  406 18 0 0 2.652794
0

0101000
+52 0 -50 0 *
Ve
1.00000014210855e-07
103.599998 75.148773 3
0 0

0101101
*
Ed
 1e-07 1 1 0
1  407 0 0 0.349997999999999
2  407 18 0 0 0.349997999999999
0

0101000
+50 0 -48 0 *
Ve
1.00000014210855e-07
103.599998 72.495979 3
0 0

0101101
*
Ed
 1e-07 1 1 0
1  408 0 0 2.652794
2  408 18 0 0 2.652794
0

0101000
+48 0 -46 0 *
Ve
1e-07
106.75 72.495979 3
0 0

0101101
*
Ed
 1e-07 1 1 0
1  409 0 0 3.150002
2  409 18 0 0 3.150002
0

0101000
+46 0 -44 0 *
Ve
1e-07
106.75 81.001572 3
0 0

0101101
*
Ed
 1e-07 1 1 0
1  410 0 0 8.50559299999999
2  410 18 0 0 8.50559299999999
0

0101000
+44 0 -42 0 *
Ve
1.00000014210855e-07
103.599998 81.001572 3
0 0

0101101
*
Ed
 1e-07 1 1 0
1  411 0 0 3.150002
2  411 18 0 0 3.150002
0

0101000
+42 0 -40 0 *
Ve
1.00000014210855e-07
103.599998 75.948776 3
0 0

0101101
*
Ed
 1e-07 1 1 0
1  412 0 0 5.052796
2  412 18 0 0 5.052796
0

0101000
+40 0 -38 0 *
Ve
1e-07
103.25 75.948776 3
0 0

0101101
*
Ed
 1e-07 1 1 0
1  413 0 0 0.349997999999999
2  413 18 0 0 0.349997999999999
0

0101000
+38 0 -36 0 *
Ve
1e-07
103.25 81.001572 3
0 0

0101101
*
Ed
 1e-07 1 1 0
1  414 0 0 5.052796
2  414 18 0 0 5.052796
0

0101000
+36 0 -34 0 *
Ve
1e-07
96.800003 81.001572 3
0 0

0101101
*
Ed
 1e-07 1 1 0
1  415 0 0 6.449997
2  415 18 0 0 6.449997
0

0101000
+34 0 -32 0 *
Ed
 1e-07 1 1 0
1  416 0 0 8.50559299999999
2  416 18 0 0 8.50559299999999
0

0101000
+32 0 -53 0 *
Wi

0101100
+51 0 +49 0 +47 0 +45 0 +43 0 +41 0 +39 0 +37 0 +35 0 +33 0 
+31 0 +30 0 *
Fa
0  1e-07 18 0

0111000
+29 0 *
Ve
1e-07
161.5 72.495979 3
0 0

0101101
*
Ve
1e-07
164.649994 72.495979 3
0 0

0101101
*
Ed
 1e-07 1 1 0
1  417 0 0 3.14999399999999
2  417 19 0 0 3.14999399999999
0

0101000
+27 0 -26 0 *
Ve
1e-07
164.649994 75.148773 3
0 0

0101101
*
Ed
 1e-07 1 1 0
1  418 0 0 2.652794
2  418 19 0 0 2.652794
0

0101000
+26 0 -24 0 *
Ve
1e-07
165 75.148773 3
0 0

0101101
*
Ed
 1e-07 1 1 0
1  419 0 0 0.350006000000008
2  419 19 0 0 0.350006000000008
0

0101000
+24 0 -22 0 *
Ve
1e-07
165 72.495979 3
0 0

0101101
*
Ed
 1e-07 1 1 0
1  420 0 0 2.652794
2  420 19 0 0 2.652794
0

0101000
+22 0 -20 0 *
Ve
1e-07
171.399994 72.495979 3
0 0

0101101
*
Ed
 1e-07 1 1 0
1  421 0 0 6.39999399999999
2  421 19 0 0 6.39999399999999
0

0101000
+20 0 -18 0 *
Ve
1e-07
171.399994 81.001572 3
0 0

0101101
*
Ed
 1e-07 1 1 0
1  422 0 0 8.50559299999999
2  422 19 0 0 8.50559299999999
0

0101000
+18 0 -16 0 *
Ve
1e-07
165 81.001572 3
0 0

0101101
*
Ed
 1e-07 1 1 0
1  423 0 0 6.39999399999999
2  423 19 0 0 6.39999399999999
0

0101000
+16 0 -14 0 *
Ve
1e-07
165 75.948776 3
0 0

0101101
*
Ed
 1e-07 1 1 0
1  424 0 0 5.052796
2  424 19 0 0 5.052796
0

0101000
+14 0 -12 0 *
Ve
1e-07
164.649994 75.948776 3
0 0

0101101
*
Ed
 1e-07 1 1 0
1  425 0 0 0.350006000000008
2  425 19 0 0 0.350006000000008
0

0101000
+12 0 -10 0 *
Ve
1e-07
164.649994 81.001572 3
0 0

0101101
*
Ed
 1e-07 1 1 0
1  426 0 0 5.052796
2  426 19 0 0 5.052796
0

0101000
+10 0 -8 0 *
Ve
1e-07
161.5 81.001572 3
0 0

0101101
*
Ed
 1e-07 1 1 0
1  427 0 0 3.14999399999999
2  427 19 0 0 3.14999399999999
0

0101000
+8 0 -6 0 *
Ed
 1e-07 1 1 0
1  428 0 0 8.50559299999999
2  428 19 0 0 8.50559299999999
0

0101000
+6 0 -27 0 *
Wi

0101100
+25 0 +23 0 +21 0 +19 0 +17 0 +15 0 +13 0 +11 0 +9 0 +7 0 
+5 0 +4 0 *
Fa
0  1e-07 19 0

0111000
+3 0 *
Co

1100000
+804 0 +794 0 +702 0 +692 0 +600 0 +590 0 +498 0 +488 0 +478 0 +386 0 
+376 0 +284 0 +274 0 +182 0 +172 0 +80 0 +54 0 +28 0 +2 0 *

+1 0 