
CASCADE Topology V3, (c) Open Cascade
Locations 0
Curve2ds 0
Curves 672
1 156.85000600000001 76.723777999999996 3 0 -1 0 
1 156.85000600000001 75.723777999999996 3 1 0 0 
1 157.449997 75.723777999999996 3 0 -1 0 
1 157.449997 72.495979000000005 3 1 0 0 
1 161.14999399999999 72.495979000000005 3 0 1 0 
1 161.14999399999999 77.501571999999996 3 -1 0 0 
1 159.60000600000001 77.501571999999996 3 0 -1 0 
1 159.60000600000001 76.901572999999999 3 -1 0 0 
1 159.39999399999999 76.901572999999999 3 0 1 0 
1 159.39999399999999 77.501571999999996 3 -1 0 0 
1 157.25 77.501571999999996 3 0 1 0 
1 157.25 79.251571999999996 3 -1 0 0 
1 156.300003 79.251571999999996 3 0 1 0 
1 156.300003 79.451576000000003 3 0 1 0 
1 156.300003 80.351578000000003 3 1 0 0 
1 156.5 80.351578000000003 3 0 -1 0 
1 156.5 79.451576000000003 3 1 0 0 
1 157.25 79.451576000000003 3 0 1 0 
1 157.25 81.001571999999996 3 -1 0 0 
1 154.699997 81.001571999999996 3 0 -1 0 
1 154.699997 80.351578000000003 3 1 0 0 
1 155.699997 80.351578000000003 3 0 -1 0 
1 155.699997 80.151572999999999 3 -1 0 0 
1 154.699997 80.151572999999999 3 0 -1 0 
1 154.699997 79.451576000000003 3 1 0 0 
1 155.699997 79.451576000000003 3 0 -1 0 
1 155.699997 77.651572999999999 3 -1 0 0 
1 155.5 77.651572999999999 3 0 1 0 
1 155.5 79.251571999999996 3 -1 0 0 
1 154.699997 79.251571999999996 3 0 -1 0 
1 154.699997 76.923775000000006 3 1 0 0 
1 156.050003 76.923775000000006 3 0 -1 0 
1 156.050003 76.723777999999996 3 -1 0 0 
1 154.699997 76.723777999999996 3 0 -1 0 
1 154.699997 72.495979000000005 3 1 0 0 
1 157.25 72.495979000000005 3 0 1 0 
1 157.25 74.323775999999995 3 -1 0 0 
1 156.64999399999999 74.323775999999995 3 0 1 0 
1 156.64999399999999 74.523773000000006 3 1 0 0 
1 157.25 74.523773000000006 3 0 1 0 
1 157.25 75.523773000000006 3 -1 0 0 
1 156.64999399999999 75.523773000000006 3 0 1 0 
1 156.64999399999999 76.923775000000006 3 1 0 0 
1 157.449997 76.923775000000006 3 0 -1 0 
1 157.449997 76.723777999999996 3 -1 0 0 
1 157.449997 81.001571999999996 3 0 -1 0 
1 157.449997 77.701576000000003 3 1 0 0 
1 161.14999399999999 77.701576000000003 3 0 1 0 
1 161.14999399999999 81.001571999999996 3 -1 0 0 
1 143.25 76.723777999999996 3 0 -1 0 
1 143.25 75.723777999999996 3 1 0 0 
1 143.85000600000001 75.723777999999996 3 0 -1 0 
1 143.85000600000001 72.495979000000005 3 1 0 0 
1 147.550003 72.495979000000005 3 0 1 0 
1 147.550003 77.501571999999996 3 -1 0 0 
1 146 77.501571999999996 3 0 -1 0 
1 146 76.901572999999999 3 -1 0 0 
1 145.800003 76.901572999999999 3 0 1 0 
1 145.800003 77.501571999999996 3 -1 0 0 
1 143.64999399999999 77.501571999999996 3 0 1 0 
1 143.64999399999999 79.251571999999996 3 -1 0 0 
1 142.699997 79.251571999999996 3 0 1 0 
1 142.699997 79.451576000000003 3 0 1 0 
1 142.699997 80.351578000000003 3 1 0 0 
1 142.89999399999999 80.351578000000003 3 0 -1 0 
1 142.89999399999999 79.451576000000003 3 1 0 0 
1 143.64999399999999 79.451576000000003 3 0 1 0 
1 143.64999399999999 81.001571999999996 3 -1 0 0 
1 141.10000600000001 81.001571999999996 3 0 -1 0 
1 141.10000600000001 80.351578000000003 3 1 0 0 
1 142.10000600000001 80.351578000000003 3 0 -1 0 
1 142.10000600000001 80.151572999999999 3 -1 0 0 
1 141.10000600000001 80.151572999999999 3 0 -1 0 
1 141.10000600000001 79.451576000000003 3 1 0 0 
1 142.10000600000001 79.451576000000003 3 0 -1 0 
1 142.10000600000001 77.651572999999999 3 -1 0 0 
1 141.89999399999999 77.651572999999999 3 0 1 0 
1 141.89999399999999 79.251571999999996 3 -1 0 0 
1 141.10000600000001 79.251571999999996 3 0 -1 0 
1 141.10000600000001 76.923775000000006 3 1 0 0 
1 142.449997 76.923775000000006 3 0 -1 0 
1 142.449997 76.723777999999996 3 -1 0 0 
1 141.10000600000001 76.723777999999996 3 0 -1 0 
1 141.10000600000001 72.495979000000005 3 1 0 0 
1 143.64999399999999 72.495979000000005 3 0 1 0 
1 143.64999399999999 74.323775999999995 3 -1 0 0 
1 143.050003 74.323775999999995 3 0 1 0 
1 143.050003 74.523773000000006 3 1 0 0 
1 143.64999399999999 74.523773000000006 3 0 1 0 
1 143.64999399999999 75.523773000000006 3 -1 0 0 
1 143.050003 75.523773000000006 3 0 1 0 
1 143.050003 76.923775000000006 3 1 0 0 
1 143.85000600000001 76.923775000000006 3 0 -1 0 
1 143.85000600000001 76.723777999999996 3 -1 0 0 
1 143.85000600000001 81.001571999999996 3 0 -1 0 
1 143.85000600000001 77.701576000000003 3 1 0 0 
1 147.550003 77.701576000000003 3 0 1 0 
1 147.550003 81.001571999999996 3 -1 0 0 
1 129.64999399999999 76.723777999999996 3 0 -1 0 
1 129.64999399999999 75.723777999999996 3 1 0 0 
1 130.25 75.723777999999996 3 0 -1 0 
1 130.25 72.495979000000005 3 1 0 0 
1 133.949997 72.495979000000005 3 0 1 0 
1 133.949997 77.501571999999996 3 -1 0 0 
1 132.39999399999999 77.501571999999996 3 0 -1 0 
1 132.39999399999999 76.901572999999999 3 -1 0 0 
1 132.199997 76.901572999999999 3 0 1 0 
1 132.199997 77.501571999999996 3 -1 0 0 
1 130.050003 77.501571999999996 3 0 1 0 
1 130.050003 79.251571999999996 3 -1 0 0 
1 129.10000600000001 79.251571999999996 3 0 1 0 
1 129.10000600000001 79.451576000000003 3 0 1 0 
1 129.10000600000001 80.351578000000003 3 1 0 0 
1 129.300003 80.351578000000003 3 0 -1 0 
1 129.300003 79.451576000000003 3 1 0 0 
1 130.050003 79.451576000000003 3 0 1 0 
1 130.050003 81.001571999999996 3 -1 0 0 
1 127.5 81.001571999999996 3 0 -1 0 
1 127.5 80.351578000000003 3 1 0 0 
1 128.5 80.351578000000003 3 0 -1 0 
1 128.5 80.151572999999999 3 -1 0 0 
1 127.5 80.151572999999999 3 0 -1 0 
1 127.5 79.451576000000003 3 1 0 0 
1 128.5 79.451576000000003 3 0 -1 0 
1 128.5 77.651572999999999 3 -1 0 0 
1 128.300003 77.651572999999999 3 0 1 0 
1 128.300003 79.251571999999996 3 -1 0 0 
1 127.5 79.251571999999996 3 0 -1 0 
1 127.5 76.923775000000006 3 1 0 0 
1 128.85000600000001 76.923775000000006 3 0 -1 0 
1 128.85000600000001 76.723777999999996 3 -1 0 0 
1 127.5 76.723777999999996 3 0 -1 0 
1 127.5 72.495979000000005 3 1 0 0 
1 130.050003 72.495979000000005 3 0 1 0 
1 130.050003 74.323775999999995 3 -1 0 0 
1 129.449997 74.323775999999995 3 0 1 0 
1 129.449997 74.523773000000006 3 1 0 0 
1 130.050003 74.523773000000006 3 0 1 0 
1 130.050003 75.523773000000006 3 -1 0 0 
1 129.449997 75.523773000000006 3 0 1 0 
1 129.449997 76.923775000000006 3 1 0 0 
1 130.25 76.923775000000006 3 0 -1 0 
1 130.25 76.723777999999996 3 -1 0 0 
1 130.25 81.001571999999996 3 0 -1 0 
1 130.25 77.701576000000003 3 1 0 0 
1 133.949997 77.701576000000003 3 0 1 0 
1 133.949997 81.001571999999996 3 -1 0 0 
1 116.050003 76.723777999999996 3 0 -1 0 
1 116.050003 75.723777999999996 3 1 0 0 
1 116.650002 75.723777999999996 3 0 -1 0 
1 116.650002 72.495979000000005 3 1 0 0 
1 120.349998 72.495979000000005 3 0 1 0 
1 120.349998 77.501571999999996 3 -1 0 0 
1 118.800003 77.501571999999996 3 0 -1 0 
1 118.800003 76.901572999999999 3 -1 0 0 
1 118.599998 76.901572999999999 3 0 1 0 
1 118.599998 77.501571999999996 3 -1 0 0 
1 116.449997 77.501571999999996 3 0 1 0 
1 116.449997 79.251571999999996 3 -1 0 0 
1 115.5 79.251571999999996 3 0 1 0 
1 115.5 79.451576000000003 3 0 1 0 
1 115.5 80.351578000000003 3 1 0 0 
1 115.699997 80.351578000000003 3 0 -1 0 
1 115.699997 79.451576000000003 3 1 0 0 
1 116.449997 79.451576000000003 3 0 1 0 
1 116.449997 81.001571999999996 3 -1 0 0 
1 113.900002 81.001571999999996 3 0 -1 0 
1 113.900002 80.351578000000003 3 1 0 0 
1 114.900002 80.351578000000003 3 0 -1 0 
1 114.900002 80.151572999999999 3 -1 0 0 
1 113.900002 80.151572999999999 3 0 -1 0 
1 113.900002 79.451576000000003 3 1 0 0 
1 114.900002 79.451576000000003 3 0 -1 0 
1 114.900002 77.651572999999999 3 -1 0 0 
1 114.699997 77.651572999999999 3 0 1 0 
1 114.699997 79.251571999999996 3 -1 0 0 
1 113.900002 79.251571999999996 3 0 -1 0 
1 113.900002 76.923775000000006 3 1 0 0 
1 115.25 76.923775000000006 3 0 -1 0 
1 115.25 76.723777999999996 3 -1 0 0 
1 113.900002 76.723777999999996 3 0 -1 0 
1 113.900002 72.495979000000005 3 1 0 0 
1 116.449997 72.495979000000005 3 0 1 0 
1 116.449997 74.323775999999995 3 -1 0 0 
1 115.849998 74.323775999999995 3 0 1 0 
1 115.849998 74.523773000000006 3 1 0 0 
1 116.449997 74.523773000000006 3 0 1 0 
1 116.449997 75.523773000000006 3 -1 0 0 
1 115.849998 75.523773000000006 3 0 1 0 
1 115.849998 76.923775000000006 3 1 0 0 
1 116.650002 76.923775000000006 3 0 -1 0 
1 116.650002 76.723777999999996 3 -1 0 0 
1 116.650002 81.001571999999996 3 0 -1 0 
1 116.650002 77.701576000000003 3 1 0 0 
1 120.349998 77.701576000000003 3 0 1 0 
1 120.349998 81.001571999999996 3 -1 0 0 
1 110.800003 81.001571999999996 3 -1 0 0 
1 107.099998 81.001571999999996 3 0 -1 0 
1 107.099998 77.701576000000003 3 1 0 0 
1 110.800003 77.701576000000003 3 0 1 0 
1 111.400002 76.723777999999996 3 -1 0 0 
1 110.800003 76.723777999999996 3 0 1 0 
1 110.800003 76.923775000000006 3 1 0 0 
1 111.599998 76.923775000000006 3 0 -1 0 
1 111.599998 75.523773000000006 3 -1 0 0 
1 111 75.523773000000006 3 0 -1 0 
1 111 74.523773000000006 3 1 0 0 
1 111.599998 74.523773000000006 3 0 -1 0 
1 111.599998 74.323775999999995 3 -1 0 0 
1 111 74.323775999999995 3 0 -1 0 
1 111 72.495979000000005 3 1 0 0 
1 113.550003 72.495979000000005 3 0 1 0 
1 113.550003 76.723777999999996 3 -1 0 0 
1 112.199997 76.723777999999996 3 0 1 0 
1 112.199997 76.923775000000006 3 1 0 0 
1 113.550003 76.923775000000006 3 0 1 0 
1 113.550003 79.251571999999996 3 -1 0 0 
1 112.75 79.251571999999996 3 0 -1 0 
1 112.75 77.651572999999999 3 -1 0 0 
1 112.550003 77.651572999999999 3 0 1 0 
1 112.550003 79.451576000000003 3 1 0 0 
1 113.550003 79.451576000000003 3 0 1 0 
1 113.550003 80.151572999999999 3 -1 0 0 
1 112.550003 80.151572999999999 3 0 1 0 
1 112.550003 80.351578000000003 3 1 0 0 
1 113.550003 80.351578000000003 3 0 1 0 
1 113.550003 81.001571999999996 3 -1 0 0 
1 111 81.001571999999996 3 0 -1 0 
1 111 79.451576000000003 3 1 0 0 
1 111.75 79.451576000000003 3 0 1 0 
1 111.75 80.351578000000003 3 1 0 0 
1 111.949997 80.351578000000003 3 0 -1 0 
1 111.949997 79.451576000000003 3 0 -1 0 
1 111.949997 79.251571999999996 3 -1 0 0 
1 111 79.251571999999996 3 0 -1 0 
1 111 77.501571999999996 3 -1 0 0 
1 108.849998 77.501571999999996 3 0 -1 0 
1 108.849998 76.901572999999999 3 -1 0 0 
1 108.650002 76.901572999999999 3 0 1 0 
1 108.650002 77.501571999999996 3 -1 0 0 
1 107.099998 77.501571999999996 3 0 -1 0 
1 107.099998 72.495979000000005 3 1 0 0 
1 110.800003 72.495979000000005 3 0 1 0 
1 110.800003 75.723777999999996 3 1 0 0 
1 111.400002 75.723777999999996 3 0 1 0 
1 124.400002 81.001571999999996 3 -1 0 0 
1 120.699997 81.001571999999996 3 0 -1 0 
1 120.699997 77.701576000000003 3 1 0 0 
1 124.400002 77.701576000000003 3 0 1 0 
1 125 76.723777999999996 3 -1 0 0 
1 124.400002 76.723777999999996 3 0 1 0 
1 124.400002 76.923775000000006 3 1 0 0 
1 125.199997 76.923775000000006 3 0 -1 0 
1 125.199997 75.523773000000006 3 -1 0 0 
1 124.599998 75.523773000000006 3 0 -1 0 
1 124.599998 74.523773000000006 3 1 0 0 
1 125.199997 74.523773000000006 3 0 -1 0 
1 125.199997 74.323775999999995 3 -1 0 0 
1 124.599998 74.323775999999995 3 0 -1 0 
1 124.599998 72.495979000000005 3 1 0 0 
1 127.150002 72.495979000000005 3 0 1 0 
1 127.150002 76.723777999999996 3 -1 0 0 
1 125.800003 76.723777999999996 3 0 1 0 
1 125.800003 76.923775000000006 3 1 0 0 
1 127.150002 76.923775000000006 3 0 1 0 
1 127.150002 79.251571999999996 3 -1 0 0 
1 126.349998 79.251571999999996 3 0 -1 0 
1 126.349998 77.651572999999999 3 -1 0 0 
1 126.150002 77.651572999999999 3 0 1 0 
1 126.150002 79.451576000000003 3 1 0 0 
1 127.150002 79.451576000000003 3 0 1 0 
1 127.150002 80.151572999999999 3 -1 0 0 
1 126.150002 80.151572999999999 3 0 1 0 
1 126.150002 80.351578000000003 3 1 0 0 
1 127.150002 80.351578000000003 3 0 1 0 
1 127.150002 81.001571999999996 3 -1 0 0 
1 124.599998 81.001571999999996 3 0 -1 0 
1 124.599998 79.451576000000003 3 1 0 0 
1 125.349998 79.451576000000003 3 0 1 0 
1 125.349998 80.351578000000003 3 1 0 0 
1 125.550003 80.351578000000003 3 0 -1 0 
1 125.550003 79.451576000000003 3 0 -1 0 
1 125.550003 79.251571999999996 3 -1 0 0 
1 124.599998 79.251571999999996 3 0 -1 0 
1 124.599998 77.501571999999996 3 -1 0 0 
1 122.449997 77.501571999999996 3 0 -1 0 
1 122.449997 76.901572999999999 3 -1 0 0 
1 122.25 76.901572999999999 3 0 1 0 
1 122.25 77.501571999999996 3 -1 0 0 
1 120.699997 77.501571999999996 3 0 -1 0 
1 120.699997 72.495979000000005 3 1 0 0 
1 124.400002 72.495979000000005 3 0 1 0 
1 124.400002 75.723777999999996 3 1 0 0 
1 125 75.723777999999996 3 0 1 0 
1 138 81.001571999999996 3 -1 0 0 
1 134.300003 81.001571999999996 3 0 -1 0 
1 134.300003 77.701576000000003 3 1 0 0 
1 138 77.701576000000003 3 0 1 0 
1 138.60000600000001 76.723777999999996 3 -1 0 0 
1 138 76.723777999999996 3 0 1 0 
1 138 76.923775000000006 3 1 0 0 
1 138.800003 76.923775000000006 3 0 -1 0 
1 138.800003 75.523773000000006 3 -1 0 0 
1 138.199997 75.523773000000006 3 0 -1 0 
1 138.199997 74.523773000000006 3 1 0 0 
1 138.800003 74.523773000000006 3 0 -1 0 
1 138.800003 74.323775999999995 3 -1 0 0 
1 138.199997 74.323775999999995 3 0 -1 0 
1 138.199997 72.495979000000005 3 1 0 0 
1 140.75 72.495979000000005 3 0 1 0 
1 140.75 76.723777999999996 3 -1 0 0 
1 139.39999399999999 76.723777999999996 3 0 1 0 
1 139.39999399999999 76.923775000000006 3 1 0 0 
1 140.75 76.923775000000006 3 0 1 0 
1 140.75 79.251571999999996 3 -1 0 0 
1 139.949997 79.251571999999996 3 0 -1 0 
1 139.949997 77.651572999999999 3 -1 0 0 
1 139.75 77.651572999999999 3 0 1 0 
1 139.75 79.451576000000003 3 1 0 0 
1 140.75 79.451576000000003 3 0 1 0 
1 140.75 80.151572999999999 3 -1 0 0 
1 139.75 80.151572999999999 3 0 1 0 
1 139.75 80.351578000000003 3 1 0 0 
1 140.75 80.351578000000003 3 0 1 0 
1 140.75 81.001571999999996 3 -1 0 0 
1 138.199997 81.001571999999996 3 0 -1 0 
1 138.199997 79.451576000000003 3 1 0 0 
1 138.949997 79.451576000000003 3 0 1 0 
1 138.949997 80.351578000000003 3 1 0 0 
1 139.14999399999999 80.351578000000003 3 0 -1 0 
1 139.14999399999999 79.451576000000003 3 0 -1 0 
1 139.14999399999999 79.251571999999996 3 -1 0 0 
1 138.199997 79.251571999999996 3 0 -1 0 
1 138.199997 77.501571999999996 3 -1 0 0 
1 136.050003 77.501571999999996 3 0 -1 0 
1 136.050003 76.901572999999999 3 -1 0 0 
1 135.85000600000001 76.901572999999999 3 0 1 0 
1 135.85000600000001 77.501571999999996 3 -1 0 0 
1 134.300003 77.501571999999996 3 0 -1 0 
1 134.300003 72.495979000000005 3 1 0 0 
1 138 72.495979000000005 3 0 1 0 
1 138 75.723777999999996 3 1 0 0 
1 138.60000600000001 75.723777999999996 3 0 1 0 
1 151.60000600000001 81.001571999999996 3 -1 0 0 
1 147.89999399999999 81.001571999999996 3 0 -1 0 
1 147.89999399999999 77.701576000000003 3 1 0 0 
1 151.60000600000001 77.701576000000003 3 0 1 0 
1 152.199997 76.723777999999996 3 -1 0 0 
1 151.60000600000001 76.723777999999996 3 0 1 0 
1 151.60000600000001 76.923775000000006 3 1 0 0 
1 152.39999399999999 76.923775000000006 3 0 -1 0 
1 152.39999399999999 75.523773000000006 3 -1 0 0 
1 151.800003 75.523773000000006 3 0 -1 0 
1 151.800003 74.523773000000006 3 1 0 0 
1 152.39999399999999 74.523773000000006 3 0 -1 0 
1 152.39999399999999 74.323775999999995 3 -1 0 0 
1 151.800003 74.323775999999995 3 0 -1 0 
1 151.800003 72.495979000000005 3 1 0 0 
1 154.35000600000001 72.495979000000005 3 0 1 0 
1 154.35000600000001 76.723777999999996 3 -1 0 0 
1 153 76.723777999999996 3 0 1 0 
1 153 76.923775000000006 3 1 0 0 
1 154.35000600000001 76.923775000000006 3 0 1 0 
1 154.35000600000001 79.251571999999996 3 -1 0 0 
1 153.550003 79.251571999999996 3 0 -1 0 
1 153.550003 77.651572999999999 3 -1 0 0 
1 153.35000600000001 77.651572999999999 3 0 1 0 
1 153.35000600000001 79.451576000000003 3 1 0 0 
1 154.35000600000001 79.451576000000003 3 0 1 0 
1 154.35000600000001 80.151572999999999 3 -1 0 0 
1 153.35000600000001 80.151572999999999 3 0 1 0 
1 153.35000600000001 80.351578000000003 3 1 0 0 
1 154.35000600000001 80.351578000000003 3 0 1 0 
1 154.35000600000001 81.001571999999996 3 -1 0 0 
1 151.800003 81.001571999999996 3 0 -1 0 
1 151.800003 79.451576000000003 3 1 0 0 
1 152.550003 79.451576000000003 3 0 1 0 
1 152.550003 80.351578000000003 3 1 0 0 
1 152.75 80.351578000000003 3 0 -1 0 
1 152.75 79.451576000000003 3 0 -1 0 
1 152.75 79.251571999999996 3 -1 0 0 
1 151.800003 79.251571999999996 3 0 -1 0 
1 151.800003 77.501571999999996 3 -1 0 0 
1 149.64999399999999 77.501571999999996 3 0 -1 0 
1 149.64999399999999 76.901572999999999 3 -1 0 0 
1 149.449997 76.901572999999999 3 0 1 0 
1 149.449997 77.501571999999996 3 -1 0 0 
1 147.89999399999999 77.501571999999996 3 0 -1 0 
1 147.89999399999999 72.495979000000005 3 1 0 0 
1 151.60000600000001 72.495979000000005 3 0 1 0 
1 151.60000600000001 75.723777999999996 3 1 0 0 
1 152.199997 75.723777999999996 3 0 1 0 
1 90.150002000000001 59.849997999999999 3 0 -1 0 
1 90.150002000000001 50.349997999999999 3 1 0 0 
1 99.650002000000001 50.349997999999999 3 0 1 0 
1 99.650002000000001 59.849997999999999 3 -1 0 0 
1 98.199996999999996 59.849997999999999 3 0 1 0 
1 98.199996999999996 60.200001 3 1 0 0 
1 98.599997999999999 60.200001 3 0 1 0 
1 98.599997999999999 63.145977000000002 3 -1 0 0 
1 90.150002000000001 63.145977000000002 3 0 -1 0 
1 90.150002000000001 60.200001 3 1 0 0 
1 97.300003000000004 60.200001 3 0 -1 0 
1 97.300003000000004 59.849997999999999 3 -1 0 0 
1 96.800003000000004 72.495979000000005 3 1 0 0 
1 103.25 72.495979000000005 3 0 1 0 
1 103.25 75.148773000000006 3 1 0 0 
1 103.599998 75.148773000000006 3 0 -1 0 
1 103.599998 72.495979000000005 3 1 0 0 
1 106.75 72.495979000000005 3 0 1 0 
1 106.75 81.001571999999996 3 -1 0 0 
1 103.599998 81.001571999999996 3 0 -1 0 
1 103.599998 75.948775999999995 3 -1 0 0 
1 103.25 75.948775999999995 3 0 1 0 
1 103.25 81.001571999999996 3 -1 0 0 
1 96.800003000000004 81.001571999999996 3 0 -1 0 
1 161.5 72.495979000000005 3 1 0 0 
1 164.64999399999999 72.495979000000005 3 0 1 0 
1 164.64999399999999 75.148773000000006 3 1 0 0 
1 165 75.148773000000006 3 0 -1 0 
1 165 72.495979000000005 3 1 0 0 
1 171.39999399999999 72.495979000000005 3 0 1 0 
1 171.39999399999999 81.001571999999996 3 -1 0 0 
1 165 81.001571999999996 3 0 -1 0 
1 165 75.948775999999995 3 -1 0 0 
1 164.64999399999999 75.948775999999995 3 0 1 0 
1 164.64999399999999 81.001571999999996 3 -1 0 0 
1 161.5 81.001571999999996 3 0 -1 0 
1 96.800003000000004 81.001571999999996 0 1 0 0 
1 103.25 81.001571999999996 0 0 -1 0 
1 103.25 76.923775000000006 0 -1 0 0 
1 98.599997999999999 76.923775000000006 0 0 -1 0 
1 98.599997999999999 76.574012999999994 0 1 0 0 
1 103.599998 76.574012999999994 0 0 1 0 
1 103.599998 81.001571999999996 0 1 0 0 
1 106.75 81.001571999999996 0 0 -1 0 
1 106.75 76.574012999999994 0 1 0 0 
1 111.849998 76.574012999999994 0 0 1 0 
1 111.849998 76.923775000000006 0 -1 0 0 
1 111.699997 76.923775000000006 0 0 1 0 
1 111.699997 77.723777999999996 0 -1 0 0 
1 111.5 77.723777999999996 0 0 -1 0 
1 111.5 76.923775000000006 0 -1 0 0 
1 107.099998 76.923775000000006 0 0 1 0 
1 107.099998 81.001571999999996 0 1 0 0 
1 111.5 81.001571999999996 0 0 -1 0 
1 111.5 78.523773000000006 0 1 0 0 
1 111.699997 78.523773000000006 0 0 1 0 
1 111.699997 79.001571999999996 0 1 0 0 
1 111.900002 79.001571999999996 0 0 1 0 
1 111.900002 79.201576000000003 0 -1 0 0 
1 111.699997 79.201576000000003 0 0 1 0 
1 111.699997 81.001571999999996 0 1 0 0 
1 113.550003 81.001571999999996 0 0 -1 0 
1 113.550003 79.201576000000003 0 -1 0 0 
1 112.699997 79.201576000000003 0 0 -1 0 
1 112.699997 79.001571999999996 0 1 0 0 
1 113.550003 79.001571999999996 0 0 -1 0 
1 113.550003 76.923775000000006 0 -1 0 0 
1 112.75 76.923775000000006 0 0 -1 0 
1 112.75 76.574012999999994 0 1 0 0 
1 114.699997 76.574012999999994 0 0 1 0 
1 114.699997 76.923775000000006 0 -1 0 0 
1 113.900002 76.923775000000006 0 0 1 0 
1 113.900002 79.001571999999996 0 1 0 0 
1 114.75 79.001571999999996 0 0 1 0 
1 114.75 79.201576000000003 0 -1 0 0 
1 113.900002 79.201576000000003 0 0 1 0 
1 113.900002 81.001571999999996 0 1 0 0 
1 115.75 81.001571999999996 0 0 -1 0 
1 115.75 79.201576000000003 0 -1 0 0 
1 115.550003 79.201576000000003 0 0 -1 0 
1 115.550003 79.001571999999996 0 1 0 0 
1 115.75 79.001571999999996 0 0 -1 0 
1 115.75 78.523773000000006 0 1 0 0 
1 115.949997 78.523773000000006 0 0 1 0 
1 115.949997 81.001571999999996 0 1 0 0 
1 120.349998 81.001571999999996 0 0 -1 0 
1 120.349998 76.923775000000006 0 -1 0 0 
1 115.949997 76.923775000000006 0 0 1 0 
1 115.949997 77.723777999999996 0 -1 0 0 
1 115.75 77.723777999999996 0 0 -1 0 
1 115.75 76.923775000000006 0 -1 0 0 
1 115.599998 76.923775000000006 0 0 -1 0 
1 115.599998 76.574012999999994 0 1 0 0 
1 125.449997 76.574012999999994 0 0 1 0 
1 125.449997 76.923775000000006 0 -1 0 0 
1 125.300003 76.923775000000006 0 0 1 0 
1 125.300003 77.723777999999996 0 -1 0 0 
1 125.099998 77.723777999999996 0 0 -1 0 
1 125.099998 76.923775000000006 0 -1 0 0 
1 120.699997 76.923775000000006 0 0 1 0 
1 120.699997 81.001571999999996 0 1 0 0 
1 125.099998 81.001571999999996 0 0 -1 0 
1 125.099998 78.523773000000006 0 1 0 0 
1 125.300003 78.523773000000006 0 0 1 0 
1 125.300003 79.001571999999996 0 1 0 0 
1 125.5 79.001571999999996 0 0 1 0 
1 125.5 79.201576000000003 0 -1 0 0 
1 125.300003 79.201576000000003 0 0 1 0 
1 125.300003 81.001571999999996 0 1 0 0 
1 127.150002 81.001571999999996 0 0 -1 0 
1 127.150002 79.201576000000003 0 -1 0 0 
1 126.300003 79.201576000000003 0 0 -1 0 
1 126.300003 79.001571999999996 0 1 0 0 
1 127.150002 79.001571999999996 0 0 -1 0 
1 127.150002 76.923775000000006 0 -1 0 0 
1 126.349998 76.923775000000006 0 0 -1 0 
1 126.349998 76.574012999999994 0 1 0 0 
1 128.300003 76.574012999999994 0 0 1 0 
1 128.300003 76.923775000000006 0 -1 0 0 
1 127.5 76.923775000000006 0 0 1 0 
1 127.5 79.001571999999996 0 1 0 0 
1 128.35000600000001 79.001571999999996 0 0 1 0 
1 128.35000600000001 79.201576000000003 0 -1 0 0 
1 127.5 79.201576000000003 0 0 1 0 
1 127.5 81.001571999999996 0 1 0 0 
1 129.35000600000001 81.001571999999996 0 0 -1 0 
1 129.35000600000001 79.201576000000003 0 -1 0 0 
1 129.14999399999999 79.201576000000003 0 0 -1 0 
1 129.14999399999999 79.001571999999996 0 1 0 0 
1 129.35000600000001 79.001571999999996 0 0 -1 0 
1 129.35000600000001 78.523773000000006 0 1 0 0 
1 129.550003 78.523773000000006 0 0 1 0 
1 129.550003 81.001571999999996 0 1 0 0 
1 133.949997 81.001571999999996 0 0 -1 0 
1 133.949997 76.923775000000006 0 -1 0 0 
1 129.550003 76.923775000000006 0 0 1 0 
1 129.550003 77.723777999999996 0 -1 0 0 
1 129.35000600000001 77.723777999999996 0 0 -1 0 
1 129.35000600000001 76.923775000000006 0 -1 0 0 
1 129.199997 76.923775000000006 0 0 -1 0 
1 129.199997 76.574012999999994 0 1 0 0 
1 139.050003 76.574012999999994 0 0 1 0 
1 139.050003 76.923775000000006 0 -1 0 0 
1 138.89999399999999 76.923775000000006 0 0 1 0 
1 138.89999399999999 77.723777999999996 0 -1 0 0 
1 138.699997 77.723777999999996 0 0 -1 0 
1 138.699997 76.923775000000006 0 -1 0 0 
1 134.300003 76.923775000000006 0 0 1 0 
1 134.300003 81.001571999999996 0 1 0 0 
1 138.699997 81.001571999999996 0 0 -1 0 
1 138.699997 78.523773000000006 0 1 0 0 
1 138.89999399999999 78.523773000000006 0 0 1 0 
1 138.89999399999999 79.001571999999996 0 1 0 0 
1 139.10000600000001 79.001571999999996 0 0 1 0 
1 139.10000600000001 79.201576000000003 0 -1 0 0 
1 138.89999399999999 79.201576000000003 0 0 1 0 
1 138.89999399999999 81.001571999999996 0 1 0 0 
1 140.75 81.001571999999996 0 0 -1 0 
1 140.75 79.201576000000003 0 -1 0 0 
1 139.89999399999999 79.201576000000003 0 0 -1 0 
1 139.89999399999999 79.001571999999996 0 1 0 0 
1 140.75 79.001571999999996 0 0 -1 0 
1 140.75 76.923775000000006 0 -1 0 0 
1 139.949997 76.923775000000006 0 0 -1 0 
1 139.949997 76.574012999999994 0 1 0 0 
1 141.89999399999999 76.574012999999994 0 0 1 0 
1 141.89999399999999 76.923775000000006 0 -1 0 0 
1 141.10000600000001 76.923775000000006 0 0 1 0 
1 141.10000600000001 79.001571999999996 0 1 0 0 
1 141.949997 79.001571999999996 0 0 1 0 
1 141.949997 79.201576000000003 0 -1 0 0 
1 141.10000600000001 79.201576000000003 0 0 1 0 
1 141.10000600000001 81.001571999999996 0 1 0 0 
1 142.949997 81.001571999999996 0 0 -1 0 
1 142.949997 79.201576000000003 0 -1 0 0 
1 142.75 79.201576000000003 0 0 -1 0 
1 142.75 79.001571999999996 0 1 0 0 
1 142.949997 79.001571999999996 0 0 -1 0 
1 142.949997 78.523773000000006 0 1 0 0 
1 143.14999399999999 78.523773000000006 0 0 1 0 
1 143.14999399999999 81.001571999999996 0 1 0 0 
1 147.550003 81.001571999999996 0 0 -1 0 
1 147.550003 76.923775000000006 0 -1 0 0 
1 143.14999399999999 76.923775000000006 0 0 1 0 
1 143.14999399999999 77.723777999999996 0 -1 0 0 
1 142.949997 77.723777999999996 0 0 -1 0 
1 142.949997 76.923775000000006 0 -1 0 0 
1 142.800003 76.923775000000006 0 0 -1 0 
1 142.800003 76.574012999999994 0 1 0 0 
1 152.64999399999999 76.574012999999994 0 0 1 0 
1 152.64999399999999 76.923775000000006 0 -1 0 0 
1 152.5 76.923775000000006 0 0 1 0 
1 152.5 77.723777999999996 0 -1 0 0 
1 152.300003 77.723777999999996 0 0 -1 0 
1 152.300003 76.923775000000006 0 -1 0 0 
1 147.89999399999999 76.923775000000006 0 0 1 0 
1 147.89999399999999 81.001571999999996 0 1 0 0 
1 152.300003 81.001571999999996 0 0 -1 0 
1 152.300003 78.523773000000006 0 1 0 0 
1 152.5 78.523773000000006 0 0 1 0 
1 152.5 79.001571999999996 0 1 0 0 
1 152.699997 79.001571999999996 0 0 1 0 
1 152.699997 79.201576000000003 0 -1 0 0 
1 152.5 79.201576000000003 0 0 1 0 
1 152.5 81.001571999999996 0 1 0 0 
1 154.35000600000001 81.001571999999996 0 0 -1 0 
1 154.35000600000001 79.201576000000003 0 -1 0 0 
1 153.5 79.201576000000003 0 0 -1 0 
1 153.5 79.001571999999996 0 1 0 0 
1 154.35000600000001 79.001571999999996 0 0 -1 0 
1 154.35000600000001 76.923775000000006 0 -1 0 0 
1 153.550003 76.923775000000006 0 0 -1 0 
1 153.550003 76.574012999999994 0 1 0 0 
1 155.5 76.574012999999994 0 0 1 0 
1 155.5 76.923775000000006 0 -1 0 0 
1 154.699997 76.923775000000006 0 0 1 0 
1 154.699997 79.001571999999996 0 1 0 0 
1 155.550003 79.001571999999996 0 0 1 0 
1 155.550003 79.201576000000003 0 -1 0 0 
1 154.699997 79.201576000000003 0 0 1 0 
1 154.699997 81.001571999999996 0 1 0 0 
1 156.550003 81.001571999999996 0 0 -1 0 
1 156.550003 79.201576000000003 0 -1 0 0 
1 156.35000600000001 79.201576000000003 0 0 -1 0 
1 156.35000600000001 79.001571999999996 0 1 0 0 
1 156.550003 79.001571999999996 0 0 -1 0 
1 156.550003 78.523773000000006 0 1 0 0 
1 156.75 78.523773000000006 0 0 1 0 
1 156.75 81.001571999999996 0 1 0 0 
1 161.14999399999999 81.001571999999996 0 0 -1 0 
1 161.14999399999999 76.923775000000006 0 -1 0 0 
1 156.75 76.923775000000006 0 0 1 0 
1 156.75 77.723777999999996 0 -1 0 0 
1 156.550003 77.723777999999996 0 0 -1 0 
1 156.550003 76.923775000000006 0 -1 0 0 
1 156.39999399999999 76.923775000000006 0 0 -1 0 
1 156.39999399999999 76.574012999999994 0 1 0 0 
1 161.5 76.574012999999994 0 0 1 0 
1 161.5 81.001571999999996 0 1 0 0 
1 164.64999399999999 81.001571999999996 0 0 -1 0 
1 164.64999399999999 76.074012999999994 0 1 0 0 
1 165 76.074012999999994 0 0 1 0 
1 165 81.001571999999996 0 1 0 0 
1 166.800003 81.001571999999996 0 0 -1 0 
1 166.800003 78.323539999999994 0 1 0 0 
1 167 78.323539999999994 0 0 1 0 
1 167 81.001571999999996 0 1 0 0 
1 171.39999399999999 81.001571999999996 0 0 -1 0 
1 171.39999399999999 76.848777999999996 0 -1 0 0 
1 167 76.848777999999996 0 0 1 0 
1 167 77.423537999999994 0 -1 0 0 
1 166.800003 77.423537999999994 0 0 -1 0 
1 166.800003 76.074012999999994 0 1 0 0 
1 167 76.074012999999994 0 0 1 0 
1 167 76.648773000000006 0 1 0 0 
1 171.39999399999999 76.648773000000006 0 0 -1 0 
1 171.39999399999999 72.495979000000005 0 -1 0 0 
1 167 72.495979000000005 0 0 1 0 
1 167 75.174010999999993 0 -1 0 0 
1 166.800003 75.174010999999993 0 0 -1 0 
1 166.800003 72.495979000000005 0 -1 0 0 
1 165 72.495979000000005 0 0 1 0 
1 165 75.174010999999993 0 -1 0 0 
1 164.64999399999999 75.174010999999993 0 0 -1 0 
1 164.64999399999999 72.495979000000005 0 -1 0 0 
1 98.949996999999996 72.495979000000005 0 0 1 0 
1 98.949996999999996 74.350234999999998 0 -1 0 0 
1 98.599997999999999 74.350234999999998 0 0 -1 0 
1 98.599997999999999 60.200001 0 -1 0 0 
1 91.550003000000004 60.200001 0 0 -1 0 
1 91.550003000000004 59.849997999999999 0 1 0 0 
1 99.650002000000001 59.849997999999999 0 0 -1 0 
1 99.650002000000001 50.349997999999999 0 -1 0 0 
1 90.150002000000001 50.349997999999999 0 0 1 0 
1 90.150002000000001 59.849997999999999 0 1 0 0 
1 90.650002000000001 59.849997999999999 0 0 1 0 
1 90.650002000000001 60.200001 0 -1 0 0 
1 90.150002000000001 60.200001 0 0 1 0 
1 90.150002000000001 63.145977000000002 0 1 0 0 
1 96.800003000000004 63.145977000000002 0 0 1 0 
Polygon3D 0
PolygonOnTriangulations 0
Surfaces 20
1 157.02662615175626 76.642004486860102 3.0000000000000013 0 0 1 1 0 -0 -0 1 0 
1 159.29999549999999 79.351573999999999 3 0 0 1 1 0 -0 -0 1 0 
1 143.4266318138225 76.642005536610611 3.0000000000000013 0 0 1 1 0 -0 -0 1 0 
1 145.70000450000001 79.351573999999999 3 0 0 1 1 0 -0 -0 1 0 
1 129.8266286392419 76.642004424816946 3.0000000000000013 0 0 1 1 0 -0 -0 1 0 
1 132.0999985 79.351573999999999 3 0 0 1 1 0 -0 -0 1 0 
1 116.22662907486794 76.642005001482531 2.9999999999999996 0 0 1 1 0 -0 -0 1 0 
1 118.5 79.351573999999999 3 0 0 1 1 0 -0 -0 1 0 
1 108.9500005 79.351573999999999 3 0 0 1 1 0 -0 -0 1 0 
1 111.22337174833899 76.642004815723439 2.9999999999999996 0 0 1 1 0 -0 -0 1 0 
1 122.54999949999998 79.351573999999999 3 0 0 1 1 0 -0 -0 1 0 
1 124.82337063776318 76.642005579174665 2.9999999999999996 0 0 1 1 0 -0 -0 1 0 
1 136.1500015 79.351574000000014 3 0 0 1 1 0 -0 -0 1 0 
1 138.42337136075818 76.642004424816861 3 0 0 1 1 0 -0 -0 1 0 
1 149.74999999999997 79.351573999999999 3 0 0 1 1 0 -0 -0 1 0 
1 152.02337239840898 76.642005165522463 3 0 0 1 1 0 -0 -0 1 0 
1 94.647023840496331 57.518980806839743 3.0000000000000004 0 0 1 1 0 -0 -0 1 0 
1 102.26099655970391 76.769417017317053 3.0000000000000004 0 0 1 1 0 -0 -0 1 0 
1 165.97044819413804 76.769456178239693 3.0000000000000004 0 0 1 1 0 -0 -0 1 0 
1 129.65975301174328 74.956384468954255 0 -0 -0 -1 -1 0 0 0 1 -0 
Triangulations 0

TShapes 2078
Ve
1e-07
161.149994 72.495979 3
0 0

0101101
*
Ve
1e-07
157.449997 72.495979 3
0 0

0101101
*
Ve
1e-07
157.449997 75.723778 3
0 0

0101101
*
Ve
1e-07
156.850006 75.723778 3
0 0

0101101
*
Ve
1e-07
156.850006 76.723778 3
0 0

0101101
*
Ve
1e-07
157.449997 76.723778 3
0 0

0101101
*
Ve
1e-07
157.449997 76.923775 3
0 0

0101101
*
Ve
1e-07
156.649994 76.923775 3
0 0

0101101
*
Ve
1e-07
156.649994 75.523773 3
0 0

0101101
*
Ve
1e-07
157.25 75.523773 3
0 0

0101101
*
Ve
1e-07
157.25 74.523773 3
0 0

0101101
*
Ve
1e-07
156.649994 74.523773 3
0 0

0101101
*
Ve
1e-07
156.649994 74.323776 3
0 0

0101101
*
Ve
1e-07
157.25 74.323776 3
0 0

0101101
*
Ve
1e-07
157.25 72.495979 3
0 0

0101101
*
Ve
1e-07
154.699997 72.495979 3
0 0

0101101
*
Ve
1e-07
154.699997 76.723778 3
0 0

0101101
*
Ve
1e-07
156.050003 76.723778 3
0 0

0101101
*
Ve
1e-07
156.050003 76.923775 3
0 0

0101101
*
Ve
1e-07
154.699997 76.923775 3
0 0

0101101
*
Ve
1e-07
154.699997 79.251572 3
0 0

0101101
*
Ve
1e-07
155.5 79.251572 3
0 0

0101101
*
Ve
1e-07
155.5 77.651573 3
0 0

0101101
*
Ve
1e-07
155.699997 77.651573 3
0 0

0101101
*
Ve
1e-07
155.699997 79.451576 3
0 0

0101101
*
Ve
1e-07
154.699997 79.451576 3
0 0

0101101
*
Ve
1e-07
154.699997 80.151573 3
0 0

0101101
*
Ve
1e-07
155.699997 80.151573 3
0 0

0101101
*
Ve
1e-07
155.699997 80.351578 3
0 0

0101101
*
Ve
1e-07
154.699997 80.351578 3
0 0

0101101
*
Ve
1e-07
154.699997 81.001572 3
0 0

0101101
*
Ve
1e-07
157.25 81.001572 3
0 0

0101101
*
Ve
1e-07
157.25 79.451576 3
0 0

0101101
*
Ve
1e-07
156.5 79.451576 3
0 0

0101101
*
Ve
1e-07
156.5 80.351578 3
0 0

0101101
*
Ve
1e-07
156.300003 80.351578 3
0 0

0101101
*
Ve
1e-07
156.300003 79.451576 3
0 0

0101101
*
Ve
1e-07
156.300003 79.251572 3
0 0

0101101
*
Ve
1e-07
157.25 79.251572 3
0 0

0101101
*
Ve
1e-07
157.25 77.501572 3
0 0

0101101
*
Ve
1e-07
159.399994 77.501572 3
0 0

0101101
*
Ve
1e-07
159.399994 76.901573 3
0 0

0101101
*
Ve
1e-07
159.600006 76.901573 3
0 0

0101101
*
Ve
1e-07
159.600006 77.501572 3
0 0

0101101
*
Ve
1e-07
161.149994 77.501572 3
0 0

0101101
*
Ve
1e-07
161.149994 77.701576 3
0 0

0101101
*
Ve
1e-07
161.149994 81.001572 3
0 0

0101101
*
Ve
1e-07
157.449997 77.701576 3
0 0

0101101
*
Ve
1e-07
157.449997 81.001572 3
0 0

0101101
*
Ve
1e-07
147.550003 72.495979 3
0 0

0101101
*
Ve
1e-07
143.850006 72.495979 3
0 0

0101101
*
Ve
1e-07
143.850006 75.723778 3
0 0

0101101
*
Ve
1e-07
143.25 75.723778 3
0 0

0101101
*
Ve
1e-07
143.25 76.723778 3
0 0

0101101
*
Ve
1e-07
143.850006 76.723778 3
0 0

0101101
*
Ve
1e-07
143.850006 76.923775 3
0 0

0101101
*
Ve
1e-07
143.050003 76.923775 3
0 0

0101101
*
Ve
1e-07
143.050003 75.523773 3
0 0

0101101
*
Ve
1e-07
143.649994 75.523773 3
0 0

0101101
*
Ve
1e-07
143.649994 74.523773 3
0 0

0101101
*
Ve
1e-07
143.050003 74.523773 3
0 0

0101101
*
Ve
1e-07
143.050003 74.323776 3
0 0

0101101
*
Ve
1e-07
143.649994 74.323776 3
0 0

0101101
*
Ve
1e-07
143.649994 72.495979 3
0 0

0101101
*
Ve
1e-07
141.100006 72.495979 3
0 0

0101101
*
Ve
1e-07
141.100006 76.723778 3
0 0

0101101
*
Ve
1e-07
142.449997 76.723778 3
0 0

0101101
*
Ve
1e-07
142.449997 76.923775 3
0 0

0101101
*
Ve
1e-07
141.100006 76.923775 3
0 0

0101101
*
Ve
1e-07
141.100006 79.251572 3
0 0

0101101
*
Ve
1e-07
141.899994 79.251572 3
0 0

0101101
*
Ve
1e-07
141.899994 77.651573 3
0 0

0101101
*
Ve
1e-07
142.100006 77.651573 3
0 0

0101101
*
Ve
1e-07
142.100006 79.451576 3
0 0

0101101
*
Ve
1e-07
141.100006 79.451576 3
0 0

0101101
*
Ve
1e-07
141.100006 80.151573 3
0 0

0101101
*
Ve
1e-07
142.100006 80.151573 3
0 0

0101101
*
Ve
1e-07
142.100006 80.351578 3
0 0

0101101
*
Ve
1e-07
141.100006 80.351578 3
0 0

0101101
*
Ve
1e-07
141.100006 81.001572 3
0 0

0101101
*
Ve
1e-07
143.649994 81.001572 3
0 0

0101101
*
Ve
1e-07
143.649994 79.451576 3
0 0

0101101
*
Ve
1e-07
142.899994 79.451576 3
0 0

0101101
*
Ve
1e-07
142.899994 80.351578 3
0 0

0101101
*
Ve
1e-07
142.699997 80.351578 3
0 0

0101101
*
Ve
1e-07
142.699997 79.451576 3
0 0

0101101
*
Ve
1e-07
142.699997 79.251572 3
0 0

0101101
*
Ve
1e-07
143.649994 79.251572 3
0 0

0101101
*
Ve
1e-07
143.649994 77.501572 3
0 0

0101101
*
Ve
1e-07
145.800003 77.501572 3
0 0

0101101
*
Ve
1e-07
145.800003 76.901573 3
0 0

0101101
*
Ve
1e-07
146 76.901573 3
0 0

0101101
*
Ve
1e-07
146 77.501572 3
0 0

0101101
*
Ve
1e-07
147.550003 77.501572 3
0 0

0101101
*
Ve
1e-07
147.550003 77.701576 3
0 0

0101101
*
Ve
1e-07
147.550003 81.001572 3
0 0

0101101
*
Ve
1e-07
143.850006 77.701576 3
0 0

0101101
*
Ve
1e-07
143.850006 81.001572 3
0 0

0101101
*
Ve
1e-07
133.949997 72.495979 3
0 0

0101101
*
Ve
1e-07
130.25 72.495979 3
0 0

0101101
*
Ve
1e-07
130.25 75.723778 3
0 0

0101101
*
Ve
1e-07
129.649994 75.723778 3
0 0

0101101
*
Ve
1e-07
129.649994 76.723778 3
0 0

0101101
*
Ve
1e-07
130.25 76.723778 3
0 0

0101101
*
Ve
1e-07
130.25 76.923775 3
0 0

0101101
*
Ve
1e-07
129.449997 76.923775 3
0 0

0101101
*
Ve
1e-07
129.449997 75.523773 3
0 0

0101101
*
Ve
1e-07
130.050003 75.523773 3
0 0

0101101
*
Ve
1e-07
130.050003 74.523773 3
0 0

0101101
*
Ve
1e-07
129.449997 74.523773 3
0 0

0101101
*
Ve
1e-07
129.449997 74.323776 3
0 0

0101101
*
Ve
1e-07
130.050003 74.323776 3
0 0

0101101
*
Ve
1e-07
130.050003 72.495979 3
0 0

0101101
*
Ve
1e-07
127.5 72.495979 3
0 0

0101101
*
Ve
1e-07
127.5 76.723778 3
0 0

0101101
*
Ve
1e-07
128.850006 76.723778 3
0 0

0101101
*
Ve
1e-07
128.850006 76.923775 3
0 0

0101101
*
Ve
1e-07
127.5 76.923775 3
0 0

0101101
*
Ve
1e-07
127.5 79.251572 3
0 0

0101101
*
Ve
1e-07
128.300003 79.251572 3
0 0

0101101
*
Ve
1e-07
128.300003 77.651573 3
0 0

0101101
*
Ve
1e-07
128.5 77.651573 3
0 0

0101101
*
Ve
1e-07
128.5 79.451576 3
0 0

0101101
*
Ve
1e-07
127.5 79.451576 3
0 0

0101101
*
Ve
1e-07
127.5 80.151573 3
0 0

0101101
*
Ve
1e-07
128.5 80.151573 3
0 0

0101101
*
Ve
1e-07
128.5 80.351578 3
0 0

0101101
*
Ve
1e-07
127.5 80.351578 3
0 0

0101101
*
Ve
1e-07
127.5 81.001572 3
0 0

0101101
*
Ve
1e-07
130.050003 81.001572 3
0 0

0101101
*
Ve
1e-07
130.050003 79.451576 3
0 0

0101101
*
Ve
1e-07
129.300003 79.451576 3
0 0

0101101
*
Ve
1e-07
129.300003 80.351578 3
0 0

0101101
*
Ve
1e-07
129.100006 80.351578 3
0 0

0101101
*
Ve
1e-07
129.100006 79.451576 3
0 0

0101101
*
Ve
1e-07
129.100006 79.251572 3
0 0

0101101
*
Ve
1e-07
130.050003 79.251572 3
0 0

0101101
*
Ve
1e-07
130.050003 77.501572 3
0 0

0101101
*
Ve
1e-07
132.199997 77.501572 3
0 0

0101101
*
Ve
1e-07
132.199997 76.901573 3
0 0

0101101
*
Ve
1e-07
132.399994 76.901573 3
0 0

0101101
*
Ve
1e-07
132.399994 77.501572 3
0 0

0101101
*
Ve
1e-07
133.949997 77.501572 3
0 0

0101101
*
Ve
1e-07
133.949997 77.701576 3
0 0

0101101
*
Ve
1e-07
133.949997 81.001572 3
0 0

0101101
*
Ve
1e-07
130.25 77.701576 3
0 0

0101101
*
Ve
1e-07
130.25 81.001572 3
0 0

0101101
*
Ve
1e-07
120.349998 72.495979 3
0 0

0101101
*
Ve
1e-07
116.650002 72.495979 3
0 0

0101101
*
Ve
1e-07
116.650002 75.723778 3
0 0

0101101
*
Ve
1e-07
116.050003 75.723778 3
0 0

0101101
*
Ve
1e-07
116.050003 76.723778 3
0 0

0101101
*
Ve
1e-07
116.650002 76.723778 3
0 0

0101101
*
Ve
1e-07
116.650002 76.923775 3
0 0

0101101
*
Ve
1e-07
115.849998 76.923775 3
0 0

0101101
*
Ve
1e-07
115.849998 75.523773 3
0 0

0101101
*
Ve
1e-07
116.449997 75.523773 3
0 0

0101101
*
Ve
1e-07
116.449997 74.523773 3
0 0

0101101
*
Ve
1e-07
115.849998 74.523773 3
0 0

0101101
*
Ve
1e-07
115.849998 74.323776 3
0 0

0101101
*
Ve
1e-07
116.449997 74.323776 3
0 0

0101101
*
Ve
1e-07
116.449997 72.495979 3
0 0

0101101
*
Ve
1e-07
113.900002 72.495979 3
0 0

0101101
*
Ve
1e-07
113.900002 76.723778 3
0 0

0101101
*
Ve
1e-07
115.25 76.723778 3
0 0

0101101
*
Ve
1e-07
115.25 76.923775 3
0 0

0101101
*
Ve
1e-07
113.900002 76.923775 3
0 0

0101101
*
Ve
1e-07
113.900002 79.251572 3
0 0

0101101
*
Ve
1e-07
114.699997 79.251572 3
0 0

0101101
*
Ve
1e-07
114.699997 77.651573 3
0 0

0101101
*
Ve
1e-07
114.900002 77.651573 3
0 0

0101101
*
Ve
1e-07
114.900002 79.451576 3
0 0

0101101
*
Ve
1e-07
113.900002 79.451576 3
0 0

0101101
*
Ve
1e-07
113.900002 80.151573 3
0 0

0101101
*
Ve
1e-07
114.900002 80.151573 3
0 0

0101101
*
Ve
1e-07
114.900002 80.351578 3
0 0

0101101
*
Ve
1e-07
113.900002 80.351578 3
0 0

0101101
*
Ve
1e-07
113.900002 81.001572 3
0 0

0101101
*
Ve
1e-07
116.449997 81.001572 3
0 0

0101101
*
Ve
1e-07
116.449997 79.451576 3
0 0

0101101
*
Ve
1e-07
115.699997 79.451576 3
0 0

0101101
*
Ve
1e-07
115.699997 80.351578 3
0 0

0101101
*
Ve
1e-07
115.5 80.351578 3
0 0

0101101
*
Ve
1e-07
115.5 79.451576 3
0 0

0101101
*
Ve
1e-07
115.5 79.251572 3
0 0

0101101
*
Ve
1e-07
116.449997 79.251572 3
0 0

0101101
*
Ve
1e-07
116.449997 77.501572 3
0 0

0101101
*
Ve
1e-07
118.599998 77.501572 3
0 0

0101101
*
Ve
1e-07
118.599998 76.901573 3
0 0

0101101
*
Ve
1e-07
118.800003 76.901573 3
0 0

0101101
*
Ve
1e-07
118.800003 77.501572 3
0 0

0101101
*
Ve
1e-07
120.349998 77.501572 3
0 0

0101101
*
Ve
1e-07
120.349998 77.701576 3
0 0

0101101
*
Ve
1e-07
120.349998 81.001572 3
0 0

0101101
*
Ve
1e-07
116.650002 77.701576 3
0 0

0101101
*
Ve
1e-07
116.650002 81.001572 3
0 0

0101101
*
Ve
1e-07
107.099998 77.701576 3
0 0

0101101
*
Ve
1e-07
107.099998 81.001572 3
0 0

0101101
*
Ve
1e-07
110.800003 77.701576 3
0 0

0101101
*
Ve
1e-07
110.800003 81.001572 3
0 0

0101101
*
Ve
1e-07
113.550003 72.495979 3
0 0

0101101
*
Ve
1e-07
113.550003 76.723778 3
0 0

0101101
*
Ve
1e-07
112.199997 76.723778 3
0 0

0101101
*
Ve
1e-07
112.199997 76.923775 3
0 0

0101101
*
Ve
1e-07
113.550003 76.923775 3
0 0

0101101
*
Ve
1e-07
113.550003 79.251572 3
0 0

0101101
*
Ve
1e-07
112.75 79.251572 3
0 0

0101101
*
Ve
1e-07
112.75 77.651573 3
0 0

0101101
*
Ve
1e-07
112.550003 77.651573 3
0 0

0101101
*
Ve
1e-07
112.550003 79.451576 3
0 0

0101101
*
Ve
1e-07
113.550003 79.451576 3
0 0

0101101
*
Ve
1e-07
113.550003 80.151573 3
0 0

0101101
*
Ve
1e-07
112.550003 80.151573 3
0 0

0101101
*
Ve
1e-07
112.550003 80.351578 3
0 0

0101101
*
Ve
1e-07
113.550003 80.351578 3
0 0

0101101
*
Ve
1e-07
113.550003 81.001572 3
0 0

0101101
*
Ve
1e-07
111 81.001572 3
0 0

0101101
*
Ve
1e-07
111 79.451576 3
0 0

0101101
*
Ve
1e-07
111.75 79.451576 3
0 0

0101101
*
Ve
1e-07
111.75 80.351578 3
0 0

0101101
*
Ve
1e-07
111.949997 80.351578 3
0 0

0101101
*
Ve
1e-07
111.949997 79.451576 3
0 0

0101101
*
Ve
1e-07
111.949997 79.251572 3
0 0

0101101
*
Ve
1e-07
111 79.251572 3
0 0

0101101
*
Ve
1e-07
111 77.501572 3
0 0

0101101
*
Ve
1e-07
108.849998 77.501572 3
0 0

0101101
*
Ve
1e-07
108.849998 76.901573 3
0 0

0101101
*
Ve
1e-07
108.650002 76.901573 3
0 0

0101101
*
Ve
1e-07
108.650002 77.501572 3
0 0

0101101
*
Ve
1e-07
107.099998 77.501572 3
0 0

0101101
*
Ve
1e-07
107.099998 72.495979 3
0 0

0101101
*
Ve
1e-07
110.800003 72.495979 3
0 0

0101101
*
Ve
1e-07
110.800003 75.723778 3
0 0

0101101
*
Ve
1e-07
111.400002 75.723778 3
0 0

0101101
*
Ve
1e-07
111.400002 76.723778 3
0 0

0101101
*
Ve
1e-07
110.800003 76.723778 3
0 0

0101101
*
Ve
1e-07
110.800003 76.923775 3
0 0

0101101
*
Ve
1e-07
111.599998 76.923775 3
0 0

0101101
*
Ve
1e-07
111.599998 75.523773 3
0 0

0101101
*
Ve
1e-07
111 75.523773 3
0 0

0101101
*
Ve
1e-07
111 74.523773 3
0 0

0101101
*
Ve
1e-07
111.599998 74.523773 3
0 0

0101101
*
Ve
1e-07
111.599998 74.323776 3
0 0

0101101
*
Ve
1e-07
111 74.323776 3
0 0

0101101
*
Ve
1e-07
111 72.495979 3
0 0

0101101
*
Ve
1e-07
120.699997 77.701576 3
0 0

0101101
*
Ve
1e-07
120.699997 81.001572 3
0 0

0101101
*
Ve
1e-07
124.400002 77.701576 3
0 0

0101101
*
Ve
1e-07
124.400002 81.001572 3
0 0

0101101
*
Ve
1e-07
127.150002 72.495979 3
0 0

0101101
*
Ve
1e-07
127.150002 76.723778 3
0 0

0101101
*
Ve
1e-07
125.800003 76.723778 3
0 0

0101101
*
Ve
1e-07
125.800003 76.923775 3
0 0

0101101
*
Ve
1e-07
127.150002 76.923775 3
0 0

0101101
*
Ve
1e-07
127.150002 79.251572 3
0 0

0101101
*
Ve
1e-07
126.349998 79.251572 3
0 0

0101101
*
Ve
1e-07
126.349998 77.651573 3
0 0

0101101
*
Ve
1e-07
126.150002 77.651573 3
0 0

0101101
*
Ve
1e-07
126.150002 79.451576 3
0 0

0101101
*
Ve
1e-07
127.150002 79.451576 3
0 0

0101101
*
Ve
1e-07
127.150002 80.151573 3
0 0

0101101
*
Ve
1e-07
126.150002 80.151573 3
0 0

0101101
*
Ve
1e-07
126.150002 80.351578 3
0 0

0101101
*
Ve
1e-07
127.150002 80.351578 3
0 0

0101101
*
Ve
1e-07
127.150002 81.001572 3
0 0

0101101
*
Ve
1e-07
124.599998 81.001572 3
0 0

0101101
*
Ve
1e-07
124.599998 79.451576 3
0 0

0101101
*
Ve
1e-07
125.349998 79.451576 3
0 0

0101101
*
Ve
1e-07
125.349998 80.351578 3
0 0

0101101
*
Ve
1e-07
125.550003 80.351578 3
0 0

0101101
*
Ve
1e-07
125.550003 79.451576 3
0 0

0101101
*
Ve
1e-07
125.550003 79.251572 3
0 0

0101101
*
Ve
1e-07
124.599998 79.251572 3
0 0

0101101
*
Ve
1e-07
124.599998 77.501572 3
0 0

0101101
*
Ve
1e-07
122.449997 77.501572 3
0 0

0101101
*
Ve
1e-07
122.449997 76.901573 3
0 0

0101101
*
Ve
1e-07
122.25 76.901573 3
0 0

0101101
*
Ve
1e-07
122.25 77.501572 3
0 0

0101101
*
Ve
1e-07
120.699997 77.501572 3
0 0

0101101
*
Ve
1e-07
120.699997 72.495979 3
0 0

0101101
*
Ve
1e-07
124.400002 72.495979 3
0 0

0101101
*
Ve
1e-07
124.400002 75.723778 3
0 0

0101101
*
Ve
1e-07
125 75.723778 3
0 0

0101101
*
Ve
1e-07
125 76.723778 3
0 0

0101101
*
Ve
1e-07
124.400002 76.723778 3
0 0

0101101
*
Ve
1e-07
124.400002 76.923775 3
0 0

0101101
*
Ve
1e-07
125.199997 76.923775 3
0 0

0101101
*
Ve
1e-07
125.199997 75.523773 3
0 0

0101101
*
Ve
1e-07
124.599998 75.523773 3
0 0

0101101
*
Ve
1e-07
124.599998 74.523773 3
0 0

0101101
*
Ve
1e-07
125.199997 74.523773 3
0 0

0101101
*
Ve
1e-07
125.199997 74.323776 3
0 0

0101101
*
Ve
1e-07
124.599998 74.323776 3
0 0

0101101
*
Ve
1e-07
124.599998 72.495979 3
0 0

0101101
*
Ve
1e-07
134.300003 77.701576 3
0 0

0101101
*
Ve
1e-07
134.300003 81.001572 3
0 0

0101101
*
Ve
1e-07
138 77.701576 3
0 0

0101101
*
Ve
1e-07
138 81.001572 3
0 0

0101101
*
Ve
1e-07
140.75 72.495979 3
0 0

0101101
*
Ve
1e-07
140.75 76.723778 3
0 0

0101101
*
Ve
1e-07
139.399994 76.723778 3
0 0

0101101
*
Ve
1e-07
139.399994 76.923775 3
0 0

0101101
*
Ve
1e-07
140.75 76.923775 3
0 0

0101101
*
Ve
1e-07
140.75 79.251572 3
0 0

0101101
*
Ve
1e-07
139.949997 79.251572 3
0 0

0101101
*
Ve
1e-07
139.949997 77.651573 3
0 0

0101101
*
Ve
1e-07
139.75 77.651573 3
0 0

0101101
*
Ve
1e-07
139.75 79.451576 3
0 0

0101101
*
Ve
1e-07
140.75 79.451576 3
0 0

0101101
*
Ve
1e-07
140.75 80.151573 3
0 0

0101101
*
Ve
1e-07
139.75 80.151573 3
0 0

0101101
*
Ve
1e-07
139.75 80.351578 3
0 0

0101101
*
Ve
1e-07
140.75 80.351578 3
0 0

0101101
*
Ve
1e-07
140.75 81.001572 3
0 0

0101101
*
Ve
1e-07
138.199997 81.001572 3
0 0

0101101
*
Ve
1e-07
138.199997 79.451576 3
0 0

0101101
*
Ve
1e-07
138.949997 79.451576 3
0 0

0101101
*
Ve
1e-07
138.949997 80.351578 3
0 0

0101101
*
Ve
1e-07
139.149994 80.351578 3
0 0

0101101
*
Ve
1e-07
139.149994 79.451576 3
0 0

0101101
*
Ve
1e-07
139.149994 79.251572 3
0 0

0101101
*
Ve
1e-07
138.199997 79.251572 3
0 0

0101101
*
Ve
1e-07
138.199997 77.501572 3
0 0

0101101
*
Ve
1e-07
136.050003 77.501572 3
0 0

0101101
*
Ve
1e-07
136.050003 76.901573 3
0 0

0101101
*
Ve
1e-07
135.850006 76.901573 3
0 0

0101101
*
Ve
1e-07
135.850006 77.501572 3
0 0

0101101
*
Ve
1e-07
134.300003 77.501572 3
0 0

0101101
*
Ve
1e-07
134.300003 72.495979 3
0 0

0101101
*
Ve
1e-07
138 72.495979 3
0 0

0101101
*
Ve
1e-07
138 75.723778 3
0 0

0101101
*
Ve
1e-07
138.600006 75.723778 3
0 0

0101101
*
Ve
1e-07
138.600006 76.723778 3
0 0

0101101
*
Ve
1e-07
138 76.723778 3
0 0

0101101
*
Ve
1e-07
138 76.923775 3
0 0

0101101
*
Ve
1e-07
138.800003 76.923775 3
0 0

0101101
*
Ve
1e-07
138.800003 75.523773 3
0 0

0101101
*
Ve
1e-07
138.199997 75.523773 3
0 0

0101101
*
Ve
1e-07
138.199997 74.523773 3
0 0

0101101
*
Ve
1e-07
138.800003 74.523773 3
0 0

0101101
*
Ve
1e-07
138.800003 74.323776 3
0 0

0101101
*
Ve
1e-07
138.199997 74.323776 3
0 0

0101101
*
Ve
1e-07
138.199997 72.495979 3
0 0

0101101
*
Ve
1e-07
147.899994 77.701576 3
0 0

0101101
*
Ve
1e-07
147.899994 81.001572 3
0 0

0101101
*
Ve
1e-07
151.600006 77.701576 3
0 0

0101101
*
Ve
1e-07
151.600006 81.001572 3
0 0

0101101
*
Ve
1e-07
147.899994 72.495979 3
0 0

0101101
*
Ve
1e-07
151.600006 72.495979 3
0 0

0101101
*
Ve
1e-07
151.600006 75.723778 3
0 0

0101101
*
Ve
1e-07
152.199997 75.723778 3
0 0

0101101
*
Ve
1e-07
152.199997 76.723778 3
0 0

0101101
*
Ve
1e-07
151.600006 76.723778 3
0 0

0101101
*
Ve
1e-07
151.600006 76.923775 3
0 0

0101101
*
Ve
1e-07
152.399994 76.923775 3
0 0

0101101
*
Ve
1e-07
152.399994 75.523773 3
0 0

0101101
*
Ve
1e-07
151.800003 75.523773 3
0 0

0101101
*
Ve
1e-07
151.800003 74.523773 3
0 0

0101101
*
Ve
1e-07
152.399994 74.523773 3
0 0

0101101
*
Ve
1e-07
152.399994 74.323776 3
0 0

0101101
*
Ve
1e-07
151.800003 74.323776 3
0 0

0101101
*
Ve
1e-07
151.800003 72.495979 3
0 0

0101101
*
Ve
1e-07
154.350006 72.495979 3
0 0

0101101
*
Ve
1e-07
154.350006 76.723778 3
0 0

0101101
*
Ve
1e-07
153 76.723778 3
0 0

0101101
*
Ve
1e-07
153 76.923775 3
0 0

0101101
*
Ve
1e-07
154.350006 76.923775 3
0 0

0101101
*
Ve
1e-07
154.350006 79.251572 3
0 0

0101101
*
Ve
1e-07
153.550003 79.251572 3
0 0

0101101
*
Ve
1e-07
153.550003 77.651573 3
0 0

0101101
*
Ve
1e-07
153.350006 77.651573 3
0 0

0101101
*
Ve
1e-07
153.350006 79.451576 3
0 0

0101101
*
Ve
1e-07
154.350006 79.451576 3
0 0

0101101
*
Ve
1e-07
154.350006 80.151573 3
0 0

0101101
*
Ve
1e-07
153.350006 80.151573 3
0 0

0101101
*
Ve
1e-07
153.350006 80.351578 3
0 0

0101101
*
Ve
1e-07
154.350006 80.351578 3
0 0

0101101
*
Ve
1e-07
154.350006 81.001572 3
0 0

0101101
*
Ve
1e-07
151.800003 81.001572 3
0 0

0101101
*
Ve
1e-07
151.800003 79.451576 3
0 0

0101101
*
Ve
1e-07
152.550003 79.451576 3
0 0

0101101
*
Ve
1e-07
152.550003 80.351578 3
0 0

0101101
*
Ve
1e-07
152.75 80.351578 3
0 0

0101101
*
Ve
1e-07
152.75 79.451576 3
0 0

0101101
*
Ve
1e-07
152.75 79.251572 3
0 0

0101101
*
Ve
1e-07
151.800003 79.251572 3
0 0

0101101
*
Ve
1e-07
151.800003 77.501572 3
0 0

0101101
*
Ve
1e-07
149.649994 77.501572 3
0 0

0101101
*
Ve
1e-07
149.649994 76.901573 3
0 0

0101101
*
Ve
1e-07
149.449997 76.901573 3
0 0

0101101
*
Ve
1e-07
149.449997 77.501572 3
0 0

0101101
*
Ve
1e-07
147.899994 77.501572 3
0 0

0101101
*
Ve
1e-07
98.599998 63.145977 3
0 0

0101101
*
Ve
1e-07
90.150002 63.145977 3
0 0

0101101
*
Ve
1e-07
90.150002 60.200001 3
0 0

0101101
*
Ve
1e-07
97.300003 60.200001 3
0 0

0101101
*
Ve
1e-07
97.300003 59.849998 3
0 0

0101101
*
Ve
1e-07
90.150002 59.849998 3
0 0

0101101
*
Ve
1e-07
90.150002 50.349998 3
0 0

0101101
*
Ve
1e-07
99.650002 50.349998 3
0 0

0101101
*
Ve
1e-07
99.650002 59.849998 3
0 0

0101101
*
Ve
1e-07
98.199997 59.849998 3
0 0

0101101
*
Ve
1e-07
98.199997 60.200001 3
0 0

0101101
*
Ve
1e-07
98.599998 60.200001 3
0 0

0101101
*
Ve
1e-07
103.25 75.948776 3
0 0

0101101
*
Ve
1e-07
103.25 81.001572 3
0 0

0101101
*
Ve
1e-07
96.800003 81.001572 3
0 0

0101101
*
Ve
1e-07
96.800003 72.495979 3
0 0

0101101
*
Ve
1e-07
103.25 72.495979 3
0 0

0101101
*
Ve
1e-07
103.25 75.148773 3
0 0

0101101
*
Ve
1e-07
103.599998 75.148773 3
0 0

0101101
*
Ve
1e-07
103.599998 72.495979 3
0 0

0101101
*
Ve
1e-07
106.75 72.495979 3
0 0

0101101
*
Ve
1e-07
106.75 81.001572 3
0 0

0101101
*
Ve
1e-07
103.599998 81.001572 3
0 0

0101101
*
Ve
1e-07
103.599998 75.948776 3
0 0

0101101
*
Ve
1e-07
165 75.948776 3
0 0

0101101
*
Ve
1e-07
164.649994 75.948776 3
0 0

0101101
*
Ve
1e-07
164.649994 81.001572 3
0 0

0101101
*
Ve
1e-07
161.5 81.001572 3
0 0

0101101
*
Ve
1e-07
161.5 72.495979 3
0 0

0101101
*
Ve
1e-07
164.649994 72.495979 3
0 0

0101101
*
Ve
1e-07
164.649994 75.148773 3
0 0

0101101
*
Ve
1e-07
165 75.148773 3
0 0

0101101
*
Ve
1e-07
165 72.495979 3
0 0

0101101
*
Ve
1e-07
171.399994 72.495979 3
0 0

0101101
*
Ve
1e-07
171.399994 81.001572 3
0 0

0101101
*
Ve
1e-07
165 81.001572 3
0 0

0101101
*
Ve
1e-07
167 76.648773 0
0 0

0101101
*
Ve
1e-07
171.399994 76.648773 0
0 0

0101101
*
Ve
1e-07
171.399994 72.495979 0
0 0

0101101
*
Ve
1e-07
167 72.495979 0
0 0

0101101
*
Ve
1e-07
167 75.174011 0
0 0

0101101
*
Ve
1e-07
166.800003 75.174011 0
0 0

0101101
*
Ve
1e-07
166.800003 72.495979 0
0 0

0101101
*
Ve
1e-07
165 72.495979 0
0 0

0101101
*
Ve
1e-07
165 75.174011 0
0 0

0101101
*
Ve
1e-07
164.649994 75.174011 0
0 0

0101101
*
Ve
1e-07
164.649994 72.495979 0
0 0

0101101
*
Ve
1e-07
98.949997 72.495979 0
0 0

0101101
*
Ve
1e-07
98.949997 74.350235 0
0 0

0101101
*
Ve
1e-07
98.599998 74.350235 0
0 0

0101101
*
Ve
1e-07
98.599998 60.200001 0
0 0

0101101
*
Ve
1e-07
91.550003 60.200001 0
0 0

0101101
*
Ve
1e-07
91.550003 59.849998 0
0 0

0101101
*
Ve
1e-07
99.650002 59.849998 0
0 0

0101101
*
Ve
1e-07
99.650002 50.349998 0
0 0

0101101
*
Ve
1e-07
90.150002 50.349998 0
0 0

0101101
*
Ve
1e-07
90.150002 59.849998 0
0 0

0101101
*
Ve
1e-07
90.650002 59.849998 0
0 0

0101101
*
Ve
1e-07
90.650002 60.200001 0
0 0

0101101
*
Ve
1e-07
90.150002 60.200001 0
0 0

0101101
*
Ve
1e-07
90.150002 63.145977 0
0 0

0101101
*
Ve
1e-07
96.800003 63.145977 0
0 0

0101101
*
Ve
1e-07
96.800003 81.001572 0
0 0

0101101
*
Ve
1e-07
103.25 81.001572 0
0 0

0101101
*
Ve
1e-07
103.25 76.923775 0
0 0

0101101
*
Ve
1e-07
98.599998 76.923775 0
0 0

0101101
*
Ve
1e-07
98.599998 76.574013 0
0 0

0101101
*
Ve
1e-07
103.599998 76.574013 0
0 0

0101101
*
Ve
1e-07
103.599998 81.001572 0
0 0

0101101
*
Ve
1e-07
106.75 81.001572 0
0 0

0101101
*
Ve
1e-07
106.75 76.574013 0
0 0

0101101
*
Ve
1e-07
111.849998 76.574013 0
0 0

0101101
*
Ve
1e-07
111.849998 76.923775 0
0 0

0101101
*
Ve
1e-07
111.699997 76.923775 0
0 0

0101101
*
Ve
1e-07
111.699997 77.723778 0
0 0

0101101
*
Ve
1e-07
111.5 77.723778 0
0 0

0101101
*
Ve
1e-07
111.5 76.923775 0
0 0

0101101
*
Ve
1e-07
107.099998 76.923775 0
0 0

0101101
*
Ve
1e-07
107.099998 81.001572 0
0 0

0101101
*
Ve
1e-07
111.5 81.001572 0
0 0

0101101
*
Ve
1e-07
111.5 78.523773 0
0 0

0101101
*
Ve
1e-07
111.699997 78.523773 0
0 0

0101101
*
Ve
1e-07
111.699997 79.001572 0
0 0

0101101
*
Ve
1e-07
111.900002 79.001572 0
0 0

0101101
*
Ve
1e-07
111.900002 79.201576 0
0 0

0101101
*
Ve
1e-07
111.699997 79.201576 0
0 0

0101101
*
Ve
1e-07
111.699997 81.001572 0
0 0

0101101
*
Ve
1e-07
113.550003 81.001572 0
0 0

0101101
*
Ve
1e-07
113.550003 79.201576 0
0 0

0101101
*
Ve
1e-07
112.699997 79.201576 0
0 0

0101101
*
Ve
1e-07
112.699997 79.001572 0
0 0

0101101
*
Ve
1e-07
113.550003 79.001572 0
0 0

0101101
*
Ve
1e-07
113.550003 76.923775 0
0 0

0101101
*
Ve
1e-07
112.75 76.923775 0
0 0

0101101
*
Ve
1e-07
112.75 76.574013 0
0 0

0101101
*
Ve
1e-07
114.699997 76.574013 0
0 0

0101101
*
Ve
1e-07
114.699997 76.923775 0
0 0

0101101
*
Ve
1e-07
113.900002 76.923775 0
0 0

0101101
*
Ve
1e-07
113.900002 79.001572 0
0 0

0101101
*
Ve
1e-07
114.75 79.001572 0
0 0

0101101
*
Ve
1e-07
114.75 79.201576 0
0 0

0101101
*
Ve
1e-07
113.900002 79.201576 0
0 0

0101101
*
Ve
1e-07
113.900002 81.001572 0
0 0

0101101
*
Ve
1e-07
115.75 81.001572 0
0 0

0101101
*
Ve
1e-07
115.75 79.201576 0
0 0

0101101
*
Ve
1e-07
115.550003 79.201576 0
0 0

0101101
*
Ve
1e-07
115.550003 79.001572 0
0 0

0101101
*
Ve
1e-07
115.75 79.001572 0
0 0

0101101
*
Ve
1e-07
115.75 78.523773 0
0 0

0101101
*
Ve
1e-07
115.949997 78.523773 0
0 0

0101101
*
Ve
1e-07
115.949997 81.001572 0
0 0

0101101
*
Ve
1e-07
120.349998 81.001572 0
0 0

0101101
*
Ve
1e-07
120.349998 76.923775 0
0 0

0101101
*
Ve
1e-07
115.949997 76.923775 0
0 0

0101101
*
Ve
1e-07
115.949997 77.723778 0
0 0

0101101
*
Ve
1e-07
115.75 77.723778 0
0 0

0101101
*
Ve
1e-07
115.75 76.923775 0
0 0

0101101
*
Ve
1e-07
115.599998 76.923775 0
0 0

0101101
*
Ve
1e-07
115.599998 76.574013 0
0 0

0101101
*
Ve
1e-07
125.449997 76.574013 0
0 0

0101101
*
Ve
1e-07
125.449997 76.923775 0
0 0

0101101
*
Ve
1e-07
125.300003 76.923775 0
0 0

0101101
*
Ve
1e-07
125.300003 77.723778 0
0 0

0101101
*
Ve
1e-07
125.099998 77.723778 0
0 0

0101101
*
Ve
1e-07
125.099998 76.923775 0
0 0

0101101
*
Ve
1e-07
120.699997 76.923775 0
0 0

0101101
*
Ve
1e-07
120.699997 81.001572 0
0 0

0101101
*
Ve
1e-07
125.099998 81.001572 0
0 0

0101101
*
Ve
1e-07
125.099998 78.523773 0
0 0

0101101
*
Ve
1e-07
125.300003 78.523773 0
0 0

0101101
*
Ve
1e-07
125.300003 79.001572 0
0 0

0101101
*
Ve
1e-07
125.5 79.001572 0
0 0

0101101
*
Ve
1e-07
125.5 79.201576 0
0 0

0101101
*
Ve
1e-07
125.300003 79.201576 0
0 0

0101101
*
Ve
1e-07
125.300003 81.001572 0
0 0

0101101
*
Ve
1e-07
127.150002 81.001572 0
0 0

0101101
*
Ve
1e-07
127.150002 79.201576 0
0 0

0101101
*
Ve
1e-07
126.300003 79.201576 0
0 0

0101101
*
Ve
1e-07
126.300003 79.001572 0
0 0

0101101
*
Ve
1e-07
127.150002 79.001572 0
0 0

0101101
*
Ve
1e-07
127.150002 76.923775 0
0 0

0101101
*
Ve
1e-07
126.349998 76.923775 0
0 0

0101101
*
Ve
1e-07
126.349998 76.574013 0
0 0

0101101
*
Ve
1e-07
128.300003 76.574013 0
0 0

0101101
*
Ve
1e-07
128.300003 76.923775 0
0 0

0101101
*
Ve
1e-07
127.5 76.923775 0
0 0

0101101
*
Ve
1e-07
127.5 79.001572 0
0 0

0101101
*
Ve
1e-07
128.350006 79.001572 0
0 0

0101101
*
Ve
1e-07
128.350006 79.201576 0
0 0

0101101
*
Ve
1e-07
127.5 79.201576 0
0 0

0101101
*
Ve
1e-07
127.5 81.001572 0
0 0

0101101
*
Ve
1e-07
129.350006 81.001572 0
0 0

0101101
*
Ve
1e-07
129.350006 79.201576 0
0 0

0101101
*
Ve
1e-07
129.149994 79.201576 0
0 0

0101101
*
Ve
1e-07
129.149994 79.001572 0
0 0

0101101
*
Ve
1e-07
129.350006 79.001572 0
0 0

0101101
*
Ve
1e-07
129.350006 78.523773 0
0 0

0101101
*
Ve
1e-07
129.550003 78.523773 0
0 0

0101101
*
Ve
1e-07
129.550003 81.001572 0
0 0

0101101
*
Ve
1e-07
133.949997 81.001572 0
0 0

0101101
*
Ve
1e-07
133.949997 76.923775 0
0 0

0101101
*
Ve
1e-07
129.550003 76.923775 0
0 0

0101101
*
Ve
1e-07
129.550003 77.723778 0
0 0

0101101
*
Ve
1e-07
129.350006 77.723778 0
0 0

0101101
*
Ve
1e-07
129.350006 76.923775 0
0 0

0101101
*
Ve
1e-07
129.199997 76.923775 0
0 0

0101101
*
Ve
1e-07
129.199997 76.574013 0
0 0

0101101
*
Ve
1e-07
139.050003 76.574013 0
0 0

0101101
*
Ve
1e-07
139.050003 76.923775 0
0 0

0101101
*
Ve
1e-07
138.899994 76.923775 0
0 0

0101101
*
Ve
1e-07
138.899994 77.723778 0
0 0

0101101
*
Ve
1e-07
138.699997 77.723778 0
0 0

0101101
*
Ve
1e-07
138.699997 76.923775 0
0 0

0101101
*
Ve
1e-07
134.300003 76.923775 0
0 0

0101101
*
Ve
1e-07
134.300003 81.001572 0
0 0

0101101
*
Ve
1e-07
138.699997 81.001572 0
0 0

0101101
*
Ve
1e-07
138.699997 78.523773 0
0 0

0101101
*
Ve
1e-07
138.899994 78.523773 0
0 0

0101101
*
Ve
1e-07
138.899994 79.001572 0
0 0

0101101
*
Ve
1e-07
139.100006 79.001572 0
0 0

0101101
*
Ve
1e-07
139.100006 79.201576 0
0 0

0101101
*
Ve
1e-07
138.899994 79.201576 0
0 0

0101101
*
Ve
1e-07
138.899994 81.001572 0
0 0

0101101
*
Ve
1e-07
140.75 81.001572 0
0 0

0101101
*
Ve
1e-07
140.75 79.201576 0
0 0

0101101
*
Ve
1e-07
139.899994 79.201576 0
0 0

0101101
*
Ve
1e-07
139.899994 79.001572 0
0 0

0101101
*
Ve
1e-07
140.75 79.001572 0
0 0

0101101
*
Ve
1e-07
140.75 76.923775 0
0 0

0101101
*
Ve
1e-07
139.949997 76.923775 0
0 0

0101101
*
Ve
1e-07
139.949997 76.574013 0
0 0

0101101
*
Ve
1e-07
141.899994 76.574013 0
0 0

0101101
*
Ve
1e-07
141.899994 76.923775 0
0 0

0101101
*
Ve
1e-07
141.100006 76.923775 0
0 0

0101101
*
Ve
1e-07
141.100006 79.001572 0
0 0

0101101
*
Ve
1e-07
141.949997 79.001572 0
0 0

0101101
*
Ve
1e-07
141.949997 79.201576 0
0 0

0101101
*
Ve
1e-07
141.100006 79.201576 0
0 0

0101101
*
Ve
1e-07
141.100006 81.001572 0
0 0

0101101
*
Ve
1e-07
142.949997 81.001572 0
0 0

0101101
*
Ve
1e-07
142.949997 79.201576 0
0 0

0101101
*
Ve
1e-07
142.75 79.201576 0
0 0

0101101
*
Ve
1e-07
142.75 79.001572 0
0 0

0101101
*
Ve
1e-07
142.949997 79.001572 0
0 0

0101101
*
Ve
1e-07
142.949997 78.523773 0
0 0

0101101
*
Ve
1e-07
143.149994 78.523773 0
0 0

0101101
*
Ve
1e-07
143.149994 81.001572 0
0 0

0101101
*
Ve
1e-07
147.550003 81.001572 0
0 0

0101101
*
Ve
1e-07
147.550003 76.923775 0
0 0

0101101
*
Ve
1e-07
143.149994 76.923775 0
0 0

0101101
*
Ve
1e-07
143.149994 77.723778 0
0 0

0101101
*
Ve
1e-07
142.949997 77.723778 0
0 0

0101101
*
Ve
1e-07
142.949997 76.923775 0
0 0

0101101
*
Ve
1e-07
142.800003 76.923775 0
0 0

0101101
*
Ve
1e-07
142.800003 76.574013 0
0 0

0101101
*
Ve
1e-07
152.649994 76.574013 0
0 0

0101101
*
Ve
1e-07
152.649994 76.923775 0
0 0

0101101
*
Ve
1e-07
152.5 76.923775 0
0 0

0101101
*
Ve
1e-07
152.5 77.723778 0
0 0

0101101
*
Ve
1e-07
152.300003 77.723778 0
0 0

0101101
*
Ve
1e-07
152.300003 76.923775 0
0 0

0101101
*
Ve
1e-07
147.899994 76.923775 0
0 0

0101101
*
Ve
1e-07
147.899994 81.001572 0
0 0

0101101
*
Ve
1e-07
152.300003 81.001572 0
0 0

0101101
*
Ve
1e-07
152.300003 78.523773 0
0 0

0101101
*
Ve
1e-07
152.5 78.523773 0
0 0

0101101
*
Ve
1e-07
152.5 79.001572 0
0 0

0101101
*
Ve
1e-07
152.699997 79.001572 0
0 0

0101101
*
Ve
1e-07
152.699997 79.201576 0
0 0

0101101
*
Ve
1e-07
152.5 79.201576 0
0 0

0101101
*
Ve
1e-07
152.5 81.001572 0
0 0

0101101
*
Ve
1e-07
154.350006 81.001572 0
0 0

0101101
*
Ve
1e-07
154.350006 79.201576 0
0 0

0101101
*
Ve
1e-07
153.5 79.201576 0
0 0

0101101
*
Ve
1e-07
153.5 79.001572 0
0 0

0101101
*
Ve
1e-07
154.350006 79.001572 0
0 0

0101101
*
Ve
1e-07
154.350006 76.923775 0
0 0

0101101
*
Ve
1e-07
153.550003 76.923775 0
0 0

0101101
*
Ve
1e-07
153.550003 76.574013 0
0 0

0101101
*
Ve
1e-07
155.5 76.574013 0
0 0

0101101
*
Ve
1e-07
155.5 76.923775 0
0 0

0101101
*
Ve
1e-07
154.699997 76.923775 0
0 0

0101101
*
Ve
1e-07
154.699997 79.001572 0
0 0

0101101
*
Ve
1e-07
155.550003 79.001572 0
0 0

0101101
*
Ve
1e-07
155.550003 79.201576 0
0 0

0101101
*
Ve
1e-07
154.699997 79.201576 0
0 0

0101101
*
Ve
1e-07
154.699997 81.001572 0
0 0

0101101
*
Ve
1e-07
156.550003 81.001572 0
0 0

0101101
*
Ve
1e-07
156.550003 79.201576 0
0 0

0101101
*
Ve
1e-07
156.350006 79.201576 0
0 0

0101101
*
Ve
1e-07
156.350006 79.001572 0
0 0

0101101
*
Ve
1e-07
156.550003 79.001572 0
0 0

0101101
*
Ve
1e-07
156.550003 78.523773 0
0 0

0101101
*
Ve
1e-07
156.75 78.523773 0
0 0

0101101
*
Ve
1e-07
156.75 81.001572 0
0 0

0101101
*
Ve
1e-07
161.149994 81.001572 0
0 0

0101101
*
Ve
1e-07
161.149994 76.923775 0
0 0

0101101
*
Ve
1e-07
156.75 76.923775 0
0 0

0101101
*
Ve
1e-07
156.75 77.723778 0
0 0

0101101
*
Ve
1e-07
156.550003 77.723778 0
0 0

0101101
*
Ve
1e-07
156.550003 76.923775 0
0 0

0101101
*
Ve
1e-07
156.399994 76.923775 0
0 0

0101101
*
Ve
1e-07
156.399994 76.574013 0
0 0

0101101
*
Ve
1e-07
161.5 76.574013 0
0 0

0101101
*
Ve
1e-07
161.5 81.001572 0
0 0

0101101
*
Ve
1e-07
164.649994 81.001572 0
0 0

0101101
*
Ve
1e-07
164.649994 76.074013 0
0 0

0101101
*
Ve
1e-07
165 76.074013 0
0 0

0101101
*
Ve
1e-07
165 81.001572 0
0 0

0101101
*
Ve
1e-07
166.800003 81.001572 0
0 0

0101101
*
Ve
1e-07
166.800003 78.32354 0
0 0

0101101
*
Ve
1e-07
167 78.32354 0
0 0

0101101
*
Ve
1e-07
167 81.001572 0
0 0

0101101
*
Ve
1e-07
171.399994 81.001572 0
0 0

0101101
*
Ve
1e-07
171.399994 76.848778 0
0 0

0101101
*
Ve
1e-07
167 76.848778 0
0 0

0101101
*
Ve
1e-07
167 77.423538 0
0 0

0101101
*
Ve
1e-07
166.800003 77.423538 0
0 0

0101101
*
Ve
1e-07
166.800003 76.074013 0
0 0

0101101
*
Ve
1e-07
167 76.074013 0
0 0

0101101
*
Co

0100000
+2078 0 +2077 0 +2076 0 +2075 0 +2074 0 +2073 0 +2072 0 +2071 0 +2070 0 +2069 0 
+2068 0 +2067 0 +2066 0 +2065 0 +2064 0 +2063 0 +2062 0 +2061 0 +2060 0 +2059 0 
+2058 0 +2057 0 +2056 0 +2055 0 +2054 0 +2053 0 +2052 0 +2051 0 +2050 0 +2049 0 
+2048 0 +2047 0 +2046 0 +2045 0 +2044 0 +2043 0 +2042 0 +2041 0 +2040 0 +2039 0 
+2038 0 +2037 0 +2036 0 +2035 0 +2034 0 +2033 0 +2032 0 +2031 0 +2030 0 +2029 0 
+2028 0 +2027 0 +2026 0 +2025 0 +2024 0 +2023 0 +2022 0 +2021 0 +2020 0 +2019 0 
+2018 0 +2017 0 +2016 0 +2015 0 +2014 0 +2013 0 +2012 0 +2011 0 +2010 0 +2009 0 
+2008 0 +2007 0 +2006 0 +2005 0 +2004 0 +2003 0 +2002 0 +2001 0 +2000 0 +1999 0 
+1998 0 +1997 0 +1996 0 +1995 0 +1994 0 +1993 0 +1992 0 +1991 0 +1990 0 +1989 0 
+1988 0 +1987 0 +1986 0 +1985 0 +1984 0 +1983 0 +1982 0 +1981 0 +1980 0 +1979 0 
+1978 0 +1977 0 +1976 0 +1975 0 +1974 0 +1973 0 +1972 0 +1971 0 +1970 0 +1969 0 
+1968 0 +1967 0 +1966 0 +1965 0 +1964 0 +1963 0 +1962 0 +1961 0 +1960 0 +1959 0 
+1958 0 +1957 0 +1956 0 +1955 0 +1954 0 +1953 0 +1952 0 +1951 0 +1950 0 +1949 0 
+1948 0 +1947 0 +1946 0 +1945 0 +1944 0 +1943 0 +1942 0 +1941 0 +1940 0 +1939 0 
+1938 0 +1937 0 +1936 0 +1935 0 +1934 0 +1933 0 +1932 0 +1931 0 +1930 0 +1929 0 
+1928 0 +1927 0 +1926 0 +1925 0 +1924 0 +1923 0 +1922 0 +1921 0 +1920 0 +1919 0 
+1918 0 +1917 0 +1916 0 +1915 0 +1914 0 +1913 0 +1912 0 +1911 0 +1910 0 +1909 0 
+1908 0 +1907 0 +1906 0 +1905 0 +1904 0 +1903 0 +1902 0 +1901 0 +1900 0 +1899 0 
+1898 0 +1897 0 +1896 0 +1895 0 +1894 0 +1893 0 +1892 0 +1891 0 +1890 0 +1889 0 
+1888 0 +1887 0 +1886 0 +1885 0 +1884 0 +1883 0 +1882 0 +1881 0 +1880 0 +1879 0 
+1878 0 +1877 0 +1876 0 +1875 0 +1874 0 +1873 0 +1872 0 +1871 0 +1870 0 +1869 0 
+1868 0 +1867 0 +1866 0 +1865 0 +1864 0 +1863 0 +1862 0 +1861 0 +1860 0 +1859 0 
+1858 0 +1857 0 +1856 0 +1855 0 +1854 0 +1853 0 +1852 0 +1851 0 +1850 0 +1849 0 
+1848 0 +1847 0 +1846 0 +1845 0 +1844 0 +1843 0 +1842 0 +1841 0 +1840 0 +1839 0 
+1838 0 +1837 0 +1836 0 +1835 0 +1834 0 +1833 0 +1832 0 +1831 0 +1830 0 +1829 0 
+1828 0 +1827 0 +1826 0 +1825 0 +1824 0 +1823 0 +1822 0 +1821 0 +1820 0 +1819 0 
+1818 0 +1817 0 +1816 0 +1815 0 +1814 0 +1813 0 +1812 0 +1811 0 +1810 0 +1809 0 
+1808 0 +1807 0 +1806 0 +1805 0 +1804 0 +1803 0 +1802 0 +1801 0 +1800 0 +1799 0 
+1798 0 +1797 0 +1796 0 +1795 0 +1794 0 +1793 0 +1792 0 +1791 0 +1790 0 +1789 0 
+1788 0 +1787 0 +1786 0 +1785 0 +1784 0 +1783 0 +1782 0 +1781 0 +1780 0 +1779 0 
+1778 0 +1777 0 +1776 0 +1775 0 +1774 0 +1773 0 +1772 0 +1771 0 +1770 0 +1769 0 
+1768 0 +1767 0 +1766 0 +1765 0 +1764 0 +1763 0 +1762 0 +1761 0 +1760 0 +1759 0 
+1758 0 +1757 0 +1756 0 +1755 0 +1754 0 +1753 0 +1752 0 +1751 0 +1750 0 +1749 0 
+1748 0 +1747 0 +1746 0 +1745 0 +1744 0 +1743 0 +1742 0 +1741 0 +1740 0 +1739 0 
+1738 0 +1737 0 +1736 0 +1735 0 +1734 0 +1733 0 +1732 0 +1731 0 +1730 0 +1729 0 
+1728 0 +1727 0 +1726 0 +1725 0 +1724 0 +1723 0 +1722 0 +1721 0 +1720 0 +1719 0 
+1718 0 +1717 0 +1716 0 +1715 0 +1714 0 +1713 0 +1712 0 +1711 0 +1710 0 +1709 0 
+1708 0 +1707 0 +1706 0 +1705 0 +1704 0 +1703 0 +1702 0 +1701 0 +1700 0 +1699 0 
+1698 0 +1697 0 +1696 0 +1695 0 +1694 0 +1693 0 +1692 0 +1691 0 +1690 0 +1689 0 
+1688 0 +1687 0 +1686 0 +1685 0 +1684 0 +1683 0 +1682 0 +1681 0 +1680 0 +1679 0 
+1678 0 +1677 0 +1676 0 +1675 0 +1674 0 +1673 0 +1672 0 +1671 0 +1670 0 +1669 0 
+1668 0 +1667 0 +1666 0 +1665 0 +1664 0 +1663 0 +1662 0 +1661 0 +1660 0 +1659 0 
+1658 0 +1657 0 +1656 0 +1655 0 +1654 0 +1653 0 +1652 0 +1651 0 +1650 0 +1649 0 
+1648 0 +1647 0 +1646 0 +1645 0 +1644 0 +1643 0 +1642 0 +1641 0 +1640 0 +1639 0 
+1638 0 +1637 0 +1636 0 +1635 0 +1634 0 +1633 0 +1632 0 +1631 0 +1630 0 +1629 0 
+1628 0 +1627 0 +1626 0 +1625 0 +1624 0 +1623 0 +1622 0 +1621 0 +1620 0 +1619 0 
+1618 0 +1617 0 +1616 0 +1615 0 +1614 0 +1613 0 +1612 0 +1611 0 +1610 0 +1609 0 
+1608 0 +1607 0 +1606 0 +1605 0 +1604 0 +1603 0 +1602 0 +1601 0 +1600 0 +1599 0 
+1598 0 +1597 0 +1596 0 +1595 0 +1594 0 +1593 0 +1592 0 +1591 0 +1590 0 +1589 0 
+1588 0 +1587 0 +1586 0 +1585 0 +1584 0 +1583 0 +1582 0 +1581 0 +1580 0 +1579 0 
+1578 0 +1577 0 +1576 0 +1575 0 +1574 0 +1573 0 +1572 0 +1571 0 +1570 0 +1569 0 
+1568 0 +1567 0 +1566 0 +1565 0 +1564 0 +1563 0 +1562 0 +1561 0 +1560 0 +1559 0 
+1558 0 +1557 0 +1556 0 +1555 0 +1554 0 +1553 0 +1552 0 +1551 0 +1550 0 +1549 0 
+1548 0 +1547 0 +1546 0 +1545 0 +1544 0 +1543 0 +1542 0 +1541 0 +1540 0 +1539 0 
+1538 0 +1537 0 +1536 0 +1535 0 +1534 0 +1533 0 +1532 0 +1531 0 +1530 0 +1529 0 
+1528 0 +1527 0 +1526 0 +1525 0 +1524 0 +1523 0 +1522 0 +1521 0 +1520 0 +1519 0 
+1518 0 +1517 0 +1516 0 +1515 0 +1514 0 +1513 0 +1512 0 +1511 0 +1510 0 +1509 0 
+1508 0 +1507 0 +1506 0 +1505 0 +1504 0 +1503 0 +1502 0 +1501 0 +1500 0 +1499 0 
+1498 0 +1497 0 +1496 0 +1495 0 +1494 0 +1493 0 +1492 0 +1491 0 +1490 0 +1489 0 
+1488 0 +1487 0 +1486 0 +1485 0 +1484 0 +1483 0 +1482 0 +1481 0 +1480 0 +1479 0 
+1478 0 +1477 0 +1476 0 +1475 0 +1474 0 +1473 0 +1472 0 +1471 0 +1470 0 +1469 0 
+1468 0 +1467 0 +1466 0 +1465 0 +1464 0 +1463 0 +1462 0 +1461 0 +1460 0 +1459 0 
+1458 0 +1457 0 +1456 0 +1455 0 +1454 0 +1453 0 +1452 0 +1451 0 +1450 0 +1449 0 
+1448 0 +1447 0 +1446 0 +1445 0 +1444 0 +1443 0 +1442 0 +1441 0 +1440 0 +1439 0 
+1438 0 +1437 0 +1436 0 +1435 0 +1434 0 +1433 0 +1432 0 +1431 0 +1430 0 +1429 0 
+1428 0 +1427 0 +1426 0 +1425 0 +1424 0 +1423 0 +1422 0 +1421 0 +1420 0 +1419 0 
+1418 0 +1417 0 +1416 0 +1415 0 +1414 0 +1413 0 +1412 0 +1411 0 +1410 0 +1409 0 
+1408 0 +1407 0 *
Ve
1e-07
156.850006 76.723778 3
0 0

0101101
*
Ve
1e-07
156.850006 75.723778 3
0 0

0101101
*
Ed
 1e-07 1 1 0
1  1 0 0 1
0

0101000
+1405 0 -1404 0 *
Ve
1e-07
157.449997 75.723778 3
0 0

0101101
*
Ed
 1e-07 1 1 0
1  2 0 0 0.599990999999989
0

0101000
+1404 0 -1402 0 *
Ve
1e-07
157.449997 72.495979 3
0 0

0101101
*
Ed
 1e-07 1 1 0
1  3 0 0 3.22779899999999
0

0101000
+1402 0 -1400 0 *
Ve
1e-07
161.149994 72.495979 3
0 0

0101101
*
Ed
 1e-07 1 1 0
1  4 0 0 3.699997
0

0101000
+1400 0 -1398 0 *
Ve
1e-07
161.149994 77.501572 3
0 0

0101101
*
Ed
 1e-07 1 1 0
1  5 0 0 5.00559299999999
0

0101000
+1398 0 -1396 0 *
Ve
1e-07
159.600006 77.501572 3
0 0

0101101
*
Ed
 1e-07 1 1 0
1  6 0 0 1.54998799999998
0

0101000
+1396 0 -1394 0 *
Ve
1e-07
159.600006 76.901573 3
0 0

0101101
*
Ed
 1e-07 1 1 0
1  7 0 0 0.599998999999997
0

0101000
+1394 0 -1392 0 *
Ve
1e-07
159.399994 76.901573 3
0 0

0101101
*
Ed
 1e-07 1 1 0
1  8 0 0 0.200012000000015
0

0101000
+1392 0 -1390 0 *
Ve
1e-07
159.399994 77.501572 3
0 0

0101101
*
Ed
 1e-07 1 1 0
1  9 0 0 0.599998999999997
0

0101000
+1390 0 -1388 0 *
Ve
1e-07
157.25 77.501572 3
0 0

0101101
*
Ed
 1e-07 1 1 0
1  10 0 0 2.14999399999999
0

0101000
+1388 0 -1386 0 *
Ve
1e-07
157.25 79.251572 3
0 0

0101101
*
Ed
 1e-07 1 1 0
1  11 0 0 1.75
0

0101000
+1386 0 -1384 0 *
Ve
1e-07
156.300003 79.251572 3
0 0

0101101
*
Ed
 1e-07 1 1 0
1  12 0 0 0.949996999999996
0

0101000
+1384 0 -1382 0 *
Ve
1e-07
156.300003 79.451576 3
0 0

0101101
*
Ed
 1e-07 1 1 0
1  13 0 0 0.200004000000007
0

0101000
+1382 0 -1380 0 *
Ve
1e-07
156.300003 80.351578 3
0 0

0101101
*
Ed
 1e-07 1 1 0
1  14 0 0 0.900002000000001
0

0101000
+1380 0 -1378 0 *
Ve
1e-07
156.5 80.351578 3
0 0

0101101
*
Ed
 1e-07 1 1 0
1  15 0 0 0.199996999999996
0

0101000
+1378 0 -1376 0 *
Ve
1e-07
156.5 79.451576 3
0 0

0101101
*
Ed
 1e-07 1 1 0
1  16 0 0 0.900002000000001
0

0101000
+1376 0 -1374 0 *
Ve
1e-07
157.25 79.451576 3
0 0

0101101
*
Ed
 1e-07 1 1 0
1  17 0 0 0.75
0

0101000
+1374 0 -1372 0 *
Ve
1e-07
157.25 81.001572 3
0 0

0101101
*
Ed
 1e-07 1 1 0
1  18 0 0 1.54999599999999
0

0101000
+1372 0 -1370 0 *
Ve
1e-07
154.699997 81.001572 3
0 0

0101101
*
Ed
 1e-07 1 1 0
1  19 0 0 2.550003
0

0101000
+1370 0 -1368 0 *
Ve
1e-07
154.699997 80.351578 3
0 0

0101101
*
Ed
 1e-07 1 1 0
1  20 0 0 0.649993999999992
0

0101000
+1368 0 -1366 0 *
Ve
1e-07
155.699997 80.351578 3
0 0

0101101
*
Ed
 1e-07 1 1 0
1  21 0 0 1
0

0101000
+1366 0 -1364 0 *
Ve
1e-07
155.699997 80.151573 3
0 0

0101101
*
Ed
 1e-07 1 1 0
1  22 0 0 0.200005000000004
0

0101000
+1364 0 -1362 0 *
Ve
1e-07
154.699997 80.151573 3
0 0

0101101
*
Ed
 1e-07 1 1 0
1  23 0 0 1
0

0101000
+1362 0 -1360 0 *
Ve
1e-07
154.699997 79.451576 3
0 0

0101101
*
Ed
 1e-07 1 1 0
1  24 0 0 0.699996999999996
0

0101000
+1360 0 -1358 0 *
Ve
1e-07
155.699997 79.451576 3
0 0

0101101
*
Ed
 1e-07 1 1 0
1  25 0 0 1
0

0101000
+1358 0 -1356 0 *
Ve
1e-07
155.699997 77.651573 3
0 0

0101101
*
Ed
 1e-07 1 1 0
1  26 0 0 1.800003
0

0101000
+1356 0 -1354 0 *
Ve
1e-07
155.5 77.651573 3
0 0

0101101
*
Ed
 1e-07 1 1 0
1  27 0 0 0.199996999999996
0

0101000
+1354 0 -1352 0 *
Ve
1e-07
155.5 79.251572 3
0 0

0101101
*
Ed
 1e-07 1 1 0
1  28 0 0 1.599999
0

0101000
+1352 0 -1350 0 *
Ve
1e-07
154.699997 79.251572 3
0 0

0101101
*
Ed
 1e-07 1 1 0
1  29 0 0 0.800003000000004
0

0101000
+1350 0 -1348 0 *
Ve
1e-07
154.699997 76.923775 3
0 0

0101101
*
Ed
 1e-07 1 1 0
1  30 0 0 2.32779699999999
0

0101000
+1348 0 -1346 0 *
Ve
1e-07
156.050003 76.923775 3
0 0

0101101
*
Ed
 1e-07 1 1 0
1  31 0 0 1.35000600000001
0

0101000
+1346 0 -1344 0 *
Ve
1e-07
156.050003 76.723778 3
0 0

0101101
*
Ed
 1e-07 1 1 0
1  32 0 0 0.19999700000001
0

0101000
+1344 0 -1342 0 *
Ve
1e-07
154.699997 76.723778 3
0 0

0101101
*
Ed
 1e-07 1 1 0
1  33 0 0 1.35000600000001
0

0101000
+1342 0 -1340 0 *
Ve
1e-07
154.699997 72.495979 3
0 0

0101101
*
Ed
 1e-07 1 1 0
1  34 0 0 4.22779899999999
0

0101000
+1340 0 -1338 0 *
Ve
1e-07
157.25 72.495979 3
0 0

0101101
*
Ed
 1e-07 1 1 0
1  35 0 0 2.550003
0

0101000
+1338 0 -1336 0 *
Ve
1e-07
157.25 74.323776 3
0 0

0101101
*
Ed
 1e-07 1 1 0
1  36 0 0 1.82779699999999
0

0101000
+1336 0 -1334 0 *
Ve
1e-07
156.649994 74.323776 3
0 0

0101101
*
Ed
 1e-07 1 1 0
1  37 0 0 0.600006000000008
0

0101000
+1334 0 -1332 0 *
Ve
1e-07
156.649994 74.523773 3
0 0

0101101
*
Ed
 1e-07 1 1 0
1  38 0 0 0.19999700000001
0

0101000
+1332 0 -1330 0 *
Ve
1e-07
157.25 74.523773 3
0 0

0101101
*
Ed
 1e-07 1 1 0
1  39 0 0 0.600006000000008
0

0101000
+1330 0 -1328 0 *
Ve
1e-07
157.25 75.523773 3
0 0

0101101
*
Ed
 1e-07 1 1 0
1  40 0 0 1
0

0101000
+1328 0 -1326 0 *
Ve
1e-07
156.649994 75.523773 3
0 0

0101101
*
Ed
 1e-07 1 1 0
1  41 0 0 0.600006000000008
0

0101000
+1326 0 -1324 0 *
Ve
1e-07
156.649994 76.923775 3
0 0

0101101
*
Ed
 1e-07 1 1 0
1  42 0 0 1.400002
0

0101000
+1324 0 -1322 0 *
Ve
1e-07
157.449997 76.923775 3
0 0

0101101
*
Ed
 1e-07 1 1 0
1  43 0 0 0.800003000000004
0

0101000
+1322 0 -1320 0 *
Ve
1e-07
157.449997 76.723778 3
0 0

0101101
*
Ed
 1e-07 1 1 0
1  44 0 0 0.19999700000001
0

0101000
+1320 0 -1318 0 *
Ed
 1e-07 1 1 0
1  45 0 0 0.599990999999989
0

0101000
+1318 0 -1405 0 *
Wi

0101100
+1403 0 +1401 0 +1399 0 +1397 0 +1395 0 +1393 0 +1391 0 +1389 0 +1387 0 +1385 0 
+1383 0 +1381 0 +1379 0 +1377 0 +1375 0 +1373 0 +1371 0 +1369 0 +1367 0 +1365 0 
+1363 0 +1361 0 +1359 0 +1357 0 +1355 0 +1353 0 +1351 0 +1349 0 +1347 0 +1345 0 
+1343 0 +1341 0 +1339 0 +1337 0 +1335 0 +1333 0 +1331 0 +1329 0 +1327 0 +1325 0 
+1323 0 +1321 0 +1319 0 +1317 0 +1316 0 *
Fa
0  1e-07 1 0

0111000
+1315 0 *
Co

0100000
+1314 0 *
Ve
1e-07
157.449997 81.001572 3
0 0

0101101
*
Ve
1e-07
157.449997 77.701576 3
0 0

0101101
*
Ed
 1e-07 1 1 0
1  46 0 0 3.29999599999999
0

0101000
+1312 0 -1311 0 *
Ve
1e-07
161.149994 77.701576 3
0 0

0101101
*
Ed
 1e-07 1 1 0
1  47 0 0 3.699997
0

0101000
+1311 0 -1309 0 *
Ve
1e-07
161.149994 81.001572 3
0 0

0101101
*
Ed
 1e-07 1 1 0
1  48 0 0 3.29999599999999
0

0101000
+1309 0 -1307 0 *
Ed
 1e-07 1 1 0
1  49 0 0 3.699997
0

0101000
+1307 0 -1312 0 *
Wi

0101100
+1310 0 +1308 0 +1306 0 +1305 0 *
Fa
0  1e-07 2 0

0111000
+1304 0 *
Co

0100000
+1303 0 *
Ve
1e-07
143.25 76.723778 3
0 0

0101101
*
Ve
1e-07
143.25 75.723778 3
0 0

0101101
*
Ed
 1e-07 1 1 0
1  50 0 0 1
0

0101000
+1301 0 -1300 0 *
Ve
1e-07
143.850006 75.723778 3
0 0

0101101
*
Ed
 1e-07 1 1 0
1  51 0 0 0.600006000000008
0

0101000
+1300 0 -1298 0 *
Ve
1e-07
143.850006 72.495979 3
0 0

0101101
*
Ed
 1e-07 1 1 0
1  52 0 0 3.22779899999999
0

0101000
+1298 0 -1296 0 *
Ve
1e-07
147.550003 72.495979 3
0 0

0101101
*
Ed
 1e-07 1 1 0
1  53 0 0 3.699997
0

0101000
+1296 0 -1294 0 *
Ve
1e-07
147.550003 77.501572 3
0 0

0101101
*
Ed
 1e-07 1 1 0
1  54 0 0 5.00559299999999
0

0101000
+1294 0 -1292 0 *
Ve
1e-07
146 77.501572 3
0 0

0101101
*
Ed
 1e-07 1 1 0
1  55 0 0 1.550003
0

0101000
+1292 0 -1290 0 *
Ve
1e-07
146 76.901573 3
0 0

0101101
*
Ed
 1e-07 1 1 0
1  56 0 0 0.599998999999997
0

0101000
+1290 0 -1288 0 *
Ve
1e-07
145.800003 76.901573 3
0 0

0101101
*
Ed
 1e-07 1 1 0
1  57 0 0 0.199996999999996
0

0101000
+1288 0 -1286 0 *
Ve
1e-07
145.800003 77.501572 3
0 0

0101101
*
Ed
 1e-07 1 1 0
1  58 0 0 0.599998999999997
0

0101000
+1286 0 -1284 0 *
Ve
1e-07
143.649994 77.501572 3
0 0

0101101
*
Ed
 1e-07 1 1 0
1  59 0 0 2.15000900000001
0

0101000
+1284 0 -1282 0 *
Ve
1e-07
143.649994 79.251572 3
0 0

0101101
*
Ed
 1e-07 1 1 0
1  60 0 0 1.75
0

0101000
+1282 0 -1280 0 *
Ve
1e-07
142.699997 79.251572 3
0 0

0101101
*
Ed
 1e-07 1 1 0
1  61 0 0 0.949996999999996
0

0101000
+1280 0 -1278 0 *
Ve
1e-07
142.699997 79.451576 3
0 0

0101101
*
Ed
 1e-07 1 1 0
1  62 0 0 0.200004000000007
0

0101000
+1278 0 -1276 0 *
Ve
1e-07
142.699997 80.351578 3
0 0

0101101
*
Ed
 1e-07 1 1 0
1  63 0 0 0.900002000000001
0

0101000
+1276 0 -1274 0 *
Ve
1e-07
142.899994 80.351578 3
0 0

0101101
*
Ed
 1e-07 1 1 0
1  64 0 0 0.199996999999996
0

0101000
+1274 0 -1272 0 *
Ve
1e-07
142.899994 79.451576 3
0 0

0101101
*
Ed
 1e-07 1 1 0
1  65 0 0 0.900002000000001
0

0101000
+1272 0 -1270 0 *
Ve
1e-07
143.649994 79.451576 3
0 0

0101101
*
Ed
 1e-07 1 1 0
1  66 0 0 0.75
0

0101000
+1270 0 -1268 0 *
Ve
1e-07
143.649994 81.001572 3
0 0

0101101
*
Ed
 1e-07 1 1 0
1  67 0 0 1.54999599999999
0

0101000
+1268 0 -1266 0 *
Ve
1e-07
141.100006 81.001572 3
0 0

0101101
*
Ed
 1e-07 1 1 0
1  68 0 0 2.54998799999998
0

0101000
+1266 0 -1264 0 *
Ve
1e-07
141.100006 80.351578 3
0 0

0101101
*
Ed
 1e-07 1 1 0
1  69 0 0 0.649993999999992
0

0101000
+1264 0 -1262 0 *
Ve
1e-07
142.100006 80.351578 3
0 0

0101101
*
Ed
 1e-07 1 1 0
1  70 0 0 1
0

0101000
+1262 0 -1260 0 *
Ve
1e-07
142.100006 80.151573 3
0 0

0101101
*
Ed
 1e-07 1 1 0
1  71 0 0 0.200005000000004
0

0101000
+1260 0 -1258 0 *
Ve
1e-07
141.100006 80.151573 3
0 0

0101101
*
Ed
 1e-07 1 1 0
1  72 0 0 1
0

0101000
+1258 0 -1256 0 *
Ve
1e-07
141.100006 79.451576 3
0 0

0101101
*
Ed
 1e-07 1 1 0
1  73 0 0 0.699996999999996
0

0101000
+1256 0 -1254 0 *
Ve
1e-07
142.100006 79.451576 3
0 0

0101101
*
Ed
 1e-07 1 1 0
1  74 0 0 1
0

0101000
+1254 0 -1252 0 *
Ve
1e-07
142.100006 77.651573 3
0 0

0101101
*
Ed
 1e-07 1 1 0
1  75 0 0 1.800003
0

0101000
+1252 0 -1250 0 *
Ve
1e-07
141.899994 77.651573 3
0 0

0101101
*
Ed
 1e-07 1 1 0
1  76 0 0 0.200012000000015
0

0101000
+1250 0 -1248 0 *
Ve
1e-07
141.899994 79.251572 3
0 0

0101101
*
Ed
 1e-07 1 1 0
1  77 0 0 1.599999
0

0101000
+1248 0 -1246 0 *
Ve
1e-07
141.100006 79.251572 3
0 0

0101101
*
Ed
 1e-07 1 1 0
1  78 0 0 0.799987999999985
0

0101000
+1246 0 -1244 0 *
Ve
1e-07
141.100006 76.923775 3
0 0

0101101
*
Ed
 1e-07 1 1 0
1  79 0 0 2.32779699999999
0

0101000
+1244 0 -1242 0 *
Ve
1e-07
142.449997 76.923775 3
0 0

0101101
*
Ed
 1e-07 1 1 0
1  80 0 0 1.34999099999999
0

0101000
+1242 0 -1240 0 *
Ve
1e-07
142.449997 76.723778 3
0 0

0101101
*
Ed
 1e-07 1 1 0
1  81 0 0 0.19999700000001
0

0101000
+1240 0 -1238 0 *
Ve
1e-07
141.100006 76.723778 3
0 0

0101101
*
Ed
 1e-07 1 1 0
1  82 0 0 1.34999099999999
0

0101000
+1238 0 -1236 0 *
Ve
1e-07
141.100006 72.495979 3
0 0

0101101
*
Ed
 1e-07 1 1 0
1  83 0 0 4.22779899999999
0

0101000
+1236 0 -1234 0 *
Ve
1e-07
143.649994 72.495979 3
0 0

0101101
*
Ed
 1e-07 1 1 0
1  84 0 0 2.54998799999998
0

0101000
+1234 0 -1232 0 *
Ve
1e-07
143.649994 74.323776 3
0 0

0101101
*
Ed
 1e-07 1 1 0
1  85 0 0 1.82779699999999
0

0101000
+1232 0 -1230 0 *
Ve
1e-07
143.050003 74.323776 3
0 0

0101101
*
Ed
 1e-07 1 1 0
1  86 0 0 0.599990999999989
0

0101000
+1230 0 -1228 0 *
Ve
1e-07
143.050003 74.523773 3
0 0

0101101
*
Ed
 1e-07 1 1 0
1  87 0 0 0.19999700000001
0

0101000
+1228 0 -1226 0 *
Ve
1e-07
143.649994 74.523773 3
0 0

0101101
*
Ed
 1e-07 1 1 0
1  88 0 0 0.599990999999989
0

0101000
+1226 0 -1224 0 *
Ve
1e-07
143.649994 75.523773 3
0 0

0101101
*
Ed
 1e-07 1 1 0
1  89 0 0 1
0

0101000
+1224 0 -1222 0 *
Ve
1e-07
143.050003 75.523773 3
0 0

0101101
*
Ed
 1e-07 1 1 0
1  90 0 0 0.599990999999989
0

0101000
+1222 0 -1220 0 *
Ve
1e-07
143.050003 76.923775 3
0 0

0101101
*
Ed
 1e-07 1 1 0
1  91 0 0 1.400002
0

0101000
+1220 0 -1218 0 *
Ve
1e-07
143.850006 76.923775 3
0 0

0101101
*
Ed
 1e-07 1 1 0
1  92 0 0 0.800003000000004
0

0101000
+1218 0 -1216 0 *
Ve
1e-07
143.850006 76.723778 3
0 0

0101101
*
Ed
 1e-07 1 1 0
1  93 0 0 0.19999700000001
0

0101000
+1216 0 -1214 0 *
Ed
 1e-07 1 1 0
1  94 0 0 0.600006000000008
0

0101000
+1214 0 -1301 0 *
Wi

0101100
+1299 0 +1297 0 +1295 0 +1293 0 +1291 0 +1289 0 +1287 0 +1285 0 +1283 0 +1281 0 
+1279 0 +1277 0 +1275 0 +1273 0 +1271 0 +1269 0 +1267 0 +1265 0 +1263 0 +1261 0 
+1259 0 +1257 0 +1255 0 +1253 0 +1251 0 +1249 0 +1247 0 +1245 0 +1243 0 +1241 0 
+1239 0 +1237 0 +1235 0 +1233 0 +1231 0 +1229 0 +1227 0 +1225 0 +1223 0 +1221 0 
+1219 0 +1217 0 +1215 0 +1213 0 +1212 0 *
Fa
0  1e-07 3 0

0111000
+1211 0 *
Co

0100000
+1210 0 *
Ve
1e-07
143.850006 81.001572 3
0 0

0101101
*
Ve
1e-07
143.850006 77.701576 3
0 0

0101101
*
Ed
 1e-07 1 1 0
1  95 0 0 3.29999599999999
0

0101000
+1208 0 -1207 0 *
Ve
1e-07
147.550003 77.701576 3
0 0

0101101
*
Ed
 1e-07 1 1 0
1  96 0 0 3.699997
0

0101000
+1207 0 -1205 0 *
Ve
1e-07
147.550003 81.001572 3
0 0

0101101
*
Ed
 1e-07 1 1 0
1  97 0 0 3.29999599999999
0

0101000
+1205 0 -1203 0 *
Ed
 1e-07 1 1 0
1  98 0 0 3.699997
0

0101000
+1203 0 -1208 0 *
Wi

0101100
+1206 0 +1204 0 +1202 0 +1201 0 *
Fa
0  1e-07 4 0

0111000
+1200 0 *
Co

0100000
+1199 0 *
Ve
1e-07
129.649994 76.723778 3
0 0

0101101
*
Ve
1e-07
129.649994 75.723778 3
0 0

0101101
*
Ed
 1e-07 1 1 0
1  99 0 0 1
0

0101000
+1197 0 -1196 0 *
Ve
1e-07
130.25 75.723778 3
0 0

0101101
*
Ed
 1e-07 1 1 0
1  100 0 0 0.600006000000008
0

0101000
+1196 0 -1194 0 *
Ve
1e-07
130.25 72.495979 3
0 0

0101101
*
Ed
 1e-07 1 1 0
1  101 0 0 3.22779899999999
0

0101000
+1194 0 -1192 0 *
Ve
1e-07
133.949997 72.495979 3
0 0

0101101
*
Ed
 1e-07 1 1 0
1  102 0 0 3.699997
0

0101000
+1192 0 -1190 0 *
Ve
1e-07
133.949997 77.501572 3
0 0

0101101
*
Ed
 1e-07 1 1 0
1  103 0 0 5.00559299999999
0

0101000
+1190 0 -1188 0 *
Ve
1e-07
132.399994 77.501572 3
0 0

0101101
*
Ed
 1e-07 1 1 0
1  104 0 0 1.550003
0

0101000
+1188 0 -1186 0 *
Ve
1e-07
132.399994 76.901573 3
0 0

0101101
*
Ed
 1e-07 1 1 0
1  105 0 0 0.599998999999997
0

0101000
+1186 0 -1184 0 *
Ve
1e-07
132.199997 76.901573 3
0 0

0101101
*
Ed
 1e-07 1 1 0
1  106 0 0 0.199996999999996
0

0101000
+1184 0 -1182 0 *
Ve
1e-07
132.199997 77.501572 3
0 0

0101101
*
Ed
 1e-07 1 1 0
1  107 0 0 0.599998999999997
0

0101000
+1182 0 -1180 0 *
Ve
1e-07
130.050003 77.501572 3
0 0

0101101
*
Ed
 1e-07 1 1 0
1  108 0 0 2.14999399999999
0

0101000
+1180 0 -1178 0 *
Ve
1e-07
130.050003 79.251572 3
0 0

0101101
*
Ed
 1e-07 1 1 0
1  109 0 0 1.75
0

0101000
+1178 0 -1176 0 *
Ve
1e-07
129.100006 79.251572 3
0 0

0101101
*
Ed
 1e-07 1 1 0
1  110 0 0 0.949996999999996
0

0101000
+1176 0 -1174 0 *
Ve
1e-07
129.100006 79.451576 3
0 0

0101101
*
Ed
 1e-07 1 1 0
1  111 0 0 0.200004000000007
0

0101000
+1174 0 -1172 0 *
Ve
1e-07
129.100006 80.351578 3
0 0

0101101
*
Ed
 1e-07 1 1 0
1  112 0 0 0.900002000000001
0

0101000
+1172 0 -1170 0 *
Ve
1e-07
129.300003 80.351578 3
0 0

0101101
*
Ed
 1e-07 1 1 0
1  113 0 0 0.199996999999996
0

0101000
+1170 0 -1168 0 *
Ve
1e-07
129.300003 79.451576 3
0 0

0101101
*
Ed
 1e-07 1 1 0
1  114 0 0 0.900002000000001
0

0101000
+1168 0 -1166 0 *
Ve
1e-07
130.050003 79.451576 3
0 0

0101101
*
Ed
 1e-07 1 1 0
1  115 0 0 0.75
0

0101000
+1166 0 -1164 0 *
Ve
1e-07
130.050003 81.001572 3
0 0

0101101
*
Ed
 1e-07 1 1 0
1  116 0 0 1.54999599999999
0

0101000
+1164 0 -1162 0 *
Ve
1e-07
127.5 81.001572 3
0 0

0101101
*
Ed
 1e-07 1 1 0
1  117 0 0 2.550003
0

0101000
+1162 0 -1160 0 *
Ve
1e-07
127.5 80.351578 3
0 0

0101101
*
Ed
 1e-07 1 1 0
1  118 0 0 0.649993999999992
0

0101000
+1160 0 -1158 0 *
Ve
1e-07
128.5 80.351578 3
0 0

0101101
*
Ed
 1e-07 1 1 0
1  119 0 0 1
0

0101000
+1158 0 -1156 0 *
Ve
1e-07
128.5 80.151573 3
0 0

0101101
*
Ed
 1e-07 1 1 0
1  120 0 0 0.200005000000004
0

0101000
+1156 0 -1154 0 *
Ve
1e-07
127.5 80.151573 3
0 0

0101101
*
Ed
 1e-07 1 1 0
1  121 0 0 1
0

0101000
+1154 0 -1152 0 *
Ve
1e-07
127.5 79.451576 3
0 0

0101101
*
Ed
 1e-07 1 1 0
1  122 0 0 0.699996999999996
0

0101000
+1152 0 -1150 0 *
Ve
1e-07
128.5 79.451576 3
0 0

0101101
*
Ed
 1e-07 1 1 0
1  123 0 0 1
0

0101000
+1150 0 -1148 0 *
Ve
1e-07
128.5 77.651573 3
0 0

0101101
*
Ed
 1e-07 1 1 0
1  124 0 0 1.800003
0

0101000
+1148 0 -1146 0 *
Ve
1e-07
128.300003 77.651573 3
0 0

0101101
*
Ed
 1e-07 1 1 0
1  125 0 0 0.199996999999996
0

0101000
+1146 0 -1144 0 *
Ve
1e-07
128.300003 79.251572 3
0 0

0101101
*
Ed
 1e-07 1 1 0
1  126 0 0 1.599999
0

0101000
+1144 0 -1142 0 *
Ve
1e-07
127.5 79.251572 3
0 0

0101101
*
Ed
 1e-07 1 1 0
1  127 0 0 0.800003000000004
0

0101000
+1142 0 -1140 0 *
Ve
1e-07
127.5 76.923775 3
0 0

0101101
*
Ed
 1e-07 1 1 0
1  128 0 0 2.32779699999999
0

0101000
+1140 0 -1138 0 *
Ve
1e-07
128.850006 76.923775 3
0 0

0101101
*
Ed
 1e-07 1 1 0
1  129 0 0 1.35000600000001
0

0101000
+1138 0 -1136 0 *
Ve
1e-07
128.850006 76.723778 3
0 0

0101101
*
Ed
 1e-07 1 1 0
1  130 0 0 0.19999700000001
0

0101000
+1136 0 -1134 0 *
Ve
1e-07
127.5 76.723778 3
0 0

0101101
*
Ed
 1e-07 1 1 0
1  131 0 0 1.35000600000001
0

0101000
+1134 0 -1132 0 *
Ve
1e-07
127.5 72.495979 3
0 0

0101101
*
Ed
 1e-07 1 1 0
1  132 0 0 4.22779899999999
0

0101000
+1132 0 -1130 0 *
Ve
1e-07
130.050003 72.495979 3
0 0

0101101
*
Ed
 1e-07 1 1 0
1  133 0 0 2.550003
0

0101000
+1130 0 -1128 0 *
Ve
1e-07
130.050003 74.323776 3
0 0

0101101
*
Ed
 1e-07 1 1 0
1  134 0 0 1.82779699999999
0

0101000
+1128 0 -1126 0 *
Ve
1e-07
129.449997 74.323776 3
0 0

0101101
*
Ed
 1e-07 1 1 0
1  135 0 0 0.600006000000008
0

0101000
+1126 0 -1124 0 *
Ve
1e-07
129.449997 74.523773 3
0 0

0101101
*
Ed
 1e-07 1 1 0
1  136 0 0 0.19999700000001
0

0101000
+1124 0 -1122 0 *
Ve
1e-07
130.050003 74.523773 3
0 0

0101101
*
Ed
 1e-07 1 1 0
1  137 0 0 0.600006000000008
0

0101000
+1122 0 -1120 0 *
Ve
1e-07
130.050003 75.523773 3
0 0

0101101
*
Ed
 1e-07 1 1 0
1  138 0 0 1
0

0101000
+1120 0 -1118 0 *
Ve
1e-07
129.449997 75.523773 3
0 0

0101101
*
Ed
 1e-07 1 1 0
1  139 0 0 0.600006000000008
0

0101000
+1118 0 -1116 0 *
Ve
1e-07
129.449997 76.923775 3
0 0

0101101
*
Ed
 1e-07 1 1 0
1  140 0 0 1.400002
0

0101000
+1116 0 -1114 0 *
Ve
1e-07
130.25 76.923775 3
0 0

0101101
*
Ed
 1e-07 1 1 0
1  141 0 0 0.800003000000004
0

0101000
+1114 0 -1112 0 *
Ve
1e-07
130.25 76.723778 3
0 0

0101101
*
Ed
 1e-07 1 1 0
1  142 0 0 0.19999700000001
0

0101000
+1112 0 -1110 0 *
Ed
 1e-07 1 1 0
1  143 0 0 0.600006000000008
0

0101000
+1110 0 -1197 0 *
Wi

0101100
+1195 0 +1193 0 +1191 0 +1189 0 +1187 0 +1185 0 +1183 0 +1181 0 +1179 0 +1177 0 
+1175 0 +1173 0 +1171 0 +1169 0 +1167 0 +1165 0 +1163 0 +1161 0 +1159 0 +1157 0 
+1155 0 +1153 0 +1151 0 +1149 0 +1147 0 +1145 0 +1143 0 +1141 0 +1139 0 +1137 0 
+1135 0 +1133 0 +1131 0 +1129 0 +1127 0 +1125 0 +1123 0 +1121 0 +1119 0 +1117 0 
+1115 0 +1113 0 +1111 0 +1109 0 +1108 0 *
Fa
0  1e-07 5 0

0111000
+1107 0 *
Co

0100000
+1106 0 *
Ve
1e-07
130.25 81.001572 3
0 0

0101101
*
Ve
1e-07
130.25 77.701576 3
0 0

0101101
*
Ed
 1e-07 1 1 0
1  144 0 0 3.29999599999999
0

0101000
+1104 0 -1103 0 *
Ve
1e-07
133.949997 77.701576 3
0 0

0101101
*
Ed
 1e-07 1 1 0
1  145 0 0 3.699997
0

0101000
+1103 0 -1101 0 *
Ve
1e-07
133.949997 81.001572 3
0 0

0101101
*
Ed
 1e-07 1 1 0
1  146 0 0 3.29999599999999
0

0101000
+1101 0 -1099 0 *
Ed
 1e-07 1 1 0
1  147 0 0 3.699997
0

0101000
+1099 0 -1104 0 *
Wi

0101100
+1102 0 +1100 0 +1098 0 +1097 0 *
Fa
0  1e-07 6 0

0111000
+1096 0 *
Co

0100000
+1095 0 *
Ve
1e-07
116.050003 76.723778 3
0 0

0101101
*
Ve
1e-07
116.050003 75.723778 3
0 0

0101101
*
Ed
 1e-07 1 1 0
1  148 0 0 1
0

0101000
+1093 0 -1092 0 *
Ve
1e-07
116.650002 75.723778 3
0 0

0101101
*
Ed
 1e-07 1 1 0
1  149 0 0 0.599998999999997
0

0101000
+1092 0 -1090 0 *
Ve
1e-07
116.650002 72.495979 3
0 0

0101101
*
Ed
 1e-07 1 1 0
1  150 0 0 3.22779899999999
0

0101000
+1090 0 -1088 0 *
Ve
1e-07
120.349998 72.495979 3
0 0

0101101
*
Ed
 1e-07 1 1 0
1  151 0 0 3.699996
0

0101000
+1088 0 -1086 0 *
Ve
1e-07
120.349998 77.501572 3
0 0

0101101
*
Ed
 1e-07 1 1 0
1  152 0 0 5.00559299999999
0

0101000
+1086 0 -1084 0 *
Ve
1e-07
118.800003 77.501572 3
0 0

0101101
*
Ed
 1e-07 1 1 0
1  153 0 0 1.549995
0

0101000
+1084 0 -1082 0 *
Ve
1e-07
118.800003 76.901573 3
0 0

0101101
*
Ed
 1e-07 1 1 0
1  154 0 0 0.599998999999997
0

0101000
+1082 0 -1080 0 *
Ve
1e-07
118.599998 76.901573 3
0 0

0101101
*
Ed
 1e-07 1 1 0
1  155 0 0 0.200005000000004
0

0101000
+1080 0 -1078 0 *
Ve
1e-07
118.599998 77.501572 3
0 0

0101101
*
Ed
 1e-07 1 1 0
1  156 0 0 0.599998999999997
0

0101000
+1078 0 -1076 0 *
Ve
1e-07
116.449997 77.501572 3
0 0

0101101
*
Ed
 1e-07 1 1 0
1  157 0 0 2.150001
0

0101000
+1076 0 -1074 0 *
Ve
1e-07
116.449997 79.251572 3
0 0

0101101
*
Ed
 1e-07 1 1 0
1  158 0 0 1.75
0

0101000
+1074 0 -1072 0 *
Ve
1e-07
115.5 79.251572 3
0 0

0101101
*
Ed
 1e-07 1 1 0
1  159 0 0 0.949996999999996
0

0101000
+1072 0 -1070 0 *
Ve
1e-07
115.5 79.451576 3
0 0

0101101
*
Ed
 1e-07 1 1 0
1  160 0 0 0.200004000000007
0

0101000
+1070 0 -1068 0 *
Ve
1e-07
115.5 80.351578 3
0 0

0101101
*
Ed
 1e-07 1 1 0
1  161 0 0 0.900002000000001
0

0101000
+1068 0 -1066 0 *
Ve
1e-07
115.699997 80.351578 3
0 0

0101101
*
Ed
 1e-07 1 1 0
1  162 0 0 0.199996999999996
0

0101000
+1066 0 -1064 0 *
Ve
1e-07
115.699997 79.451576 3
0 0

0101101
*
Ed
 1e-07 1 1 0
1  163 0 0 0.900002000000001
0

0101000
+1064 0 -1062 0 *
Ve
1e-07
116.449997 79.451576 3
0 0

0101101
*
Ed
 1e-07 1 1 0
1  164 0 0 0.75
0

0101000
+1062 0 -1060 0 *
Ve
1e-07
116.449997 81.001572 3
0 0

0101101
*
Ed
 1e-07 1 1 0
1  165 0 0 1.54999599999999
0

0101000
+1060 0 -1058 0 *
Ve
1e-07
113.900002 81.001572 3
0 0

0101101
*
Ed
 1e-07 1 1 0
1  166 0 0 2.549995
0

0101000
+1058 0 -1056 0 *
Ve
1e-07
113.900002 80.351578 3
0 0

0101101
*
Ed
 1e-07 1 1 0
1  167 0 0 0.649993999999992
0

0101000
+1056 0 -1054 0 *
Ve
1e-07
114.900002 80.351578 3
0 0

0101101
*
Ed
 1e-07 1 1 0
1  168 0 0 1
0

0101000
+1054 0 -1052 0 *
Ve
1e-07
114.900002 80.151573 3
0 0

0101101
*
Ed
 1e-07 1 1 0
1  169 0 0 0.200005000000004
0

0101000
+1052 0 -1050 0 *
Ve
1e-07
113.900002 80.151573 3
0 0

0101101
*
Ed
 1e-07 1 1 0
1  170 0 0 1
0

0101000
+1050 0 -1048 0 *
Ve
1e-07
113.900002 79.451576 3
0 0

0101101
*
Ed
 1e-07 1 1 0
1  171 0 0 0.699996999999996
0

0101000
+1048 0 -1046 0 *
Ve
1e-07
114.900002 79.451576 3
0 0

0101101
*
Ed
 1e-07 1 1 0
1  172 0 0 1
0

0101000
+1046 0 -1044 0 *
Ve
1e-07
114.900002 77.651573 3
0 0

0101101
*
Ed
 1e-07 1 1 0
1  173 0 0 1.800003
0

0101000
+1044 0 -1042 0 *
Ve
1e-07
114.699997 77.651573 3
0 0

0101101
*
Ed
 1e-07 1 1 0
1  174 0 0 0.200005000000004
0

0101000
+1042 0 -1040 0 *
Ve
1e-07
114.699997 79.251572 3
0 0

0101101
*
Ed
 1e-07 1 1 0
1  175 0 0 1.599999
0

0101000
+1040 0 -1038 0 *
Ve
1e-07
113.900002 79.251572 3
0 0

0101101
*
Ed
 1e-07 1 1 0
1  176 0 0 0.799994999999996
0

0101000
+1038 0 -1036 0 *
Ve
1e-07
113.900002 76.923775 3
0 0

0101101
*
Ed
 1e-07 1 1 0
1  177 0 0 2.32779699999999
0

0101000
+1036 0 -1034 0 *
Ve
1e-07
115.25 76.923775 3
0 0

0101101
*
Ed
 1e-07 1 1 0
1  178 0 0 1.349998
0

0101000
+1034 0 -1032 0 *
Ve
1e-07
115.25 76.723778 3
0 0

0101101
*
Ed
 1e-07 1 1 0
1  179 0 0 0.19999700000001
0

0101000
+1032 0 -1030 0 *
Ve
1e-07
113.900002 76.723778 3
0 0

0101101
*
Ed
 1e-07 1 1 0
1  180 0 0 1.349998
0

0101000
+1030 0 -1028 0 *
Ve
1e-07
113.900002 72.495979 3
0 0

0101101
*
Ed
 1e-07 1 1 0
1  181 0 0 4.22779899999999
0

0101000
+1028 0 -1026 0 *
Ve
1e-07
116.449997 72.495979 3
0 0

0101101
*
Ed
 1e-07 1 1 0
1  182 0 0 2.549995
0

0101000
+1026 0 -1024 0 *
Ve
1e-07
116.449997 74.323776 3
0 0

0101101
*
Ed
 1e-07 1 1 0
1  183 0 0 1.82779699999999
0

0101000
+1024 0 -1022 0 *
Ve
1e-07
115.849998 74.323776 3
0 0

0101101
*
Ed
 1e-07 1 1 0
1  184 0 0 0.599998999999997
0

0101000
+1022 0 -1020 0 *
Ve
1e-07
115.849998 74.523773 3
0 0

0101101
*
Ed
 1e-07 1 1 0
1  185 0 0 0.19999700000001
0

0101000
+1020 0 -1018 0 *
Ve
1e-07
116.449997 74.523773 3
0 0

0101101
*
Ed
 1e-07 1 1 0
1  186 0 0 0.599998999999997
0

0101000
+1018 0 -1016 0 *
Ve
1e-07
116.449997 75.523773 3
0 0

0101101
*
Ed
 1e-07 1 1 0
1  187 0 0 1
0

0101000
+1016 0 -1014 0 *
Ve
1e-07
115.849998 75.523773 3
0 0

0101101
*
Ed
 1e-07 1 1 0
1  188 0 0 0.599998999999997
0

0101000
+1014 0 -1012 0 *
Ve
1e-07
115.849998 76.923775 3
0 0

0101101
*
Ed
 1e-07 1 1 0
1  189 0 0 1.400002
0

0101000
+1012 0 -1010 0 *
Ve
1e-07
116.650002 76.923775 3
0 0

0101101
*
Ed
 1e-07 1 1 0
1  190 0 0 0.800004000000001
0

0101000
+1010 0 -1008 0 *
Ve
1e-07
116.650002 76.723778 3
0 0

0101101
*
Ed
 1e-07 1 1 0
1  191 0 0 0.19999700000001
0

0101000
+1008 0 -1006 0 *
Ed
 1e-07 1 1 0
1  192 0 0 0.599998999999997
0

0101000
+1006 0 -1093 0 *
Wi

0101100
+1091 0 +1089 0 +1087 0 +1085 0 +1083 0 +1081 0 +1079 0 +1077 0 +1075 0 +1073 0 
+1071 0 +1069 0 +1067 0 +1065 0 +1063 0 +1061 0 +1059 0 +1057 0 +1055 0 +1053 0 
+1051 0 +1049 0 +1047 0 +1045 0 +1043 0 +1041 0 +1039 0 +1037 0 +1035 0 +1033 0 
+1031 0 +1029 0 +1027 0 +1025 0 +1023 0 +1021 0 +1019 0 +1017 0 +1015 0 +1013 0 
+1011 0 +1009 0 +1007 0 +1005 0 +1004 0 *
Fa
0  1e-07 7 0

0111000
+1003 0 *
Co

0100000
+1002 0 *
Ve
1e-07
116.650002 81.001572 3
0 0

0101101
*
Ve
1e-07
116.650002 77.701576 3
0 0

0101101
*
Ed
 1e-07 1 1 0
1  193 0 0 3.29999599999999
0

0101000
+1000 0 -999 0 *
Ve
1e-07
120.349998 77.701576 3
0 0

0101101
*
Ed
 1e-07 1 1 0
1  194 0 0 3.699996
0

0101000
+999 0 -997 0 *
Ve
1e-07
120.349998 81.001572 3
0 0

0101101
*
Ed
 1e-07 1 1 0
1  195 0 0 3.29999599999999
0

0101000
+997 0 -995 0 *
Ed
 1e-07 1 1 0
1  196 0 0 3.699996
0

0101000
+995 0 -1000 0 *
Wi

0101100
+998 0 +996 0 +994 0 +993 0 *
Fa
0  1e-07 8 0

0111000
+992 0 *
Co

0100000
+991 0 *
Ve
1e-07
110.800003 81.001572 3
0 0

0101101
*
Ve
1e-07
107.099998 81.001572 3
0 0

0101101
*
Ed
 1e-07 1 1 0
1  197 0 0 3.700005
0

0101000
+989 0 -988 0 *
Ve
1e-07
107.099998 77.701576 3
0 0

0101101
*
Ed
 1e-07 1 1 0
1  198 0 0 3.29999599999999
0

0101000
+988 0 -986 0 *
Ve
1e-07
110.800003 77.701576 3
0 0

0101101
*
Ed
 1e-07 1 1 0
1  199 0 0 3.700005
0

0101000
+986 0 -984 0 *
Ed
 1e-07 1 1 0
1  200 0 0 3.29999599999999
0

0101000
+984 0 -989 0 *
Wi

0101100
+987 0 +985 0 +983 0 +982 0 *
Fa
0  1e-07 9 0

0111000
+981 0 *
Co

0100000
+980 0 *
Ve
1e-07
111.400002 76.723778 3
0 0

0101101
*
Ve
1e-07
110.800003 76.723778 3
0 0

0101101
*
Ed
 1e-07 1 1 0
1  201 0 0 0.599998999999997
0

0101000
+978 0 -977 0 *
Ve
1e-07
110.800003 76.923775 3
0 0

0101101
*
Ed
 1e-07 1 1 0
1  202 0 0 0.19999700000001
0

0101000
+977 0 -975 0 *
Ve
1e-07
111.599998 76.923775 3
0 0

0101101
*
Ed
 1e-07 1 1 0
1  203 0 0 0.799994999999996
0

0101000
+975 0 -973 0 *
Ve
1e-07
111.599998 75.523773 3
0 0

0101101
*
Ed
 1e-07 1 1 0
1  204 0 0 1.400002
0

0101000
+973 0 -971 0 *
Ve
1e-07
111 75.523773 3
0 0

0101101
*
Ed
 1e-07 1 1 0
1  205 0 0 0.599997999999999
0

0101000
+971 0 -969 0 *
Ve
1e-07
111 74.523773 3
0 0

0101101
*
Ed
 1e-07 1 1 0
1  206 0 0 1
0

0101000
+969 0 -967 0 *
Ve
1e-07
111.599998 74.523773 3
0 0

0101101
*
Ed
 1e-07 1 1 0
1  207 0 0 0.599997999999999
0

0101000
+967 0 -965 0 *
Ve
1e-07
111.599998 74.323776 3
0 0

0101101
*
Ed
 1e-07 1 1 0
1  208 0 0 0.19999700000001
0

0101000
+965 0 -963 0 *
Ve
1e-07
111 74.323776 3
0 0

0101101
*
Ed
 1e-07 1 1 0
1  209 0 0 0.599997999999999
0

0101000
+963 0 -961 0 *
Ve
1e-07
111 72.495979 3
0 0

0101101
*
Ed
 1e-07 1 1 0
1  210 0 0 1.82779699999999
0

0101000
+961 0 -959 0 *
Ve
1e-07
113.550003 72.495979 3
0 0

0101101
*
Ed
 1e-07 1 1 0
1  211 0 0 2.550003
0

0101000
+959 0 -957 0 *
Ve
1e-07
113.550003 76.723778 3
0 0

0101101
*
Ed
 1e-07 1 1 0
1  212 0 0 4.22779899999999
0

0101000
+957 0 -955 0 *
Ve
1e-07
112.199997 76.723778 3
0 0

0101101
*
Ed
 1e-07 1 1 0
1  213 0 0 1.35000600000001
0

0101000
+955 0 -953 0 *
Ve
1e-07
112.199997 76.923775 3
0 0

0101101
*
Ed
 1e-07 1 1 0
1  214 0 0 0.19999700000001
0

0101000
+953 0 -951 0 *
Ve
1e-07
113.550003 76.923775 3
0 0

0101101
*
Ed
 1e-07 1 1 0
1  215 0 0 1.35000600000001
0

0101000
+951 0 -949 0 *
Ve
1e-07
113.550003 79.251572 3
0 0

0101101
*
Ed
 1e-07 1 1 0
1  216 0 0 2.32779699999999
0

0101000
+949 0 -947 0 *
Ve
1e-07
112.75 79.251572 3
0 0

0101101
*
Ed
 1e-07 1 1 0
1  217 0 0 0.800003000000004
0

0101000
+947 0 -945 0 *
Ve
1e-07
112.75 77.651573 3
0 0

0101101
*
Ed
 1e-07 1 1 0
1  218 0 0 1.599999
0

0101000
+945 0 -943 0 *
Ve
1e-07
112.550003 77.651573 3
0 0

0101101
*
Ed
 1e-07 1 1 0
1  219 0 0 0.199996999999996
0

0101000
+943 0 -941 0 *
Ve
1e-07
112.550003 79.451576 3
0 0

0101101
*
Ed
 1e-07 1 1 0
1  220 0 0 1.800003
0

0101000
+941 0 -939 0 *
Ve
1e-07
113.550003 79.451576 3
0 0

0101101
*
Ed
 1e-07 1 1 0
1  221 0 0 1
0

0101000
+939 0 -937 0 *
Ve
1e-07
113.550003 80.151573 3
0 0

0101101
*
Ed
 1e-07 1 1 0
1  222 0 0 0.699996999999996
0

0101000
+937 0 -935 0 *
Ve
1e-07
112.550003 80.151573 3
0 0

0101101
*
Ed
 1e-07 1 1 0
1  223 0 0 1
0

0101000
+935 0 -933 0 *
Ve
1e-07
112.550003 80.351578 3
0 0

0101101
*
Ed
 1e-07 1 1 0
1  224 0 0 0.200005000000004
0

0101000
+933 0 -931 0 *
Ve
1e-07
113.550003 80.351578 3
0 0

0101101
*
Ed
 1e-07 1 1 0
1  225 0 0 1
0

0101000
+931 0 -929 0 *
Ve
1e-07
113.550003 81.001572 3
0 0

0101101
*
Ed
 1e-07 1 1 0
1  226 0 0 0.649993999999992
0

0101000
+929 0 -927 0 *
Ve
1e-07
111 81.001572 3
0 0

0101101
*
Ed
 1e-07 1 1 0
1  227 0 0 2.550003
0

0101000
+927 0 -925 0 *
Ve
1e-07
111 79.451576 3
0 0

0101101
*
Ed
 1e-07 1 1 0
1  228 0 0 1.54999599999999
0

0101000
+925 0 -923 0 *
Ve
1e-07
111.75 79.451576 3
0 0

0101101
*
Ed
 1e-07 1 1 0
1  229 0 0 0.75
0

0101000
+923 0 -921 0 *
Ve
1e-07
111.75 80.351578 3
0 0

0101101
*
Ed
 1e-07 1 1 0
1  230 0 0 0.900002000000001
0

0101000
+921 0 -919 0 *
Ve
1e-07
111.949997 80.351578 3
0 0

0101101
*
Ed
 1e-07 1 1 0
1  231 0 0 0.199996999999996
0

0101000
+919 0 -917 0 *
Ve
1e-07
111.949997 79.451576 3
0 0

0101101
*
Ed
 1e-07 1 1 0
1  232 0 0 0.900002000000001
0

0101000
+917 0 -915 0 *
Ve
1e-07
111.949997 79.251572 3
0 0

0101101
*
Ed
 1e-07 1 1 0
1  233 0 0 0.200004000000007
0

0101000
+915 0 -913 0 *
Ve
1e-07
111 79.251572 3
0 0

0101101
*
Ed
 1e-07 1 1 0
1  234 0 0 0.949996999999996
0

0101000
+913 0 -911 0 *
Ve
1e-07
111 77.501572 3
0 0

0101101
*
Ed
 1e-07 1 1 0
1  235 0 0 1.75
0

0101000
+911 0 -909 0 *
Ve
1e-07
108.849998 77.501572 3
0 0

0101101
*
Ed
 1e-07 1 1 0
1  236 0 0 2.150002
0

0101000
+909 0 -907 0 *
Ve
1e-07
108.849998 76.901573 3
0 0

0101101
*
Ed
 1e-07 1 1 0
1  237 0 0 0.599998999999997
0

0101000
+907 0 -905 0 *
Ve
1e-07
108.650002 76.901573 3
0 0

0101101
*
Ed
 1e-07 1 1 0
1  238 0 0 0.199995999999999
0

0101000
+905 0 -903 0 *
Ve
1e-07
108.650002 77.501572 3
0 0

0101101
*
Ed
 1e-07 1 1 0
1  239 0 0 0.599998999999997
0

0101000
+903 0 -901 0 *
Ve
1e-07
107.099998 77.501572 3
0 0

0101101
*
Ed
 1e-07 1 1 0
1  240 0 0 1.550004
0

0101000
+901 0 -899 0 *
Ve
1e-07
107.099998 72.495979 3
0 0

0101101
*
Ed
 1e-07 1 1 0
1  241 0 0 5.00559299999999
0

0101000
+899 0 -897 0 *
Ve
1e-07
110.800003 72.495979 3
0 0

0101101
*
Ed
 1e-07 1 1 0
1  242 0 0 3.700005
0

0101000
+897 0 -895 0 *
Ve
1e-07
110.800003 75.723778 3
0 0

0101101
*
Ed
 1e-07 1 1 0
1  243 0 0 3.22779899999999
0

0101000
+895 0 -893 0 *
Ve
1e-07
111.400002 75.723778 3
0 0

0101101
*
Ed
 1e-07 1 1 0
1  244 0 0 0.599998999999997
0

0101000
+893 0 -891 0 *
Ed
 1e-07 1 1 0
1  245 0 0 1
0

0101000
+891 0 -978 0 *
Wi

0101100
+976 0 +974 0 +972 0 +970 0 +968 0 +966 0 +964 0 +962 0 +960 0 +958 0 
+956 0 +954 0 +952 0 +950 0 +948 0 +946 0 +944 0 +942 0 +940 0 +938 0 
+936 0 +934 0 +932 0 +930 0 +928 0 +926 0 +924 0 +922 0 +920 0 +918 0 
+916 0 +914 0 +912 0 +910 0 +908 0 +906 0 +904 0 +902 0 +900 0 +898 0 
+896 0 +894 0 +892 0 +890 0 +889 0 *
Fa
0  1e-07 10 0

0111000
+888 0 *
Co

0100000
+887 0 *
Ve
1e-07
124.400002 81.001572 3
0 0

0101101
*
Ve
1e-07
120.699997 81.001572 3
0 0

0101101
*
Ed
 1e-07 1 1 0
1  246 0 0 3.700005
0

0101000
+885 0 -884 0 *
Ve
1e-07
120.699997 77.701576 3
0 0

0101101
*
Ed
 1e-07 1 1 0
1  247 0 0 3.29999599999999
0

0101000
+884 0 -882 0 *
Ve
1e-07
124.400002 77.701576 3
0 0

0101101
*
Ed
 1e-07 1 1 0
1  248 0 0 3.700005
0

0101000
+882 0 -880 0 *
Ed
 1e-07 1 1 0
1  249 0 0 3.29999599999999
0

0101000
+880 0 -885 0 *
Wi

0101100
+883 0 +881 0 +879 0 +878 0 *
Fa
0  1e-07 11 0

0111000
+877 0 *
Co

0100000
+876 0 *
Ve
1e-07
125 76.723778 3
0 0

0101101
*
Ve
1e-07
124.400002 76.723778 3
0 0

0101101
*
Ed
 1e-07 1 1 0
1  250 0 0 0.599997999999999
0

0101000
+874 0 -873 0 *
Ve
1e-07
124.400002 76.923775 3
0 0

0101101
*
Ed
 1e-07 1 1 0
1  251 0 0 0.19999700000001
0

0101000
+873 0 -871 0 *
Ve
1e-07
125.199997 76.923775 3
0 0

0101101
*
Ed
 1e-07 1 1 0
1  252 0 0 0.799994999999996
0

0101000
+871 0 -869 0 *
Ve
1e-07
125.199997 75.523773 3
0 0

0101101
*
Ed
 1e-07 1 1 0
1  253 0 0 1.400002
0

0101000
+869 0 -867 0 *
Ve
1e-07
124.599998 75.523773 3
0 0

0101101
*
Ed
 1e-07 1 1 0
1  254 0 0 0.599998999999997
0

0101000
+867 0 -865 0 *
Ve
1e-07
124.599998 74.523773 3
0 0

0101101
*
Ed
 1e-07 1 1 0
1  255 0 0 1
0

0101000
+865 0 -863 0 *
Ve
1e-07
125.199997 74.523773 3
0 0

0101101
*
Ed
 1e-07 1 1 0
1  256 0 0 0.599998999999997
0

0101000
+863 0 -861 0 *
Ve
1e-07
125.199997 74.323776 3
0 0

0101101
*
Ed
 1e-07 1 1 0
1  257 0 0 0.19999700000001
0

0101000
+861 0 -859 0 *
Ve
1e-07
124.599998 74.323776 3
0 0

0101101
*
Ed
 1e-07 1 1 0
1  258 0 0 0.599998999999997
0

0101000
+859 0 -857 0 *
Ve
1e-07
124.599998 72.495979 3
0 0

0101101
*
Ed
 1e-07 1 1 0
1  259 0 0 1.82779699999999
0

0101000
+857 0 -855 0 *
Ve
1e-07
127.150002 72.495979 3
0 0

0101101
*
Ed
 1e-07 1 1 0
1  260 0 0 2.550004
0

0101000
+855 0 -853 0 *
Ve
1e-07
127.150002 76.723778 3
0 0

0101101
*
Ed
 1e-07 1 1 0
1  261 0 0 4.22779899999999
0

0101000
+853 0 -851 0 *
Ve
1e-07
125.800003 76.723778 3
0 0

0101101
*
Ed
 1e-07 1 1 0
1  262 0 0 1.349999
0

0101000
+851 0 -849 0 *
Ve
1e-07
125.800003 76.923775 3
0 0

0101101
*
Ed
 1e-07 1 1 0
1  263 0 0 0.19999700000001
0

0101000
+849 0 -847 0 *
Ve
1e-07
127.150002 76.923775 3
0 0

0101101
*
Ed
 1e-07 1 1 0
1  264 0 0 1.349999
0

0101000
+847 0 -845 0 *
Ve
1e-07
127.150002 79.251572 3
0 0

0101101
*
Ed
 1e-07 1 1 0
1  265 0 0 2.32779699999999
0

0101000
+845 0 -843 0 *
Ve
1e-07
126.349998 79.251572 3
0 0

0101101
*
Ed
 1e-07 1 1 0
1  266 0 0 0.800004000000001
0

0101000
+843 0 -841 0 *
Ve
1e-07
126.349998 77.651573 3
0 0

0101101
*
Ed
 1e-07 1 1 0
1  267 0 0 1.599999
0

0101000
+841 0 -839 0 *
Ve
1e-07
126.150002 77.651573 3
0 0

0101101
*
Ed
 1e-07 1 1 0
1  268 0 0 0.199995999999999
0

0101000
+839 0 -837 0 *
Ve
1e-07
126.150002 79.451576 3
0 0

0101101
*
Ed
 1e-07 1 1 0
1  269 0 0 1.800003
0

0101000
+837 0 -835 0 *
Ve
1e-07
127.150002 79.451576 3
0 0

0101101
*
Ed
 1e-07 1 1 0
1  270 0 0 1
0

0101000
+835 0 -833 0 *
Ve
1e-07
127.150002 80.151573 3
0 0

0101101
*
Ed
 1e-07 1 1 0
1  271 0 0 0.699996999999996
0

0101000
+833 0 -831 0 *
Ve
1e-07
126.150002 80.151573 3
0 0

0101101
*
Ed
 1e-07 1 1 0
1  272 0 0 1
0

0101000
+831 0 -829 0 *
Ve
1e-07
126.150002 80.351578 3
0 0

0101101
*
Ed
 1e-07 1 1 0
1  273 0 0 0.200005000000004
0

0101000
+829 0 -827 0 *
Ve
1e-07
127.150002 80.351578 3
0 0

0101101
*
Ed
 1e-07 1 1 0
1  274 0 0 1
0

0101000
+827 0 -825 0 *
Ve
1e-07
127.150002 81.001572 3
0 0

0101101
*
Ed
 1e-07 1 1 0
1  275 0 0 0.649993999999992
0

0101000
+825 0 -823 0 *
Ve
1e-07
124.599998 81.001572 3
0 0

0101101
*
Ed
 1e-07 1 1 0
1  276 0 0 2.550004
0

0101000
+823 0 -821 0 *
Ve
1e-07
124.599998 79.451576 3
0 0

0101101
*
Ed
 1e-07 1 1 0
1  277 0 0 1.54999599999999
0

0101000
+821 0 -819 0 *
Ve
1e-07
125.349998 79.451576 3
0 0

0101101
*
Ed
 1e-07 1 1 0
1  278 0 0 0.75
0

0101000
+819 0 -817 0 *
Ve
1e-07
125.349998 80.351578 3
0 0

0101101
*
Ed
 1e-07 1 1 0
1  279 0 0 0.900002000000001
0

0101000
+817 0 -815 0 *
Ve
1e-07
125.550003 80.351578 3
0 0

0101101
*
Ed
 1e-07 1 1 0
1  280 0 0 0.200005000000004
0

0101000
+815 0 -813 0 *
Ve
1e-07
125.550003 79.451576 3
0 0

0101101
*
Ed
 1e-07 1 1 0
1  281 0 0 0.900002000000001
0

0101000
+813 0 -811 0 *
Ve
1e-07
125.550003 79.251572 3
0 0

0101101
*
Ed
 1e-07 1 1 0
1  282 0 0 0.200004000000007
0

0101000
+811 0 -809 0 *
Ve
1e-07
124.599998 79.251572 3
0 0

0101101
*
Ed
 1e-07 1 1 0
1  283 0 0 0.950005000000004
0

0101000
+809 0 -807 0 *
Ve
1e-07
124.599998 77.501572 3
0 0

0101101
*
Ed
 1e-07 1 1 0
1  284 0 0 1.75
0

0101000
+807 0 -805 0 *
Ve
1e-07
122.449997 77.501572 3
0 0

0101101
*
Ed
 1e-07 1 1 0
1  285 0 0 2.150001
0

0101000
+805 0 -803 0 *
Ve
1e-07
122.449997 76.901573 3
0 0

0101101
*
Ed
 1e-07 1 1 0
1  286 0 0 0.599998999999997
0

0101000
+803 0 -801 0 *
Ve
1e-07
122.25 76.901573 3
0 0

0101101
*
Ed
 1e-07 1 1 0
1  287 0 0 0.199996999999996
0

0101000
+801 0 -799 0 *
Ve
1e-07
122.25 77.501572 3
0 0

0101101
*
Ed
 1e-07 1 1 0
1  288 0 0 0.599998999999997
0

0101000
+799 0 -797 0 *
Ve
1e-07
120.699997 77.501572 3
0 0

0101101
*
Ed
 1e-07 1 1 0
1  289 0 0 1.550003
0

0101000
+797 0 -795 0 *
Ve
1e-07
120.699997 72.495979 3
0 0

0101101
*
Ed
 1e-07 1 1 0
1  290 0 0 5.00559299999999
0

0101000
+795 0 -793 0 *
Ve
1e-07
124.400002 72.495979 3
0 0

0101101
*
Ed
 1e-07 1 1 0
1  291 0 0 3.700005
0

0101000
+793 0 -791 0 *
Ve
1e-07
124.400002 75.723778 3
0 0

0101101
*
Ed
 1e-07 1 1 0
1  292 0 0 3.22779899999999
0

0101000
+791 0 -789 0 *
Ve
1e-07
125 75.723778 3
0 0

0101101
*
Ed
 1e-07 1 1 0
1  293 0 0 0.599997999999999
0

0101000
+789 0 -787 0 *
Ed
 1e-07 1 1 0
1  294 0 0 1
0

0101000
+787 0 -874 0 *
Wi

0101100
+872 0 +870 0 +868 0 +866 0 +864 0 +862 0 +860 0 +858 0 +856 0 +854 0 
+852 0 +850 0 +848 0 +846 0 +844 0 +842 0 +840 0 +838 0 +836 0 +834 0 
+832 0 +830 0 +828 0 +826 0 +824 0 +822 0 +820 0 +818 0 +816 0 +814 0 
+812 0 +810 0 +808 0 +806 0 +804 0 +802 0 +800 0 +798 0 +796 0 +794 0 
+792 0 +790 0 +788 0 +786 0 +785 0 *
Fa
0  1e-07 12 0

0111000
+784 0 *
Co

0100000
+783 0 *
Ve
1e-07
138 81.001572 3
0 0

0101101
*
Ve
1e-07
134.300003 81.001572 3
0 0

0101101
*
Ed
 1e-07 1 1 0
1  295 0 0 3.699997
0

0101000
+781 0 -780 0 *
Ve
1e-07
134.300003 77.701576 3
0 0

0101101
*
Ed
 1e-07 1 1 0
1  296 0 0 3.29999599999999
0

0101000
+780 0 -778 0 *
Ve
1e-07
138 77.701576 3
0 0

0101101
*
Ed
 1e-07 1 1 0
1  297 0 0 3.699997
0

0101000
+778 0 -776 0 *
Ed
 1e-07 1 1 0
1  298 0 0 3.29999599999999
0

0101000
+776 0 -781 0 *
Wi

0101100
+779 0 +777 0 +775 0 +774 0 *
Fa
0  1e-07 13 0

0111000
+773 0 *
Co

0100000
+772 0 *
Ve
1e-07
138.600006 76.723778 3
0 0

0101101
*
Ve
1e-07
138 76.723778 3
0 0

0101101
*
Ed
 1e-07 1 1 0
1  299 0 0 0.600006000000008
0

0101000
+770 0 -769 0 *
Ve
1e-07
138 76.923775 3
0 0

0101101
*
Ed
 1e-07 1 1 0
1  300 0 0 0.19999700000001
0

0101000
+769 0 -767 0 *
Ve
1e-07
138.800003 76.923775 3
0 0

0101101
*
Ed
 1e-07 1 1 0
1  301 0 0 0.800003000000004
0

0101000
+767 0 -765 0 *
Ve
1e-07
138.800003 75.523773 3
0 0

0101101
*
Ed
 1e-07 1 1 0
1  302 0 0 1.400002
0

0101000
+765 0 -763 0 *
Ve
1e-07
138.199997 75.523773 3
0 0

0101101
*
Ed
 1e-07 1 1 0
1  303 0 0 0.600006000000008
0

0101000
+763 0 -761 0 *
Ve
1e-07
138.199997 74.523773 3
0 0

0101101
*
Ed
 1e-07 1 1 0
1  304 0 0 1
0

0101000
+761 0 -759 0 *
Ve
1e-07
138.800003 74.523773 3
0 0

0101101
*
Ed
 1e-07 1 1 0
1  305 0 0 0.600006000000008
0

0101000
+759 0 -757 0 *
Ve
1e-07
138.800003 74.323776 3
0 0

0101101
*
Ed
 1e-07 1 1 0
1  306 0 0 0.19999700000001
0

0101000
+757 0 -755 0 *
Ve
1e-07
138.199997 74.323776 3
0 0

0101101
*
Ed
 1e-07 1 1 0
1  307 0 0 0.600006000000008
0

0101000
+755 0 -753 0 *
Ve
1e-07
138.199997 72.495979 3
0 0

0101101
*
Ed
 1e-07 1 1 0
1  308 0 0 1.82779699999999
0

0101000
+753 0 -751 0 *
Ve
1e-07
140.75 72.495979 3
0 0

0101101
*
Ed
 1e-07 1 1 0
1  309 0 0 2.550003
0

0101000
+751 0 -749 0 *
Ve
1e-07
140.75 76.723778 3
0 0

0101101
*
Ed
 1e-07 1 1 0
1  310 0 0 4.22779899999999
0

0101000
+749 0 -747 0 *
Ve
1e-07
139.399994 76.723778 3
0 0

0101101
*
Ed
 1e-07 1 1 0
1  311 0 0 1.35000600000001
0

0101000
+747 0 -745 0 *
Ve
1e-07
139.399994 76.923775 3
0 0

0101101
*
Ed
 1e-07 1 1 0
1  312 0 0 0.19999700000001
0

0101000
+745 0 -743 0 *
Ve
1e-07
140.75 76.923775 3
0 0

0101101
*
Ed
 1e-07 1 1 0
1  313 0 0 1.35000600000001
0

0101000
+743 0 -741 0 *
Ve
1e-07
140.75 79.251572 3
0 0

0101101
*
Ed
 1e-07 1 1 0
1  314 0 0 2.32779699999999
0

0101000
+741 0 -739 0 *
Ve
1e-07
139.949997 79.251572 3
0 0

0101101
*
Ed
 1e-07 1 1 0
1  315 0 0 0.800003000000004
0

0101000
+739 0 -737 0 *
Ve
1e-07
139.949997 77.651573 3
0 0

0101101
*
Ed
 1e-07 1 1 0
1  316 0 0 1.599999
0

0101000
+737 0 -735 0 *
Ve
1e-07
139.75 77.651573 3
0 0

0101101
*
Ed
 1e-07 1 1 0
1  317 0 0 0.199996999999996
0

0101000
+735 0 -733 0 *
Ve
1e-07
139.75 79.451576 3
0 0

0101101
*
Ed
 1e-07 1 1 0
1  318 0 0 1.800003
0

0101000
+733 0 -731 0 *
Ve
1e-07
140.75 79.451576 3
0 0

0101101
*
Ed
 1e-07 1 1 0
1  319 0 0 1
0

0101000
+731 0 -729 0 *
Ve
1e-07
140.75 80.151573 3
0 0

0101101
*
Ed
 1e-07 1 1 0
1  320 0 0 0.699996999999996
0

0101000
+729 0 -727 0 *
Ve
1e-07
139.75 80.151573 3
0 0

0101101
*
Ed
 1e-07 1 1 0
1  321 0 0 1
0

0101000
+727 0 -725 0 *
Ve
1e-07
139.75 80.351578 3
0 0

0101101
*
Ed
 1e-07 1 1 0
1  322 0 0 0.200005000000004
0

0101000
+725 0 -723 0 *
Ve
1e-07
140.75 80.351578 3
0 0

0101101
*
Ed
 1e-07 1 1 0
1  323 0 0 1
0

0101000
+723 0 -721 0 *
Ve
1e-07
140.75 81.001572 3
0 0

0101101
*
Ed
 1e-07 1 1 0
1  324 0 0 0.649993999999992
0

0101000
+721 0 -719 0 *
Ve
1e-07
138.199997 81.001572 3
0 0

0101101
*
Ed
 1e-07 1 1 0
1  325 0 0 2.550003
0

0101000
+719 0 -717 0 *
Ve
1e-07
138.199997 79.451576 3
0 0

0101101
*
Ed
 1e-07 1 1 0
1  326 0 0 1.54999599999999
0

0101000
+717 0 -715 0 *
Ve
1e-07
138.949997 79.451576 3
0 0

0101101
*
Ed
 1e-07 1 1 0
1  327 0 0 0.75
0

0101000
+715 0 -713 0 *
Ve
1e-07
138.949997 80.351578 3
0 0

0101101
*
Ed
 1e-07 1 1 0
1  328 0 0 0.900002000000001
0

0101000
+713 0 -711 0 *
Ve
1e-07
139.149994 80.351578 3
0 0

0101101
*
Ed
 1e-07 1 1 0
1  329 0 0 0.199996999999996
0

0101000
+711 0 -709 0 *
Ve
1e-07
139.149994 79.451576 3
0 0

0101101
*
Ed
 1e-07 1 1 0
1  330 0 0 0.900002000000001
0

0101000
+709 0 -707 0 *
Ve
1e-07
139.149994 79.251572 3
0 0

0101101
*
Ed
 1e-07 1 1 0
1  331 0 0 0.200004000000007
0

0101000
+707 0 -705 0 *
Ve
1e-07
138.199997 79.251572 3
0 0

0101101
*
Ed
 1e-07 1 1 0
1  332 0 0 0.949996999999996
0

0101000
+705 0 -703 0 *
Ve
1e-07
138.199997 77.501572 3
0 0

0101101
*
Ed
 1e-07 1 1 0
1  333 0 0 1.75
0

0101000
+703 0 -701 0 *
Ve
1e-07
136.050003 77.501572 3
0 0

0101101
*
Ed
 1e-07 1 1 0
1  334 0 0 2.14999399999999
0

0101000
+701 0 -699 0 *
Ve
1e-07
136.050003 76.901573 3
0 0

0101101
*
Ed
 1e-07 1 1 0
1  335 0 0 0.599998999999997
0

0101000
+699 0 -697 0 *
Ve
1e-07
135.850006 76.901573 3
0 0

0101101
*
Ed
 1e-07 1 1 0
1  336 0 0 0.199996999999996
0

0101000
+697 0 -695 0 *
Ve
1e-07
135.850006 77.501572 3
0 0

0101101
*
Ed
 1e-07 1 1 0
1  337 0 0 0.599998999999997
0

0101000
+695 0 -693 0 *
Ve
1e-07
134.300003 77.501572 3
0 0

0101101
*
Ed
 1e-07 1 1 0
1  338 0 0 1.550003
0

0101000
+693 0 -691 0 *
Ve
1e-07
134.300003 72.495979 3
0 0

0101101
*
Ed
 1e-07 1 1 0
1  339 0 0 5.00559299999999
0

0101000
+691 0 -689 0 *
Ve
1e-07
138 72.495979 3
0 0

0101101
*
Ed
 1e-07 1 1 0
1  340 0 0 3.699997
0

0101000
+689 0 -687 0 *
Ve
1e-07
138 75.723778 3
0 0

0101101
*
Ed
 1e-07 1 1 0
1  341 0 0 3.22779899999999
0

0101000
+687 0 -685 0 *
Ve
1e-07
138.600006 75.723778 3
0 0

0101101
*
Ed
 1e-07 1 1 0
1  342 0 0 0.600006000000008
0

0101000
+685 0 -683 0 *
Ed
 1e-07 1 1 0
1  343 0 0 1
0

0101000
+683 0 -770 0 *
Wi

0101100
+768 0 +766 0 +764 0 +762 0 +760 0 +758 0 +756 0 +754 0 +752 0 +750 0 
+748 0 +746 0 +744 0 +742 0 +740 0 +738 0 +736 0 +734 0 +732 0 +730 0 
+728 0 +726 0 +724 0 +722 0 +720 0 +718 0 +716 0 +714 0 +712 0 +710 0 
+708 0 +706 0 +704 0 +702 0 +700 0 +698 0 +696 0 +694 0 +692 0 +690 0 
+688 0 +686 0 +684 0 +682 0 +681 0 *
Fa
0  1e-07 14 0

0111000
+680 0 *
Co

0100000
+679 0 *
Ve
1e-07
151.600006 81.001572 3
0 0

0101101
*
Ve
1e-07
147.899994 81.001572 3
0 0

0101101
*
Ed
 1e-07 1 1 0
1  344 0 0 3.70001200000002
0

0101000
+677 0 -676 0 *
Ve
1e-07
147.899994 77.701576 3
0 0

0101101
*
Ed
 1e-07 1 1 0
1  345 0 0 3.29999599999999
0

0101000
+676 0 -674 0 *
Ve
1e-07
151.600006 77.701576 3
0 0

0101101
*
Ed
 1e-07 1 1 0
1  346 0 0 3.70001200000002
0

0101000
+674 0 -672 0 *
Ed
 1e-07 1 1 0
1  347 0 0 3.29999599999999
0

0101000
+672 0 -677 0 *
Wi

0101100
+675 0 +673 0 +671 0 +670 0 *
Fa
0  1e-07 15 0

0111000
+669 0 *
Co

0100000
+668 0 *
Ve
1e-07
152.199997 76.723778 3
0 0

0101101
*
Ve
1e-07
151.600006 76.723778 3
0 0

0101101
*
Ed
 1e-07 1 1 0
1  348 0 0 0.599990999999989
0

0101000
+666 0 -665 0 *
Ve
1e-07
151.600006 76.923775 3
0 0

0101101
*
Ed
 1e-07 1 1 0
1  349 0 0 0.19999700000001
0

0101000
+665 0 -663 0 *
Ve
1e-07
152.399994 76.923775 3
0 0

0101101
*
Ed
 1e-07 1 1 0
1  350 0 0 0.799987999999985
0

0101000
+663 0 -661 0 *
Ve
1e-07
152.399994 75.523773 3
0 0

0101101
*
Ed
 1e-07 1 1 0
1  351 0 0 1.400002
0

0101000
+661 0 -659 0 *
Ve
1e-07
151.800003 75.523773 3
0 0

0101101
*
Ed
 1e-07 1 1 0
1  352 0 0 0.599990999999989
0

0101000
+659 0 -657 0 *
Ve
1e-07
151.800003 74.523773 3
0 0

0101101
*
Ed
 1e-07 1 1 0
1  353 0 0 1
0

0101000
+657 0 -655 0 *
Ve
1e-07
152.399994 74.523773 3
0 0

0101101
*
Ed
 1e-07 1 1 0
1  354 0 0 0.599990999999989
0

0101000
+655 0 -653 0 *
Ve
1e-07
152.399994 74.323776 3
0 0

0101101
*
Ed
 1e-07 1 1 0
1  355 0 0 0.19999700000001
0

0101000
+653 0 -651 0 *
Ve
1e-07
151.800003 74.323776 3
0 0

0101101
*
Ed
 1e-07 1 1 0
1  356 0 0 0.599990999999989
0

0101000
+651 0 -649 0 *
Ve
1e-07
151.800003 72.495979 3
0 0

0101101
*
Ed
 1e-07 1 1 0
1  357 0 0 1.82779699999999
0

0101000
+649 0 -647 0 *
Ve
1e-07
154.350006 72.495979 3
0 0

0101101
*
Ed
 1e-07 1 1 0
1  358 0 0 2.550003
0

0101000
+647 0 -645 0 *
Ve
1e-07
154.350006 76.723778 3
0 0

0101101
*
Ed
 1e-07 1 1 0
1  359 0 0 4.22779899999999
0

0101000
+645 0 -643 0 *
Ve
1e-07
153 76.723778 3
0 0

0101101
*
Ed
 1e-07 1 1 0
1  360 0 0 1.35000600000001
0

0101000
+643 0 -641 0 *
Ve
1e-07
153 76.923775 3
0 0

0101101
*
Ed
 1e-07 1 1 0
1  361 0 0 0.19999700000001
0

0101000
+641 0 -639 0 *
Ve
1e-07
154.350006 76.923775 3
0 0

0101101
*
Ed
 1e-07 1 1 0
1  362 0 0 1.35000600000001
0

0101000
+639 0 -637 0 *
Ve
1e-07
154.350006 79.251572 3
0 0

0101101
*
Ed
 1e-07 1 1 0
1  363 0 0 2.32779699999999
0

0101000
+637 0 -635 0 *
Ve
1e-07
153.550003 79.251572 3
0 0

0101101
*
Ed
 1e-07 1 1 0
1  364 0 0 0.800003000000004
0

0101000
+635 0 -633 0 *
Ve
1e-07
153.550003 77.651573 3
0 0

0101101
*
Ed
 1e-07 1 1 0
1  365 0 0 1.599999
0

0101000
+633 0 -631 0 *
Ve
1e-07
153.350006 77.651573 3
0 0

0101101
*
Ed
 1e-07 1 1 0
1  366 0 0 0.199996999999996
0

0101000
+631 0 -629 0 *
Ve
1e-07
153.350006 79.451576 3
0 0

0101101
*
Ed
 1e-07 1 1 0
1  367 0 0 1.800003
0

0101000
+629 0 -627 0 *
Ve
1e-07
154.350006 79.451576 3
0 0

0101101
*
Ed
 1e-07 1 1 0
1  368 0 0 1
0

0101000
+627 0 -625 0 *
Ve
1e-07
154.350006 80.151573 3
0 0

0101101
*
Ed
 1e-07 1 1 0
1  369 0 0 0.699996999999996
0

0101000
+625 0 -623 0 *
Ve
1e-07
153.350006 80.151573 3
0 0

0101101
*
Ed
 1e-07 1 1 0
1  370 0 0 1
0

0101000
+623 0 -621 0 *
Ve
1e-07
153.350006 80.351578 3
0 0

0101101
*
Ed
 1e-07 1 1 0
1  371 0 0 0.200005000000004
0

0101000
+621 0 -619 0 *
Ve
1e-07
154.350006 80.351578 3
0 0

0101101
*
Ed
 1e-07 1 1 0
1  372 0 0 1
0

0101000
+619 0 -617 0 *
Ve
1e-07
154.350006 81.001572 3
0 0

0101101
*
Ed
 1e-07 1 1 0
1  373 0 0 0.649993999999992
0

0101000
+617 0 -615 0 *
Ve
1e-07
151.800003 81.001572 3
0 0

0101101
*
Ed
 1e-07 1 1 0
1  374 0 0 2.550003
0

0101000
+615 0 -613 0 *
Ve
1e-07
151.800003 79.451576 3
0 0

0101101
*
Ed
 1e-07 1 1 0
1  375 0 0 1.54999599999999
0

0101000
+613 0 -611 0 *
Ve
1e-07
152.550003 79.451576 3
0 0

0101101
*
Ed
 1e-07 1 1 0
1  376 0 0 0.75
0

0101000
+611 0 -609 0 *
Ve
1e-07
152.550003 80.351578 3
0 0

0101101
*
Ed
 1e-07 1 1 0
1  377 0 0 0.900002000000001
0

0101000
+609 0 -607 0 *
Ve
1e-07
152.75 80.351578 3
0 0

0101101
*
Ed
 1e-07 1 1 0
1  378 0 0 0.199996999999996
0

0101000
+607 0 -605 0 *
Ve
1e-07
152.75 79.451576 3
0 0

0101101
*
Ed
 1e-07 1 1 0
1  379 0 0 0.900002000000001
0

0101000
+605 0 -603 0 *
Ve
1e-07
152.75 79.251572 3
0 0

0101101
*
Ed
 1e-07 1 1 0
1  380 0 0 0.200004000000007
0

0101000
+603 0 -601 0 *
Ve
1e-07
151.800003 79.251572 3
0 0

0101101
*
Ed
 1e-07 1 1 0
1  381 0 0 0.949996999999996
0

0101000
+601 0 -599 0 *
Ve
1e-07
151.800003 77.501572 3
0 0

0101101
*
Ed
 1e-07 1 1 0
1  382 0 0 1.75
0

0101000
+599 0 -597 0 *
Ve
1e-07
149.649994 77.501572 3
0 0

0101101
*
Ed
 1e-07 1 1 0
1  383 0 0 2.15000900000001
0

0101000
+597 0 -595 0 *
Ve
1e-07
149.649994 76.901573 3
0 0

0101101
*
Ed
 1e-07 1 1 0
1  384 0 0 0.599998999999997
0

0101000
+595 0 -593 0 *
Ve
1e-07
149.449997 76.901573 3
0 0

0101101
*
Ed
 1e-07 1 1 0
1  385 0 0 0.199996999999996
0

0101000
+593 0 -591 0 *
Ve
1e-07
149.449997 77.501572 3
0 0

0101101
*
Ed
 1e-07 1 1 0
1  386 0 0 0.599998999999997
0

0101000
+591 0 -589 0 *
Ve
1e-07
147.899994 77.501572 3
0 0

0101101
*
Ed
 1e-07 1 1 0
1  387 0 0 1.550003
0

0101000
+589 0 -587 0 *
Ve
1e-07
147.899994 72.495979 3
0 0

0101101
*
Ed
 1e-07 1 1 0
1  388 0 0 5.00559299999999
0

0101000
+587 0 -585 0 *
Ve
1e-07
151.600006 72.495979 3
0 0

0101101
*
Ed
 1e-07 1 1 0
1  389 0 0 3.70001200000002
0

0101000
+585 0 -583 0 *
Ve
1e-07
151.600006 75.723778 3
0 0

0101101
*
Ed
 1e-07 1 1 0
1  390 0 0 3.22779899999999
0

0101000
+583 0 -581 0 *
Ve
1e-07
152.199997 75.723778 3
0 0

0101101
*
Ed
 1e-07 1 1 0
1  391 0 0 0.599990999999989
0

0101000
+581 0 -579 0 *
Ed
 1e-07 1 1 0
1  392 0 0 1
0

0101000
+579 0 -666 0 *
Wi

0101100
+664 0 +662 0 +660 0 +658 0 +656 0 +654 0 +652 0 +650 0 +648 0 +646 0 
+644 0 +642 0 +640 0 +638 0 +636 0 +634 0 +632 0 +630 0 +628 0 +626 0 
+624 0 +622 0 +620 0 +618 0 +616 0 +614 0 +612 0 +610 0 +608 0 +606 0 
+604 0 +602 0 +600 0 +598 0 +596 0 +594 0 +592 0 +590 0 +588 0 +586 0 
+584 0 +582 0 +580 0 +578 0 +577 0 *
Fa
0  1e-07 16 0

0111000
+576 0 *
Co

0100000
+575 0 *
Ve
1e-07
90.150002 59.849998 3
0 0

0101101
*
Ve
1e-07
90.150002 50.349998 3
0 0

0101101
*
Ed
 1e-07 1 1 0
1  393 0 0 9.5
0

0101000
+573 0 -572 0 *
Ve
1e-07
99.650002 50.349998 3
0 0

0101101
*
Ed
 1e-07 1 1 0
1  394 0 0 9.5
0

0101000
+572 0 -570 0 *
Ve
1e-07
99.650002 59.849998 3
0 0

0101101
*
Ed
 1e-07 1 1 0
1  395 0 0 9.5
0

0101000
+570 0 -568 0 *
Ve
1e-07
98.199997 59.849998 3
0 0

0101101
*
Ed
 1e-07 1 1 0
1  396 0 0 1.450005
0

0101000
+568 0 -566 0 *
Ve
1e-07
98.199997 60.200001 3
0 0

0101101
*
Ed
 1e-07 1 1 0
1  397 0 0 0.350003000000001
0

0101000
+566 0 -564 0 *
Ve
1e-07
98.599998 60.200001 3
0 0

0101101
*
Ed
 1e-07 1 1 0
1  398 0 0 0.400001000000003
0

0101000
+564 0 -562 0 *
Ve
1e-07
98.599998 63.145977 3
0 0

0101101
*
Ed
 1e-07 1 1 0
1  399 0 0 2.945976
0

0101000
+562 0 -560 0 *
Ve
1e-07
90.150002 63.145977 3
0 0

0101101
*
Ed
 1e-07 1 1 0
1  400 0 0 8.449996
0

0101000
+560 0 -558 0 *
Ve
1e-07
90.150002 60.200001 3
0 0

0101101
*
Ed
 1e-07 1 1 0
1  401 0 0 2.945976
0

0101000
+558 0 -556 0 *
Ve
1e-07
97.300003 60.200001 3
0 0

0101101
*
Ed
 1e-07 1 1 0
1  402 0 0 7.150001
0

0101000
+556 0 -554 0 *
Ve
1e-07
97.300003 59.849998 3
0 0

0101101
*
Ed
 1e-07 1 1 0
1  403 0 0 0.350003000000001
0

0101000
+554 0 -552 0 *
Ed
 1e-07 1 1 0
1  404 0 0 7.150001
0

0101000
+552 0 -573 0 *
Wi

0101100
+571 0 +569 0 +567 0 +565 0 +563 0 +561 0 +559 0 +557 0 +555 0 +553 0 
+551 0 +550 0 *
Fa
0  1e-07 17 0

0111000
+549 0 *
Co

0100000
+548 0 *
Ve
1e-07
96.800003 72.495979 3
0 0

0101101
*
Ve
1e-07
103.25 72.495979 3
0 0

0101101
*
Ed
 1e-07 1 1 0
1  405 0 0 6.449997
0

0101000
+546 0 -545 0 *
Ve
1e-07
103.25 75.148773 3
0 0

0101101
*
Ed
 1e-07 1 1 0
1  406 0 0 2.652794
0

0101000
+545 0 -543 0 *
Ve
1e-07
103.599998 75.148773 3
0 0

0101101
*
Ed
 1e-07 1 1 0
1  407 0 0 0.349997999999999
0

0101000
+543 0 -541 0 *
Ve
1e-07
103.599998 72.495979 3
0 0

0101101
*
Ed
 1e-07 1 1 0
1  408 0 0 2.652794
0

0101000
+541 0 -539 0 *
Ve
1e-07
106.75 72.495979 3
0 0

0101101
*
Ed
 1e-07 1 1 0
1  409 0 0 3.150002
0

0101000
+539 0 -537 0 *
Ve
1e-07
106.75 81.001572 3
0 0

0101101
*
Ed
 1e-07 1 1 0
1  410 0 0 8.50559299999999
0

0101000
+537 0 -535 0 *
Ve
1e-07
103.599998 81.001572 3
0 0

0101101
*
Ed
 1e-07 1 1 0
1  411 0 0 3.150002
0

0101000
+535 0 -533 0 *
Ve
1e-07
103.599998 75.948776 3
0 0

0101101
*
Ed
 1e-07 1 1 0
1  412 0 0 5.052796
0

0101000
+533 0 -531 0 *
Ve
1e-07
103.25 75.948776 3
0 0

0101101
*
Ed
 1e-07 1 1 0
1  413 0 0 0.349997999999999
0

0101000
+531 0 -529 0 *
Ve
1e-07
103.25 81.001572 3
0 0

0101101
*
Ed
 1e-07 1 1 0
1  414 0 0 5.052796
0

0101000
+529 0 -527 0 *
Ve
1e-07
96.800003 81.001572 3
0 0

0101101
*
Ed
 1e-07 1 1 0
1  415 0 0 6.449997
0

0101000
+527 0 -525 0 *
Ed
 1e-07 1 1 0
1  416 0 0 8.50559299999999
0

0101000
+525 0 -546 0 *
Wi

0101100
+544 0 +542 0 +540 0 +538 0 +536 0 +534 0 +532 0 +530 0 +528 0 +526 0 
+524 0 +523 0 *
Fa
0  1e-07 18 0

0111000
+522 0 *
Co

0100000
+521 0 *
Ve
1e-07
161.5 72.495979 3
0 0

0101101
*
Ve
1e-07
164.649994 72.495979 3
0 0

0101101
*
Ed
 1e-07 1 1 0
1  417 0 0 3.14999399999999
0

0101000
+519 0 -518 0 *
Ve
1e-07
164.649994 75.148773 3
0 0

0101101
*
Ed
 1e-07 1 1 0
1  418 0 0 2.652794
0

0101000
+518 0 -516 0 *
Ve
1e-07
165 75.148773 3
0 0

0101101
*
Ed
 1e-07 1 1 0
1  419 0 0 0.350006000000008
0

0101000
+516 0 -514 0 *
Ve
1e-07
165 72.495979 3
0 0

0101101
*
Ed
 1e-07 1 1 0
1  420 0 0 2.652794
0

0101000
+514 0 -512 0 *
Ve
1e-07
171.399994 72.495979 3
0 0

0101101
*
Ed
 1e-07 1 1 0
1  421 0 0 6.39999399999999
0

0101000
+512 0 -510 0 *
Ve
1e-07
171.399994 81.001572 3
0 0

0101101
*
Ed
 1e-07 1 1 0
1  422 0 0 8.50559299999999
0

0101000
+510 0 -508 0 *
Ve
1e-07
165 81.001572 3
0 0

0101101
*
Ed
 1e-07 1 1 0
1  423 0 0 6.39999399999999
0

0101000
+508 0 -506 0 *
Ve
1e-07
165 75.948776 3
0 0

0101101
*
Ed
 1e-07 1 1 0
1  424 0 0 5.052796
0

0101000
+506 0 -504 0 *
Ve
1e-07
164.649994 75.948776 3
0 0

0101101
*
Ed
 1e-07 1 1 0
1  425 0 0 0.350006000000008
0

0101000
+504 0 -502 0 *
Ve
1e-07
164.649994 81.001572 3
0 0

0101101
*
Ed
 1e-07 1 1 0
1  426 0 0 5.052796
0

0101000
+502 0 -500 0 *
Ve
1e-07
161.5 81.001572 3
0 0

0101101
*
Ed
 1e-07 1 1 0
1  427 0 0 3.14999399999999
0

0101000
+500 0 -498 0 *
Ed
 1e-07 1 1 0
1  428 0 0 8.50559299999999
0

0101000
+498 0 -519 0 *
Wi

0101100
+517 0 +515 0 +513 0 +511 0 +509 0 +507 0 +505 0 +503 0 +501 0 +499 0 
+497 0 +496 0 *
Fa
0  1e-07 19 0

0111000
+495 0 *
Co

0100000
+494 0 *
Ve
1e-07
96.800003 81.001572 0
0 0

0101101
*
Ve
1e-07
103.25 81.001572 0
0 0

0101101
*
Ed
 1e-07 1 1 0
1  429 0 0 6.449997
0

0101000
+492 0 -491 0 *
Ve
1e-07
103.25 76.923775 0
0 0

0101101
*
Ed
 1e-07 1 1 0
1  430 0 0 4.07779699999999
0

0101000
+491 0 -489 0 *
Ve
1e-07
98.599998 76.923775 0
0 0

0101101
*
Ed
 1e-07 1 1 0
1  431 0 0 4.650002
0

0101000
+489 0 -487 0 *
Ve
1e-07
98.599998 76.574013 0
0 0

0101101
*
Ed
 1e-07 1 1 0
1  432 0 0 0.349762000000013
0

0101000
+487 0 -485 0 *
Ve
1e-07
103.599998 76.574013 0
0 0

0101101
*
Ed
 1e-07 1 1 0
1  433 0 0 5
0

0101000
+485 0 -483 0 *
Ve
1e-07
103.599998 81.001572 0
0 0

0101101
*
Ed
 1e-07 1 1 0
1  434 0 0 4.427559
0

0101000
+483 0 -481 0 *
Ve
1e-07
106.75 81.001572 0
0 0

0101101
*
Ed
 1e-07 1 1 0
1  435 0 0 3.150002
0

0101000
+481 0 -479 0 *
Ve
1e-07
106.75 76.574013 0
0 0

0101101
*
Ed
 1e-07 1 1 0
1  436 0 0 4.427559
0

0101000
+479 0 -477 0 *
Ve
1e-07
111.849998 76.574013 0
0 0

0101101
*
Ed
 1e-07 1 1 0
1  437 0 0 5.099998
0

0101000
+477 0 -475 0 *
Ve
1e-07
111.849998 76.923775 0
0 0

0101101
*
Ed
 1e-07 1 1 0
1  438 0 0 0.349762000000013
0

0101000
+475 0 -473 0 *
Ve
1e-07
111.699997 76.923775 0
0 0

0101101
*
Ed
 1e-07 1 1 0
1  439 0 0 0.150001000000003
0

0101000
+473 0 -471 0 *
Ve
1e-07
111.699997 77.723778 0
0 0

0101101
*
Ed
 1e-07 1 1 0
1  440 0 0 0.80000299999999
0

0101000
+471 0 -469 0 *
Ve
1e-07
111.5 77.723778 0
0 0

0101101
*
Ed
 1e-07 1 1 0
1  441 0 0 0.199996999999996
0

0101000
+469 0 -467 0 *
Ve
1e-07
111.5 76.923775 0
0 0

0101101
*
Ed
 1e-07 1 1 0
1  442 0 0 0.80000299999999
0

0101000
+467 0 -465 0 *
Ve
1e-07
107.099998 76.923775 0
0 0

0101101
*
Ed
 1e-07 1 1 0
1  443 0 0 4.400002
0

0101000
+465 0 -463 0 *
Ve
1e-07
107.099998 81.001572 0
0 0

0101101
*
Ed
 1e-07 1 1 0
1  444 0 0 4.07779699999999
0

0101000
+463 0 -461 0 *
Ve
1e-07
111.5 81.001572 0
0 0

0101101
*
Ed
 1e-07 1 1 0
1  445 0 0 4.400002
0

0101000
+461 0 -459 0 *
Ve
1e-07
111.5 78.523773 0
0 0

0101101
*
Ed
 1e-07 1 1 0
1  446 0 0 2.47779899999999
0

0101000
+459 0 -457 0 *
Ve
1e-07
111.699997 78.523773 0
0 0

0101101
*
Ed
 1e-07 1 1 0
1  447 0 0 0.199996999999996
0

0101000
+457 0 -455 0 *
Ve
1e-07
111.699997 79.001572 0
0 0

0101101
*
Ed
 1e-07 1 1 0
1  448 0 0 0.47779899999999
0

0101000
+455 0 -453 0 *
Ve
1e-07
111.900002 79.001572 0
0 0

0101101
*
Ed
 1e-07 1 1 0
1  449 0 0 0.200005000000004
0

0101000
+453 0 -451 0 *
Ve
1e-07
111.900002 79.201576 0
0 0

0101101
*
Ed
 1e-07 1 1 0
1  450 0 0 0.200004000000007
0

0101000
+451 0 -449 0 *
Ve
1e-07
111.699997 79.201576 0
0 0

0101101
*
Ed
 1e-07 1 1 0
1  451 0 0 0.200005000000004
0

0101000
+449 0 -447 0 *
Ve
1e-07
111.699997 81.001572 0
0 0

0101101
*
Ed
 1e-07 1 1 0
1  452 0 0 1.79999599999999
0

0101000
+447 0 -445 0 *
Ve
1e-07
113.550003 81.001572 0
0 0

0101101
*
Ed
 1e-07 1 1 0
1  453 0 0 1.85000600000001
0

0101000
+445 0 -443 0 *
Ve
1e-07
113.550003 79.201576 0
0 0

0101101
*
Ed
 1e-07 1 1 0
1  454 0 0 1.79999599999999
0

0101000
+443 0 -441 0 *
Ve
1e-07
112.699997 79.201576 0
0 0

0101101
*
Ed
 1e-07 1 1 0
1  455 0 0 0.850006000000008
0

0101000
+441 0 -439 0 *
Ve
1e-07
112.699997 79.001572 0
0 0

0101101
*
Ed
 1e-07 1 1 0
1  456 0 0 0.200004000000007
0

0101000
+439 0 -437 0 *
Ve
1e-07
113.550003 79.001572 0
0 0

0101101
*
Ed
 1e-07 1 1 0
1  457 0 0 0.850006000000008
0

0101000
+437 0 -435 0 *
Ve
1e-07
113.550003 76.923775 0
0 0

0101101
*
Ed
 1e-07 1 1 0
1  458 0 0 2.07779699999999
0

0101000
+435 0 -433 0 *
Ve
1e-07
112.75 76.923775 0
0 0

0101101
*
Ed
 1e-07 1 1 0
1  459 0 0 0.800003000000004
0

0101000
+433 0 -431 0 *
Ve
1e-07
112.75 76.574013 0
0 0

0101101
*
Ed
 1e-07 1 1 0
1  460 0 0 0.349762000000013
0

0101000
+431 0 -429 0 *
Ve
1e-07
114.699997 76.574013 0
0 0

0101101
*
Ed
 1e-07 1 1 0
1  461 0 0 1.949997
0

0101000
+429 0 -427 0 *
Ve
1e-07
114.699997 76.923775 0
0 0

0101101
*
Ed
 1e-07 1 1 0
1  462 0 0 0.349762000000013
0

0101000
+427 0 -425 0 *
Ve
1e-07
113.900002 76.923775 0
0 0

0101101
*
Ed
 1e-07 1 1 0
1  463 0 0 0.799994999999996
0

0101000
+425 0 -423 0 *
Ve
1e-07
113.900002 79.001572 0
0 0

0101101
*
Ed
 1e-07 1 1 0
1  464 0 0 2.07779699999999
0

0101000
+423 0 -421 0 *
Ve
1e-07
114.75 79.001572 0
0 0

0101101
*
Ed
 1e-07 1 1 0
1  465 0 0 0.849997999999999
0

0101000
+421 0 -419 0 *
Ve
1e-07
114.75 79.201576 0
0 0

0101101
*
Ed
 1e-07 1 1 0
1  466 0 0 0.200004000000007
0

0101000
+419 0 -417 0 *
Ve
1e-07
113.900002 79.201576 0
0 0

0101101
*
Ed
 1e-07 1 1 0
1  467 0 0 0.849997999999999
0

0101000
+417 0 -415 0 *
Ve
1e-07
113.900002 81.001572 0
0 0

0101101
*
Ed
 1e-07 1 1 0
1  468 0 0 1.79999599999999
0

0101000
+415 0 -413 0 *
Ve
1e-07
115.75 81.001572 0
0 0

0101101
*
Ed
 1e-07 1 1 0
1  469 0 0 1.849998
0

0101000
+413 0 -411 0 *
Ve
1e-07
115.75 79.201576 0
0 0

0101101
*
Ed
 1e-07 1 1 0
1  470 0 0 1.79999599999999
0

0101000
+411 0 -409 0 *
Ve
1e-07
115.550003 79.201576 0
0 0

0101101
*
Ed
 1e-07 1 1 0
1  471 0 0 0.199996999999996
0

0101000
+409 0 -407 0 *
Ve
1e-07
115.550003 79.001572 0
0 0

0101101
*
Ed
 1e-07 1 1 0
1  472 0 0 0.200004000000007
0

0101000
+407 0 -405 0 *
Ve
1e-07
115.75 79.001572 0
0 0

0101101
*
Ed
 1e-07 1 1 0
1  473 0 0 0.199996999999996
0

0101000
+405 0 -403 0 *
Ve
1e-07
115.75 78.523773 0
0 0

0101101
*
Ed
 1e-07 1 1 0
1  474 0 0 0.47779899999999
0

0101000
+403 0 -401 0 *
Ve
1e-07
115.949997 78.523773 0
0 0

0101101
*
Ed
 1e-07 1 1 0
1  475 0 0 0.199996999999996
0

0101000
+401 0 -399 0 *
Ve
1e-07
115.949997 81.001572 0
0 0

0101101
*
Ed
 1e-07 1 1 0
1  476 0 0 2.47779899999999
0

0101000
+399 0 -397 0 *
Ve
1e-07
120.349998 81.001572 0
0 0

0101101
*
Ed
 1e-07 1 1 0
1  477 0 0 4.400001
0

0101000
+397 0 -395 0 *
Ve
1e-07
120.349998 76.923775 0
0 0

0101101
*
Ed
 1e-07 1 1 0
1  478 0 0 4.07779699999999
0

0101000
+395 0 -393 0 *
Ve
1e-07
115.949997 76.923775 0
0 0

0101101
*
Ed
 1e-07 1 1 0
1  479 0 0 4.400001
0

0101000
+393 0 -391 0 *
Ve
1e-07
115.949997 77.723778 0
0 0

0101101
*
Ed
 1e-07 1 1 0
1  480 0 0 0.80000299999999
0

0101000
+391 0 -389 0 *
Ve
1e-07
115.75 77.723778 0
0 0

0101101
*
Ed
 1e-07 1 1 0
1  481 0 0 0.199996999999996
0

0101000
+389 0 -387 0 *
Ve
1e-07
115.75 76.923775 0
0 0

0101101
*
Ed
 1e-07 1 1 0
1  482 0 0 0.80000299999999
0

0101000
+387 0 -385 0 *
Ve
1e-07
115.599998 76.923775 0
0 0

0101101
*
Ed
 1e-07 1 1 0
1  483 0 0 0.150002000000001
0

0101000
+385 0 -383 0 *
Ve
1e-07
115.599998 76.574013 0
0 0

0101101
*
Ed
 1e-07 1 1 0
1  484 0 0 0.349762000000013
0

0101000
+383 0 -381 0 *
Ve
1e-07
125.449997 76.574013 0
0 0

0101101
*
Ed
 1e-07 1 1 0
1  485 0 0 9.849999
0

0101000
+381 0 -379 0 *
Ve
1e-07
125.449997 76.923775 0
0 0

0101101
*
Ed
 1e-07 1 1 0
1  486 0 0 0.349762000000013
0

0101000
+379 0 -377 0 *
Ve
1e-07
125.300003 76.923775 0
0 0

0101101
*
Ed
 1e-07 1 1 0
1  487 0 0 0.149993999999992
0

0101000
+377 0 -375 0 *
Ve
1e-07
125.300003 77.723778 0
0 0

0101101
*
Ed
 1e-07 1 1 0
1  488 0 0 0.80000299999999
0

0101000
+375 0 -373 0 *
Ve
1e-07
125.099998 77.723778 0
0 0

0101101
*
Ed
 1e-07 1 1 0
1  489 0 0 0.200005000000004
0

0101000
+373 0 -371 0 *
Ve
1e-07
125.099998 76.923775 0
0 0

0101101
*
Ed
 1e-07 1 1 0
1  490 0 0 0.80000299999999
0

0101000
+371 0 -369 0 *
Ve
1e-07
120.699997 76.923775 0
0 0

0101101
*
Ed
 1e-07 1 1 0
1  491 0 0 4.400001
0

0101000
+369 0 -367 0 *
Ve
1e-07
120.699997 81.001572 0
0 0

0101101
*
Ed
 1e-07 1 1 0
1  492 0 0 4.07779699999999
0

0101000
+367 0 -365 0 *
Ve
1e-07
125.099998 81.001572 0
0 0

0101101
*
Ed
 1e-07 1 1 0
1  493 0 0 4.400001
0

0101000
+365 0 -363 0 *
Ve
1e-07
125.099998 78.523773 0
0 0

0101101
*
Ed
 1e-07 1 1 0
1  494 0 0 2.47779899999999
0

0101000
+363 0 -361 0 *
Ve
1e-07
125.300003 78.523773 0
0 0

0101101
*
Ed
 1e-07 1 1 0
1  495 0 0 0.200005000000004
0

0101000
+361 0 -359 0 *
Ve
1e-07
125.300003 79.001572 0
0 0

0101101
*
Ed
 1e-07 1 1 0
1  496 0 0 0.47779899999999
0

0101000
+359 0 -357 0 *
Ve
1e-07
125.5 79.001572 0
0 0

0101101
*
Ed
 1e-07 1 1 0
1  497 0 0 0.199996999999996
0

0101000
+357 0 -355 0 *
Ve
1e-07
125.5 79.201576 0
0 0

0101101
*
Ed
 1e-07 1 1 0
1  498 0 0 0.200004000000007
0

0101000
+355 0 -353 0 *
Ve
1e-07
125.300003 79.201576 0
0 0

0101101
*
Ed
 1e-07 1 1 0
1  499 0 0 0.199996999999996
0

0101000
+353 0 -351 0 *
Ve
1e-07
125.300003 81.001572 0
0 0

0101101
*
Ed
 1e-07 1 1 0
1  500 0 0 1.79999599999999
0

0101000
+351 0 -349 0 *
Ve
1e-07
127.150002 81.001572 0
0 0

0101101
*
Ed
 1e-07 1 1 0
1  501 0 0 1.849999
0

0101000
+349 0 -347 0 *
Ve
1e-07
127.150002 79.201576 0
0 0

0101101
*
Ed
 1e-07 1 1 0
1  502 0 0 1.79999599999999
0

0101000
+347 0 -345 0 *
Ve
1e-07
126.300003 79.201576 0
0 0

0101101
*
Ed
 1e-07 1 1 0
1  503 0 0 0.849998999999997
0

0101000
+345 0 -343 0 *
Ve
1e-07
126.300003 79.001572 0
0 0

0101101
*
Ed
 1e-07 1 1 0
1  504 0 0 0.200004000000007
0

0101000
+343 0 -341 0 *
Ve
1e-07
127.150002 79.001572 0
0 0

0101101
*
Ed
 1e-07 1 1 0
1  505 0 0 0.849998999999997
0

0101000
+341 0 -339 0 *
Ve
1e-07
127.150002 76.923775 0
0 0

0101101
*
Ed
 1e-07 1 1 0
1  506 0 0 2.07779699999999
0

0101000
+339 0 -337 0 *
Ve
1e-07
126.349998 76.923775 0
0 0

0101101
*
Ed
 1e-07 1 1 0
1  507 0 0 0.800004000000001
0

0101000
+337 0 -335 0 *
Ve
1e-07
126.349998 76.574013 0
0 0

0101101
*
Ed
 1e-07 1 1 0
1  508 0 0 0.349762000000013
0

0101000
+335 0 -333 0 *
Ve
1e-07
128.300003 76.574013 0
0 0

0101101
*
Ed
 1e-07 1 1 0
1  509 0 0 1.950005
0

0101000
+333 0 -331 0 *
Ve
1e-07
128.300003 76.923775 0
0 0

0101101
*
Ed
 1e-07 1 1 0
1  510 0 0 0.349762000000013
0

0101000
+331 0 -329 0 *
Ve
1e-07
127.5 76.923775 0
0 0

0101101
*
Ed
 1e-07 1 1 0
1  511 0 0 0.800003000000004
0

0101000
+329 0 -327 0 *
Ve
1e-07
127.5 79.001572 0
0 0

0101101
*
Ed
 1e-07 1 1 0
1  512 0 0 2.07779699999999
0

0101000
+327 0 -325 0 *
Ve
1e-07
128.350006 79.001572 0
0 0

0101101
*
Ed
 1e-07 1 1 0
1  513 0 0 0.850006000000008
0

0101000
+325 0 -323 0 *
Ve
1e-07
128.350006 79.201576 0
0 0

0101101
*
Ed
 1e-07 1 1 0
1  514 0 0 0.200004000000007
0

0101000
+323 0 -321 0 *
Ve
1e-07
127.5 79.201576 0
0 0

0101101
*
Ed
 1e-07 1 1 0
1  515 0 0 0.850006000000008
0

0101000
+321 0 -319 0 *
Ve
1e-07
127.5 81.001572 0
0 0

0101101
*
Ed
 1e-07 1 1 0
1  516 0 0 1.79999599999999
0

0101000
+319 0 -317 0 *
Ve
1e-07
129.350006 81.001572 0
0 0

0101101
*
Ed
 1e-07 1 1 0
1  517 0 0 1.85000600000001
0

0101000
+317 0 -315 0 *
Ve
1e-07
129.350006 79.201576 0
0 0

0101101
*
Ed
 1e-07 1 1 0
1  518 0 0 1.79999599999999
0

0101000
+315 0 -313 0 *
Ve
1e-07
129.149994 79.201576 0
0 0

0101101
*
Ed
 1e-07 1 1 0
1  519 0 0 0.200012000000015
0

0101000
+313 0 -311 0 *
Ve
1e-07
129.149994 79.001572 0
0 0

0101101
*
Ed
 1e-07 1 1 0
1  520 0 0 0.200004000000007
0

0101000
+311 0 -309 0 *
Ve
1e-07
129.350006 79.001572 0
0 0

0101101
*
Ed
 1e-07 1 1 0
1  521 0 0 0.200012000000015
0

0101000
+309 0 -307 0 *
Ve
1e-07
129.350006 78.523773 0
0 0

0101101
*
Ed
 1e-07 1 1 0
1  522 0 0 0.47779899999999
0

0101000
+307 0 -305 0 *
Ve
1e-07
129.550003 78.523773 0
0 0

0101101
*
Ed
 1e-07 1 1 0
1  523 0 0 0.199996999999996
0

0101000
+305 0 -303 0 *
Ve
1e-07
129.550003 81.001572 0
0 0

0101101
*
Ed
 1e-07 1 1 0
1  524 0 0 2.47779899999999
0

0101000
+303 0 -301 0 *
Ve
1e-07
133.949997 81.001572 0
0 0

0101101
*
Ed
 1e-07 1 1 0
1  525 0 0 4.39999399999999
0

0101000
+301 0 -299 0 *
Ve
1e-07
133.949997 76.923775 0
0 0

0101101
*
Ed
 1e-07 1 1 0
1  526 0 0 4.07779699999999
0

0101000
+299 0 -297 0 *
Ve
1e-07
129.550003 76.923775 0
0 0

0101101
*
Ed
 1e-07 1 1 0
1  527 0 0 4.39999399999999
0

0101000
+297 0 -295 0 *
Ve
1e-07
129.550003 77.723778 0
0 0

0101101
*
Ed
 1e-07 1 1 0
1  528 0 0 0.80000299999999
0

0101000
+295 0 -293 0 *
Ve
1e-07
129.350006 77.723778 0
0 0

0101101
*
Ed
 1e-07 1 1 0
1  529 0 0 0.199996999999996
0

0101000
+293 0 -291 0 *
Ve
1e-07
129.350006 76.923775 0
0 0

0101101
*
Ed
 1e-07 1 1 0
1  530 0 0 0.80000299999999
0

0101000
+291 0 -289 0 *
Ve
1e-07
129.199997 76.923775 0
0 0

0101101
*
Ed
 1e-07 1 1 0
1  531 0 0 0.150009000000011
0

0101000
+289 0 -287 0 *
Ve
1e-07
129.199997 76.574013 0
0 0

0101101
*
Ed
 1e-07 1 1 0
1  532 0 0 0.349762000000013
0

0101000
+287 0 -285 0 *
Ve
1e-07
139.050003 76.574013 0
0 0

0101101
*
Ed
 1e-07 1 1 0
1  533 0 0 9.85000600000001
0

0101000
+285 0 -283 0 *
Ve
1e-07
139.050003 76.923775 0
0 0

0101101
*
Ed
 1e-07 1 1 0
1  534 0 0 0.349762000000013
0

0101000
+283 0 -281 0 *
Ve
1e-07
138.899994 76.923775 0
0 0

0101101
*
Ed
 1e-07 1 1 0
1  535 0 0 0.150009000000011
0

0101000
+281 0 -279 0 *
Ve
1e-07
138.899994 77.723778 0
0 0

0101101
*
Ed
 1e-07 1 1 0
1  536 0 0 0.80000299999999
0

0101000
+279 0 -277 0 *
Ve
1e-07
138.699997 77.723778 0
0 0

0101101
*
Ed
 1e-07 1 1 0
1  537 0 0 0.199996999999996
0

0101000
+277 0 -275 0 *
Ve
1e-07
138.699997 76.923775 0
0 0

0101101
*
Ed
 1e-07 1 1 0
1  538 0 0 0.80000299999999
0

0101000
+275 0 -273 0 *
Ve
1e-07
134.300003 76.923775 0
0 0

0101101
*
Ed
 1e-07 1 1 0
1  539 0 0 4.39999399999999
0

0101000
+273 0 -271 0 *
Ve
1e-07
134.300003 81.001572 0
0 0

0101101
*
Ed
 1e-07 1 1 0
1  540 0 0 4.07779699999999
0

0101000
+271 0 -269 0 *
Ve
1e-07
138.699997 81.001572 0
0 0

0101101
*
Ed
 1e-07 1 1 0
1  541 0 0 4.39999399999999
0

0101000
+269 0 -267 0 *
Ve
1e-07
138.699997 78.523773 0
0 0

0101101
*
Ed
 1e-07 1 1 0
1  542 0 0 2.47779899999999
0

0101000
+267 0 -265 0 *
Ve
1e-07
138.899994 78.523773 0
0 0

0101101
*
Ed
 1e-07 1 1 0
1  543 0 0 0.199996999999996
0

0101000
+265 0 -263 0 *
Ve
1e-07
138.899994 79.001572 0
0 0

0101101
*
Ed
 1e-07 1 1 0
1  544 0 0 0.47779899999999
0

0101000
+263 0 -261 0 *
Ve
1e-07
139.100006 79.001572 0
0 0

0101101
*
Ed
 1e-07 1 1 0
1  545 0 0 0.200012000000015
0

0101000
+261 0 -259 0 *
Ve
1e-07
139.100006 79.201576 0
0 0

0101101
*
Ed
 1e-07 1 1 0
1  546 0 0 0.200004000000007
0

0101000
+259 0 -257 0 *
Ve
1e-07
138.899994 79.201576 0
0 0

0101101
*
Ed
 1e-07 1 1 0
1  547 0 0 0.200012000000015
0

0101000
+257 0 -255 0 *
Ve
1e-07
138.899994 81.001572 0
0 0

0101101
*
Ed
 1e-07 1 1 0
1  548 0 0 1.79999599999999
0

0101000
+255 0 -253 0 *
Ve
1e-07
140.75 81.001572 0
0 0

0101101
*
Ed
 1e-07 1 1 0
1  549 0 0 1.85000600000001
0

0101000
+253 0 -251 0 *
Ve
1e-07
140.75 79.201576 0
0 0

0101101
*
Ed
 1e-07 1 1 0
1  550 0 0 1.79999599999999
0

0101000
+251 0 -249 0 *
Ve
1e-07
139.899994 79.201576 0
0 0

0101101
*
Ed
 1e-07 1 1 0
1  551 0 0 0.850006000000008
0

0101000
+249 0 -247 0 *
Ve
1e-07
139.899994 79.001572 0
0 0

0101101
*
Ed
 1e-07 1 1 0
1  552 0 0 0.200004000000007
0

0101000
+247 0 -245 0 *
Ve
1e-07
140.75 79.001572 0
0 0

0101101
*
Ed
 1e-07 1 1 0
1  553 0 0 0.850006000000008
0

0101000
+245 0 -243 0 *
Ve
1e-07
140.75 76.923775 0
0 0

0101101
*
Ed
 1e-07 1 1 0
1  554 0 0 2.07779699999999
0

0101000
+243 0 -241 0 *
Ve
1e-07
139.949997 76.923775 0
0 0

0101101
*
Ed
 1e-07 1 1 0
1  555 0 0 0.800003000000004
0

0101000
+241 0 -239 0 *
Ve
1e-07
139.949997 76.574013 0
0 0

0101101
*
Ed
 1e-07 1 1 0
1  556 0 0 0.349762000000013
0

0101000
+239 0 -237 0 *
Ve
1e-07
141.899994 76.574013 0
0 0

0101101
*
Ed
 1e-07 1 1 0
1  557 0 0 1.949997
0

0101000
+237 0 -235 0 *
Ve
1e-07
141.899994 76.923775 0
0 0

0101101
*
Ed
 1e-07 1 1 0
1  558 0 0 0.349762000000013
0

0101000
+235 0 -233 0 *
Ve
1e-07
141.100006 76.923775 0
0 0

0101101
*
Ed
 1e-07 1 1 0
1  559 0 0 0.799987999999985
0

0101000
+233 0 -231 0 *
Ve
1e-07
141.100006 79.001572 0
0 0

0101101
*
Ed
 1e-07 1 1 0
1  560 0 0 2.07779699999999
0

0101000
+231 0 -229 0 *
Ve
1e-07
141.949997 79.001572 0
0 0

0101101
*
Ed
 1e-07 1 1 0
1  561 0 0 0.849990999999989
0

0101000
+229 0 -227 0 *
Ve
1e-07
141.949997 79.201576 0
0 0

0101101
*
Ed
 1e-07 1 1 0
1  562 0 0 0.200004000000007
0

0101000
+227 0 -225 0 *
Ve
1e-07
141.100006 79.201576 0
0 0

0101101
*
Ed
 1e-07 1 1 0
1  563 0 0 0.849990999999989
0

0101000
+225 0 -223 0 *
Ve
1e-07
141.100006 81.001572 0
0 0

0101101
*
Ed
 1e-07 1 1 0
1  564 0 0 1.79999599999999
0

0101000
+223 0 -221 0 *
Ve
1e-07
142.949997 81.001572 0
0 0

0101101
*
Ed
 1e-07 1 1 0
1  565 0 0 1.84999099999999
0

0101000
+221 0 -219 0 *
Ve
1e-07
142.949997 79.201576 0
0 0

0101101
*
Ed
 1e-07 1 1 0
1  566 0 0 1.79999599999999
0

0101000
+219 0 -217 0 *
Ve
1e-07
142.75 79.201576 0
0 0

0101101
*
Ed
 1e-07 1 1 0
1  567 0 0 0.199996999999996
0

0101000
+217 0 -215 0 *
Ve
1e-07
142.75 79.001572 0
0 0

0101101
*
Ed
 1e-07 1 1 0
1  568 0 0 0.200004000000007
0

0101000
+215 0 -213 0 *
Ve
1e-07
142.949997 79.001572 0
0 0

0101101
*
Ed
 1e-07 1 1 0
1  569 0 0 0.199996999999996
0

0101000
+213 0 -211 0 *
Ve
1e-07
142.949997 78.523773 0
0 0

0101101
*
Ed
 1e-07 1 1 0
1  570 0 0 0.47779899999999
0

0101000
+211 0 -209 0 *
Ve
1e-07
143.149994 78.523773 0
0 0

0101101
*
Ed
 1e-07 1 1 0
1  571 0 0 0.199996999999996
0

0101000
+209 0 -207 0 *
Ve
1e-07
143.149994 81.001572 0
0 0

0101101
*
Ed
 1e-07 1 1 0
1  572 0 0 2.47779899999999
0

0101000
+207 0 -205 0 *
Ve
1e-07
147.550003 81.001572 0
0 0

0101101
*
Ed
 1e-07 1 1 0
1  573 0 0 4.40000900000001
0

0101000
+205 0 -203 0 *
Ve
1e-07
147.550003 76.923775 0
0 0

0101101
*
Ed
 1e-07 1 1 0
1  574 0 0 4.07779699999999
0

0101000
+203 0 -201 0 *
Ve
1e-07
143.149994 76.923775 0
0 0

0101101
*
Ed
 1e-07 1 1 0
1  575 0 0 4.40000900000001
0

0101000
+201 0 -199 0 *
Ve
1e-07
143.149994 77.723778 0
0 0

0101101
*
Ed
 1e-07 1 1 0
1  576 0 0 0.80000299999999
0

0101000
+199 0 -197 0 *
Ve
1e-07
142.949997 77.723778 0
0 0

0101101
*
Ed
 1e-07 1 1 0
1  577 0 0 0.199996999999996
0

0101000
+197 0 -195 0 *
Ve
1e-07
142.949997 76.923775 0
0 0

0101101
*
Ed
 1e-07 1 1 0
1  578 0 0 0.80000299999999
0

0101000
+195 0 -193 0 *
Ve
1e-07
142.800003 76.923775 0
0 0

0101101
*
Ed
 1e-07 1 1 0
1  579 0 0 0.149993999999992
0

0101000
+193 0 -191 0 *
Ve
1e-07
142.800003 76.574013 0
0 0

0101101
*
Ed
 1e-07 1 1 0
1  580 0 0 0.349762000000013
0

0101000
+191 0 -189 0 *
Ve
1e-07
152.649994 76.574013 0
0 0

0101101
*
Ed
 1e-07 1 1 0
1  581 0 0 9.84999099999999
0

0101000
+189 0 -187 0 *
Ve
1e-07
152.649994 76.923775 0
0 0

0101101
*
Ed
 1e-07 1 1 0
1  582 0 0 0.349762000000013
0

0101000
+187 0 -185 0 *
Ve
1e-07
152.5 76.923775 0
0 0

0101101
*
Ed
 1e-07 1 1 0
1  583 0 0 0.149993999999992
0

0101000
+185 0 -183 0 *
Ve
1e-07
152.5 77.723778 0
0 0

0101101
*
Ed
 1e-07 1 1 0
1  584 0 0 0.80000299999999
0

0101000
+183 0 -181 0 *
Ve
1e-07
152.300003 77.723778 0
0 0

0101101
*
Ed
 1e-07 1 1 0
1  585 0 0 0.199996999999996
0

0101000
+181 0 -179 0 *
Ve
1e-07
152.300003 76.923775 0
0 0

0101101
*
Ed
 1e-07 1 1 0
1  586 0 0 0.80000299999999
0

0101000
+179 0 -177 0 *
Ve
1e-07
147.899994 76.923775 0
0 0

0101101
*
Ed
 1e-07 1 1 0
1  587 0 0 4.40000900000001
0

0101000
+177 0 -175 0 *
Ve
1e-07
147.899994 81.001572 0
0 0

0101101
*
Ed
 1e-07 1 1 0
1  588 0 0 4.07779699999999
0

0101000
+175 0 -173 0 *
Ve
1e-07
152.300003 81.001572 0
0 0

0101101
*
Ed
 1e-07 1 1 0
1  589 0 0 4.40000900000001
0

0101000
+173 0 -171 0 *
Ve
1e-07
152.300003 78.523773 0
0 0

0101101
*
Ed
 1e-07 1 1 0
1  590 0 0 2.47779899999999
0

0101000
+171 0 -169 0 *
Ve
1e-07
152.5 78.523773 0
0 0

0101101
*
Ed
 1e-07 1 1 0
1  591 0 0 0.199996999999996
0

0101000
+169 0 -167 0 *
Ve
1e-07
152.5 79.001572 0
0 0

0101101
*
Ed
 1e-07 1 1 0
1  592 0 0 0.47779899999999
0

0101000
+167 0 -165 0 *
Ve
1e-07
152.699997 79.001572 0
0 0

0101101
*
Ed
 1e-07 1 1 0
1  593 0 0 0.199996999999996
0

0101000
+165 0 -163 0 *
Ve
1e-07
152.699997 79.201576 0
0 0

0101101
*
Ed
 1e-07 1 1 0
1  594 0 0 0.200004000000007
0

0101000
+163 0 -161 0 *
Ve
1e-07
152.5 79.201576 0
0 0

0101101
*
Ed
 1e-07 1 1 0
1  595 0 0 0.199996999999996
0

0101000
+161 0 -159 0 *
Ve
1e-07
152.5 81.001572 0
0 0

0101101
*
Ed
 1e-07 1 1 0
1  596 0 0 1.79999599999999
0

0101000
+159 0 -157 0 *
Ve
1e-07
154.350006 81.001572 0
0 0

0101101
*
Ed
 1e-07 1 1 0
1  597 0 0 1.85000600000001
0

0101000
+157 0 -155 0 *
Ve
1e-07
154.350006 79.201576 0
0 0

0101101
*
Ed
 1e-07 1 1 0
1  598 0 0 1.79999599999999
0

0101000
+155 0 -153 0 *
Ve
1e-07
153.5 79.201576 0
0 0

0101101
*
Ed
 1e-07 1 1 0
1  599 0 0 0.850006000000008
0

0101000
+153 0 -151 0 *
Ve
1e-07
153.5 79.001572 0
0 0

0101101
*
Ed
 1e-07 1 1 0
1  600 0 0 0.200004000000007
0

0101000
+151 0 -149 0 *
Ve
1e-07
154.350006 79.001572 0
0 0

0101101
*
Ed
 1e-07 1 1 0
1  601 0 0 0.850006000000008
0

0101000
+149 0 -147 0 *
Ve
1e-07
154.350006 76.923775 0
0 0

0101101
*
Ed
 1e-07 1 1 0
1  602 0 0 2.07779699999999
0

0101000
+147 0 -145 0 *
Ve
1e-07
153.550003 76.923775 0
0 0

0101101
*
Ed
 1e-07 1 1 0
1  603 0 0 0.800003000000004
0

0101000
+145 0 -143 0 *
Ve
1e-07
153.550003 76.574013 0
0 0

0101101
*
Ed
 1e-07 1 1 0
1  604 0 0 0.349762000000013
0

0101000
+143 0 -141 0 *
Ve
1e-07
155.5 76.574013 0
0 0

0101101
*
Ed
 1e-07 1 1 0
1  605 0 0 1.949997
0

0101000
+141 0 -139 0 *
Ve
1e-07
155.5 76.923775 0
0 0

0101101
*
Ed
 1e-07 1 1 0
1  606 0 0 0.349762000000013
0

0101000
+139 0 -137 0 *
Ve
1e-07
154.699997 76.923775 0
0 0

0101101
*
Ed
 1e-07 1 1 0
1  607 0 0 0.800003000000004
0

0101000
+137 0 -135 0 *
Ve
1e-07
154.699997 79.001572 0
0 0

0101101
*
Ed
 1e-07 1 1 0
1  608 0 0 2.07779699999999
0

0101000
+135 0 -133 0 *
Ve
1e-07
155.550003 79.001572 0
0 0

0101101
*
Ed
 1e-07 1 1 0
1  609 0 0 0.850006000000008
0

0101000
+133 0 -131 0 *
Ve
1e-07
155.550003 79.201576 0
0 0

0101101
*
Ed
 1e-07 1 1 0
1  610 0 0 0.200004000000007
0

0101000
+131 0 -129 0 *
Ve
1e-07
154.699997 79.201576 0
0 0

0101101
*
Ed
 1e-07 1 1 0
1  611 0 0 0.850006000000008
0

0101000
+129 0 -127 0 *
Ve
1e-07
154.699997 81.001572 0
0 0

0101101
*
Ed
 1e-07 1 1 0
1  612 0 0 1.79999599999999
0

0101000
+127 0 -125 0 *
Ve
1e-07
156.550003 81.001572 0
0 0

0101101
*
Ed
 1e-07 1 1 0
1  613 0 0 1.85000600000001
0

0101000
+125 0 -123 0 *
Ve
1e-07
156.550003 79.201576 0
0 0

0101101
*
Ed
 1e-07 1 1 0
1  614 0 0 1.79999599999999
0

0101000
+123 0 -121 0 *
Ve
1e-07
156.350006 79.201576 0
0 0

0101101
*
Ed
 1e-07 1 1 0
1  615 0 0 0.199996999999996
0

0101000
+121 0 -119 0 *
Ve
1e-07
156.350006 79.001572 0
0 0

0101101
*
Ed
 1e-07 1 1 0
1  616 0 0 0.200004000000007
0

0101000
+119 0 -117 0 *
Ve
1e-07
156.550003 79.001572 0
0 0

0101101
*
Ed
 1e-07 1 1 0
1  617 0 0 0.199996999999996
0

0101000
+117 0 -115 0 *
Ve
1e-07
156.550003 78.523773 0
0 0

0101101
*
Ed
 1e-07 1 1 0
1  618 0 0 0.47779899999999
0

0101000
+115 0 -113 0 *
Ve
1e-07
156.75 78.523773 0
0 0

0101101
*
Ed
 1e-07 1 1 0
1  619 0 0 0.199996999999996
0

0101000
+113 0 -111 0 *
Ve
1e-07
156.75 81.001572 0
0 0

0101101
*
Ed
 1e-07 1 1 0
1  620 0 0 2.47779899999999
0

0101000
+111 0 -109 0 *
Ve
1e-07
161.149994 81.001572 0
0 0

0101101
*
Ed
 1e-07 1 1 0
1  621 0 0 4.39999399999999
0

0101000
+109 0 -107 0 *
Ve
1e-07
161.149994 76.923775 0
0 0

0101101
*
Ed
 1e-07 1 1 0
1  622 0 0 4.07779699999999
0

0101000
+107 0 -105 0 *
Ve
1e-07
156.75 76.923775 0
0 0

0101101
*
Ed
 1e-07 1 1 0
1  623 0 0 4.39999399999999
0

0101000
+105 0 -103 0 *
Ve
1e-07
156.75 77.723778 0
0 0

0101101
*
Ed
 1e-07 1 1 0
1  624 0 0 0.80000299999999
0

0101000
+103 0 -101 0 *
Ve
1e-07
156.550003 77.723778 0
0 0

0101101
*
Ed
 1e-07 1 1 0
1  625 0 0 0.199996999999996
0

0101000
+101 0 -99 0 *
Ve
1e-07
156.550003 76.923775 0
0 0

0101101
*
Ed
 1e-07 1 1 0
1  626 0 0 0.80000299999999
0

0101000
+99 0 -97 0 *
Ve
1e-07
156.399994 76.923775 0
0 0

0101101
*
Ed
 1e-07 1 1 0
1  627 0 0 0.150009000000011
0

0101000
+97 0 -95 0 *
Ve
1e-07
156.399994 76.574013 0
0 0

0101101
*
Ed
 1e-07 1 1 0
1  628 0 0 0.349762000000013
0

0101000
+95 0 -93 0 *
Ve
1e-07
161.5 76.574013 0
0 0

0101101
*
Ed
 1e-07 1 1 0
1  629 0 0 5.10000600000001
0

0101000
+93 0 -91 0 *
Ve
1e-07
161.5 81.001572 0
0 0

0101101
*
Ed
 1e-07 1 1 0
1  630 0 0 4.427559
0

0101000
+91 0 -89 0 *
Ve
1e-07
164.649994 81.001572 0
0 0

0101101
*
Ed
 1e-07 1 1 0
1  631 0 0 3.14999399999999
0

0101000
+89 0 -87 0 *
Ve
1e-07
164.649994 76.074013 0
0 0

0101101
*
Ed
 1e-07 1 1 0
1  632 0 0 4.927559
0

0101000
+87 0 -85 0 *
Ve
1e-07
165 76.074013 0
0 0

0101101
*
Ed
 1e-07 1 1 0
1  633 0 0 0.350006000000008
0

0101000
+85 0 -83 0 *
Ve
1e-07
165 81.001572 0
0 0

0101101
*
Ed
 1e-07 1 1 0
1  634 0 0 4.927559
0

0101000
+83 0 -81 0 *
Ve
1e-07
166.800003 81.001572 0
0 0

0101101
*
Ed
 1e-07 1 1 0
1  635 0 0 1.800003
0

0101000
+81 0 -79 0 *
Ve
1e-07
166.800003 78.32354 0
0 0

0101101
*
Ed
 1e-07 1 1 0
1  636 0 0 2.678032
0

0101000
+79 0 -77 0 *
Ve
1e-07
167 78.32354 0
0 0

0101101
*
Ed
 1e-07 1 1 0
1  637 0 0 0.199996999999996
0

0101000
+77 0 -75 0 *
Ve
1e-07
167 81.001572 0
0 0

0101101
*
Ed
 1e-07 1 1 0
1  638 0 0 2.678032
0

0101000
+75 0 -73 0 *
Ve
1e-07
171.399994 81.001572 0
0 0

0101101
*
Ed
 1e-07 1 1 0
1  639 0 0 4.39999399999999
0

0101000
+73 0 -71 0 *
Ve
1e-07
171.399994 76.848778 0
0 0

0101101
*
Ed
 1e-07 1 1 0
1  640 0 0 4.152794
0

0101000
+71 0 -69 0 *
Ve
1e-07
167 76.848778 0
0 0

0101101
*
Ed
 1e-07 1 1 0
1  641 0 0 4.39999399999999
0

0101000
+69 0 -67 0 *
Ve
1e-07
167 77.423538 0
0 0

0101101
*
Ed
 1e-07 1 1 0
1  642 0 0 0.574759999999998
0

0101000
+67 0 -65 0 *
Ve
1e-07
166.800003 77.423538 0
0 0

0101101
*
Ed
 1e-07 1 1 0
1  643 0 0 0.199996999999996
0

0101000
+65 0 -63 0 *
Ve
1e-07
166.800003 76.074013 0
0 0

0101101
*
Ed
 1e-07 1 1 0
1  644 0 0 1.349525
0

0101000
+63 0 -61 0 *
Ve
1e-07
167 76.074013 0
0 0

0101101
*
Ed
 1e-07 1 1 0
1  645 0 0 0.199996999999996
0

0101000
+61 0 -59 0 *
Ve
1e-07
167 76.648773 0
0 0

0101101
*
Ed
 1e-07 1 1 0
1  646 0 0 0.574760000000012
0

0101000
+59 0 -57 0 *
Ve
1e-07
171.399994 76.648773 0
0 0

0101101
*
Ed
 1e-07 1 1 0
1  647 0 0 4.39999399999999
0

0101000
+57 0 -55 0 *
Ve
1e-07
171.399994 72.495979 0
0 0

0101101
*
Ed
 1e-07 1 1 0
1  648 0 0 4.152794
0

0101000
+55 0 -53 0 *
Ve
1e-07
167 72.495979 0
0 0

0101101
*
Ed
 1e-07 1 1 0
1  649 0 0 4.39999399999999
0

0101000
+53 0 -51 0 *
Ve
1e-07
167 75.174011 0
0 0

0101101
*
Ed
 1e-07 1 1 0
1  650 0 0 2.67803199999999
0

0101000
+51 0 -49 0 *
Ve
1e-07
166.800003 75.174011 0
0 0

0101101
*
Ed
 1e-07 1 1 0
1  651 0 0 0.199996999999996
0

0101000
+49 0 -47 0 *
Ve
1e-07
166.800003 72.495979 0
0 0

0101101
*
Ed
 1e-07 1 1 0
1  652 0 0 2.67803199999999
0

0101000
+47 0 -45 0 *
Ve
1e-07
165 72.495979 0
0 0

0101101
*
Ed
 1e-07 1 1 0
1  653 0 0 1.800003
0

0101000
+45 0 -43 0 *
Ve
1e-07
165 75.174011 0
0 0

0101101
*
Ed
 1e-07 1 1 0
1  654 0 0 2.67803199999999
0

0101000
+43 0 -41 0 *
Ve
1e-07
164.649994 75.174011 0
0 0

0101101
*
Ed
 1e-07 1 1 0
1  655 0 0 0.350006000000008
0

0101000
+41 0 -39 0 *
Ve
1e-07
164.649994 72.495979 0
0 0

0101101
*
Ed
 1e-07 1 1 0
1  656 0 0 2.67803199999999
0

0101000
+39 0 -37 0 *
Ve
1e-07
98.949997 72.495979 0
0 0

0101101
*
Ed
 1e-07 1 1 0
1  657 0 0 65.699997
0

0101000
+37 0 -35 0 *
Ve
1e-07
98.949997 74.350235 0
0 0

0101101
*
Ed
 1e-07 1 1 0
1  658 0 0 1.85425599999999
0

0101000
+35 0 -33 0 *
Ve
1e-07
98.599998 74.350235 0
0 0

0101101
*
Ed
 1e-07 1 1 0
1  659 0 0 0.349998999999997
0

0101000
+33 0 -31 0 *
Ve
1e-07
98.599998 60.200001 0
0 0

0101101
*
Ed
 1e-07 1 1 0
1  660 0 0 14.150234
0

0101000
+31 0 -29 0 *
Ve
1e-07
91.550003 60.200001 0
0 0

0101101
*
Ed
 1e-07 1 1 0
1  661 0 0 7.049995
0

0101000
+29 0 -27 0 *
Ve
1e-07
91.550003 59.849998 0
0 0

0101101
*
Ed
 1e-07 1 1 0
1  662 0 0 0.350003000000001
0

0101000
+27 0 -25 0 *
Ve
1e-07
99.650002 59.849998 0
0 0

0101101
*
Ed
 1e-07 1 1 0
1  663 0 0 8.099999
0

0101000
+25 0 -23 0 *
Ve
1e-07
99.650002 50.349998 0
0 0

0101101
*
Ed
 1e-07 1 1 0
1  664 0 0 9.5
0

0101000
+23 0 -21 0 *
Ve
1e-07
90.150002 50.349998 0
0 0

0101101
*
Ed
 1e-07 1 1 0
1  665 0 0 9.5
0

0101000
+21 0 -19 0 *
Ve
1e-07
90.150002 59.849998 0
0 0

0101101
*
Ed
 1e-07 1 1 0
1  666 0 0 9.5
0

0101000
+19 0 -17 0 *
Ve
1e-07
90.650002 59.849998 0
0 0

0101101
*
Ed
 1e-07 1 1 0
1  667 0 0 0.5
0

0101000
+17 0 -15 0 *
Ve
1e-07
90.650002 60.200001 0
0 0

0101101
*
Ed
 1e-07 1 1 0
1  668 0 0 0.350003000000001
0

0101000
+15 0 -13 0 *
Ve
1e-07
90.150002 60.200001 0
0 0

0101101
*
Ed
 1e-07 1 1 0
1  669 0 0 0.5
0

0101000
+13 0 -11 0 *
Ve
1e-07
90.150002 63.145977 0
0 0

0101101
*
Ed
 1e-07 1 1 0
1  670 0 0 2.945976
0

0101000
+11 0 -9 0 *
Ve
1e-07
96.800003 63.145977 0
0 0

0101101
*
Ed
 1e-07 1 1 0
1  671 0 0 6.650001
0

0101000
+9 0 -7 0 *
Ed
 1e-07 1 1 0
1  672 0 0 17.855595
0

0101000
+7 0 -492 0 *
Wi

0101100
+490 0 +488 0 +486 0 +484 0 +482 0 +480 0 +478 0 +476 0 +474 0 +472 0 
+470 0 +468 0 +466 0 +464 0 +462 0 +460 0 +458 0 +456 0 +454 0 +452 0 
+450 0 +448 0 +446 0 +444 0 +442 0 +440 0 +438 0 +436 0 +434 0 +432 0 
+430 0 +428 0 +426 0 +424 0 +422 0 +420 0 +418 0 +416 0 +414 0 +412 0 
+410 0 +408 0 +406 0 +404 0 +402 0 +400 0 +398 0 +396 0 +394 0 +392 0 
+390 0 +388 0 +386 0 +384 0 +382 0 +380 0 +378 0 +376 0 +374 0 +372 0 
+370 0 +368 0 +366 0 +364 0 +362 0 +360 0 +358 0 +356 0 +354 0 +352 0 
+350 0 +348 0 +346 0 +344 0 +342 0 +340 0 +338 0 +336 0 +334 0 +332 0 
+330 0 +328 0 +326 0 +324 0 +322 0 +320 0 +318 0 +316 0 +314 0 +312 0 
+310 0 +308 0 +306 0 +304 0 +302 0 +300 0 +298 0 +296 0 +294 0 +292 0 
+290 0 +288 0 +286 0 +284 0 +282 0 +280 0 +278 0 +276 0 +274 0 +272 0 
+270 0 +268 0 +266 0 +264 0 +262 0 +260 0 +258 0 +256 0 +254 0 +252 0 
+250 0 +248 0 +246 0 +244 0 +242 0 +240 0 +238 0 +236 0 +234 0 +232 0 
+230 0 +228 0 +226 0 +224 0 +222 0 +220 0 +218 0 +216 0 +214 0 +212 0 
+210 0 +208 0 +206 0 +204 0 +202 0 +200 0 +198 0 +196 0 +194 0 +192 0 
+190 0 +188 0 +186 0 +184 0 +182 0 +180 0 +178 0 +176 0 +174 0 +172 0 
+170 0 +168 0 +166 0 +164 0 +162 0 +160 0 +158 0 +156 0 +154 0 +152 0 
+150 0 +148 0 +146 0 +144 0 +142 0 +140 0 +138 0 +136 0 +134 0 +132 0 
+130 0 +128 0 +126 0 +124 0 +122 0 +120 0 +118 0 +116 0 +114 0 +112 0 
+110 0 +108 0 +106 0 +104 0 +102 0 +100 0 +98 0 +96 0 +94 0 +92 0 
+90 0 +88 0 +86 0 +84 0 +82 0 +80 0 +78 0 +76 0 +74 0 +72 0 
+70 0 +68 0 +66 0 +64 0 +62 0 +60 0 +58 0 +56 0 +54 0 +52 0 
+50 0 +48 0 +46 0 +44 0 +42 0 +40 0 +38 0 +36 0 +34 0 +32 0 
+30 0 +28 0 +26 0 +24 0 +22 0 +20 0 +18 0 +16 0 +14 0 +12 0 
+10 0 +8 0 +6 0 +5 0 *
Fa
0  1e-07 20 0

0111000
+4 0 *
Co

0100000
+3 0 *
Co

1100000
+1406 0 +1313 0 +1302 0 +1209 0 +1198 0 +1105 0 +1094 0 +1001 0 +990 0 +979 0 
+886 0 +875 0 +782 0 +771 0 +678 0 +667 0 +574 0 +547 0 +520 0 +493 0 
+2 0 *

+1 0 