# Rhino

g balcony_1
v 81.949996948242188 9 -28.548776626586914
v 81.949996948242188 9 -25.548776626586914
v 83.449996948242188 9 -28.548776626586914
v 83.449996948242188 9 -25.548776626586914
v 83.449996948242188 9 -27.048776626586914
v 81.949996948242188 9 -27.048776626586914
v 83.449996948242188 12 -28.548776626586914
v 81.949996948242188 12 -28.548776626586914
v 81.949996948242188 10.5 -28.548776626586914
v 83.449996948242188 10.5 -28.548776626586914
v 83.449996948242188 12 -25.548776626586914
v 83.449996948242188 12 -27.048776626586914
v 83.449996948242188 10.5 -25.548776626586914
v 81.949996948242188 12 -25.548776626586914
v 81.949996948242188 10.5 -25.548776626586914
v 81.949996948242188 12 -27.048776626586914
f 6 1 3 5 4 2
f 10 3 1 9 8 7
f 13 4 5 3 10 7 12 11
f 15 2 4 13 11 14
f 9 1 6 2 15 14 16 8
f 12 7 8 16 14 11
g livingroom_1
v 81.949996948242188 12 -31.351573944091797
v 81.949996948242188 15 -31.351573944091797
v 81.949996948242188 12 -26.351573944091797
v 81.949996948242188 15 -26.351573944091797
v 81.949996948242188 12 -28.851573944091797
v 81.949996948242188 15 -28.851573944091797
v 75.025001525878906 12 -26.351573944091797
v 75.025001525878906 15 -26.351573944091797
v 75.025001525878906 12 -31.351573944091797
v 75.025001525878906 15 -31.351573944091797
v 75.025001525878906 12 -28.851573944091797
v 75.025001525878906 15 -28.851573944091797
v 78.487503051757812 12 -26.351573944091797
v 78.487503051757812 12 -31.351573944091797
v 78.487503051757812 15 -26.351573944091797
v 78.487503051757812 15 -31.351573944091797
f 18 22 20 19 21 17
f 24 28 26 25 27 23
f 29 23 27 25 30 17 21 19
f 20 31 24 23 29 19
f 26 32 18 17 30 25
f 28 24 31 20 22 18 32 26
g livingroom_2
v 78.487503051757812 12 -22.145977020263672
v 78.487503051757812 12 -26.351573944091797
v 81.949996948242188 12 -22.145977020263672
v 81.949996948242188 12 -26.351573944091797
v 80.21875 12 -22.145977020263672
v 81.949996948242188 12 -24.248775482177734
v 80.21875 12 -26.351573944091797
v 78.487503051757812 12 -24.248775482177734
v 81.949996948242188 15 -22.145977020263672
v 78.487503051757812 15 -22.145977020263672
v 78.487503051757812 13.5 -22.145977020263672
v 80.21875 15 -22.145977020263672
v 81.949996948242188 13.5 -22.145977020263672
v 81.949996948242188 15 -26.351573944091797
v 81.949996948242188 15 -24.248775482177734
v 81.949996948242188 13.5 -26.351573944091797
v 78.487503051757812 15 -26.351573944091797
v 80.21875 15 -26.351573944091797
v 78.487503051757812 13.5 -26.351573944091797
v 78.487503051757812 15 -24.248775482177734
f 37 33 40 34 39 36 38 35
f 37 35 45 41 44 42 43 33
f 38 36 48 46 47 41 45 35
f 39 34 51 49 50 46 48 36
f 40 33 43 42 52 49 51 34
f 52 42 44 41 47 46 50 49
g corridor_1
v 75.025001525878906 12 -24.145977020263672
v 75.025001525878906 12 -26.351573944091797
v 78.487503051757812 12 -24.145977020263672
v 78.487503051757812 12 -26.351573944091797
v 76.756248474121094 12 -24.145977020263672
v 76.756248474121094 12 -26.351573944091797
v 78.487503051757812 15 -24.145977020263672
v 75.025001525878906 15 -24.145977020263672
v 75.025001525878906 13.5 -24.145977020263672
v 76.756248474121094 15 -24.145977020263672
v 78.487503051757812 13.5 -24.145977020263672
v 78.487503051757812 15 -26.351573944091797
v 78.487503051757812 13.5 -26.351573944091797
v 75.025001525878906 15 -26.351573944091797
v 76.756248474121094 15 -26.351573944091797
v 75.025001525878906 13.5 -26.351573944091797
f 54 58 56 55 57 53
f 57 55 63 59 62 60 61 53
f 63 55 56 65 64 59
f 58 54 68 66 67 64 65 56
f 68 54 53 61 60 66
f 66 60 62 59 64 67
g bathroom_1
v 75.025001525878906 12 -22.145977020263672
v 75.025001525878906 12 -24.145977020263672
v 78.487503051757812 12 -22.145977020263672
v 78.487503051757812 12 -24.145977020263672
v 76.756248474121094 12 -22.145977020263672
v 76.756248474121094 12 -24.145977020263672
v 78.487503051757812 15 -22.145977020263672
v 75.025001525878906 15 -22.145977020263672
v 75.025001525878906 13.5 -22.145977020263672
v 76.756248474121094 15 -22.145977020263672
v 78.487503051757812 13.5 -22.145977020263672
v 78.487503051757812 15 -24.145977020263672
v 78.487503051757812 13.5 -24.145977020263672
v 75.025001525878906 15 -24.145977020263672
v 76.756248474121094 15 -24.145977020263672
v 75.025001525878906 13.5 -24.145977020263672
f 70 74 72 71 73 69
f 73 71 79 75 78 76 77 69
f 79 71 72 81 80 75
f 74 70 84 82 83 80 81 72
f 84 70 69 77 76 82
f 82 76 78 75 80 83
g livingroom_3
v 75.025001525878906 9 -31.351573944091797
v 75.025001525878906 9 -28.454248428344727
v 75.025001525878906 9 -25.556922912597656
v 77.169174194335938 9 -25.556922912597656
v 77.169174194335938 9 -23.851449966430664
v 77.169174194335938 9 -22.145977020263672
v 79.559585571289062 9 -22.145977020263672
v 81.949996948242188 9 -22.145977020263672
v 81.949996948242188 9 -26.748775482177734
v 81.949996948242188 9 -31.351573944091797
v 78.487503051757812 9 -31.351573944091797
v 75.025001525878906 12 -25.556922912597656
v 75.025001525878906 12 -31.351573944091797
v 75.025001525878906 12 -28.454248428344727
v 75.025001525878906 10.5 -25.556922912597656
v 77.169174194335938 12 -25.556922912597656
v 77.169174194335938 10.5 -25.556922912597656
v 77.169174194335938 12 -22.145977020263672
v 77.169174194335938 12 -23.851449966430664
v 77.169174194335938 10.5 -22.145977020263672
v 81.949996948242188 12 -22.145977020263672
v 79.559585571289062 12 -22.145977020263672
v 81.949996948242188 12 -31.351573944091797
v 81.949996948242188 12 -26.748775482177734
v 78.487503051757812 12 -31.351573944091797
f 91 90 89 88 87 86 85 95 94 93 92
f 86 87 99 96 98 97 85
f 99 87 88 101 100 96
f 89 90 104 102 103 100 101 88
f 105 106 102 104 90 91 92
f 107 108 105 92 93 94
f 97 109 107 94 95 85
f 103 102 106 105 108 107 109 97 98 96 100
g bathroom_2
v 75.025001525878906 9 -22.145977020263672
v 75.025001525878906 9 -25.556922912597656
v 77.169174194335938 9 -22.145977020263672
v 77.169174194335938 9 -25.556922912597656
v 77.169174194335938 9 -23.851449966430664
v 75.025001525878906 9 -23.851449966430664
v 77.169174194335938 12 -22.145977020263672
v 75.025001525878906 12 -22.145977020263672
v 75.025001525878906 10.5 -22.145977020263672
v 77.169174194335938 10.5 -22.145977020263672
v 77.169174194335938 12 -25.556922912597656
v 77.169174194335938 12 -23.851449966430664
v 77.169174194335938 10.5 -25.556922912597656
v 75.025001525878906 12 -25.556922912597656
v 75.025001525878906 10.5 -25.556922912597656
v 75.025001525878906 12 -23.851449966430664
f 114 112 110 115 111 113
f 118 110 112 119 116 117
f 114 113 122 120 121 116 119 112
f 122 113 111 124 123 120
f 115 110 118 117 125 123 124 111
f 125 117 116 121 120 123
g stairs_1
v 12.625 15 -24.630142211914062
v 12.625 15 -29.130142211914062
v 13.625 15 -24.630142211914062
v 13.625 15 -29.130142211914062
v 13.625 15 -26.880142211914062
v 12.625 15 -26.880142211914062
v 12.625 9 -24.630142211914062
v 12.625 9 -29.130142211914062
v 13.625 9 -24.630142211914062
v 13.625 9 -29.130142211914062
v 13.625 9 -26.880142211914062
v 12.625 9 -26.880142211914062
v 12.625 12 -24.630142211914062
v 13.625 12 -24.630142211914062
v 13.625 12 -29.130142211914062
v 12.625 12 -29.130142211914062
f 131 126 128 130 129 127
f 136 134 132 137 133 135
f 138 132 134 139 128 126
f 136 135 140 129 130 128 139 134
f 140 135 133 141 127 129
f 131 127 141 133 137 132 138 126
g livingroom_4
v 6.6500000953674316 15 -25.545976638793945
v 6.6500000953674316 15 -31.351573944091797
v 11.625 15 -25.545976638793945
v 11.625 15 -31.351573944091797
v 9.1374998092651367 15 -25.545976638793945
v 11.625 15 -28.448776245117188
v 9.1374998092651367 15 -31.351573944091797
v 6.6500000953674316 15 -28.448776245117188
v 6.6500000953674316 9 -25.545976638793945
v 6.6500000953674316 9 -31.351573944091797
v 11.625 9 -25.545976638793945
v 11.625 9 -31.351573944091797
v 9.1374998092651367 9 -25.545976638793945
v 11.625 9 -28.448776245117188
v 9.1374998092651367 9 -31.351573944091797
v 6.6500000953674316 9 -28.448776245117188
v 11.625 12 -25.545976638793945
v 6.6500000953674316 12 -25.545976638793945
v 11.625 12 -31.351573944091797
v 6.6500000953674316 12 -31.351573944091797
f 149 142 146 144 147 145 148 143
f 154 150 157 151 156 153 155 152
f 154 152 158 144 146 142 159 150
f 155 153 160 145 147 144 158 152
f 148 145 160 153 156 151 161 143
f 149 143 161 151 157 150 159 142
g bedroom_1
v 6.6500000953674316 12 -22.145977020263672
v 13.625 12 -22.145977020263672
v 12.625 12 -29.130142211914062
v 11.625 12 -29.130142211914062
v 11.625 12 -27.33806037902832
v 11.625 12 -25.545976638793945
v 9.1374998092651367 12 -25.545976638793945
v 6.6500000953674316 12 -25.545976638793945
v 6.6500000953674316 12 -23.845977783203125
v 10.137499809265137 12 -22.145977020263672
v 13.625 12 -23.388059616088867
v 13.625 12 -24.630142211914062
v 12.625 12 -24.630142211914062
v 12.625 12 -26.880142211914062
v 11.625 15 -29.130142211914062
v 12.625 15 -29.130142211914062
v 12.625 13.5 -29.130142211914062
v 11.625 13.5 -29.130142211914062
v 11.625 15 -25.545976638793945
v 11.625 15 -27.33806037902832
v 11.625 13.5 -25.545976638793945
v 6.6500000953674316 15 -25.545976638793945
v 9.1374998092651367 15 -25.545976638793945
v 6.6500000953674316 13.5 -25.545976638793945
v 6.6500000953674316 15 -22.145977020263672
v 6.6500000953674316 15 -23.845977783203125
v 6.6500000953674316 13.5 -22.145977020263672
v 13.625 15 -22.145977020263672
v 13.625 13.5 -22.145977020263672
v 10.137499809265137 15 -22.145977020263672
v 13.625 15 -24.630142211914062
v 13.625 15 -23.388059616088867
v 13.625 13.5 -24.630142211914062
v 12.625 15 -24.630142211914062
v 12.625 13.5 -24.630142211914062
v 12.625 15 -26.880142211914062
f 171 162 170 169 168 167 166 165 164 175 174 173 172 163
f 178 164 165 179 176 177
f 166 167 182 180 181 176 179 165
f 168 169 185 183 184 180 182 167
f 170 162 188 186 187 183 185 169
f 171 163 190 189 191 186 188 162
f 172 173 194 192 193 189 190 163
f 194 173 174 196 195 192
f 175 164 178 177 197 195 196 174
f 187 186 191 189 193 192 195 197 177 176 181 180 184 183
g bathroom_3
v 11.625 12 -29.130142211914062
v 11.625 12 -31.351573944091797
v 13.625 12 -29.130142211914062
v 13.625 12 -31.351573944091797
v 12.625 12 -29.130142211914062
v 13.625 12 -30.24085807800293
v 12.625 12 -31.351573944091797
v 11.625 12 -30.24085807800293
v 13.625 15 -29.130142211914062
v 11.625 15 -29.130142211914062
v 11.625 13.5 -29.130142211914062
v 12.625 15 -29.130142211914062
v 13.625 13.5 -29.130142211914062
v 13.625 15 -31.351573944091797
v 13.625 15 -30.24085807800293
v 13.625 13.5 -31.351573944091797
v 11.625 15 -31.351573944091797
v 12.625 15 -31.351573944091797
v 11.625 13.5 -31.351573944091797
v 11.625 15 -30.24085807800293
f 202 198 205 199 204 201 203 200
f 202 200 210 206 209 207 208 198
f 213 211 212 206 210 200 203 201
f 204 199 216 214 215 211 213 201
f 205 198 208 207 217 214 216 199
f 217 207 209 206 212 211 215 214
g balcony_2
v 5.1500000953674316 12 -23.823776245117188
v 5.1500000953674316 12 -26.823776245117188
v 6.6500000953674316 12 -23.823776245117188
v 6.6500000953674316 12 -26.823776245117188
v 6.6500000953674316 12 -25.323776245117188
v 5.1500000953674316 12 -25.323776245117188
v 6.6500000953674316 15 -23.823776245117188
v 5.1500000953674316 15 -23.823776245117188
v 5.1500000953674316 13.5 -23.823776245117188
v 6.6500000953674316 13.5 -23.823776245117188
v 6.6500000953674316 15 -26.823776245117188
v 6.6500000953674316 15 -25.323776245117188
v 6.6500000953674316 13.5 -26.823776245117188
v 5.1500000953674316 15 -26.823776245117188
v 5.1500000953674316 13.5 -26.823776245117188
v 5.1500000953674316 15 -25.323776245117188
f 222 220 218 223 219 221
f 226 218 220 227 224 225
f 222 221 230 228 229 224 227 220
f 230 221 219 232 231 228
f 223 218 226 225 233 231 232 219
f 233 225 224 229 228 231
g corridor_2
v 12.625 9 -29.130142211914062
v 12.625 12 -29.130142211914062
v 12.625 9 -24.630142211914062
v 12.625 12 -24.630142211914062
v 12.625 9 -26.880142211914062
v 12.625 10.5 -24.630142211914062
v 12.625 12 -26.880142211914062
v 12.625 10.5 -29.130142211914062
v 11.625 9 -29.130142211914062
v 11.625 12 -29.130142211914062
v 11.625 10.5 -29.130142211914062
v 11.625 9 -23.130142211914062
v 11.625 12 -23.130142211914062
v 11.625 9 -26.130142211914062
v 11.625 10.5 -23.130142211914062
v 11.625 12 -26.130142211914062
v 13.625 9 -22.145977020263672
v 13.625 12 -22.145977020263672
v 10.077424049377441 9 -22.145977020263672
v 10.077424049377441 12 -22.145977020263672
v 11.851212501525879 9 -22.145977020263672
v 10.077424049377441 10.5 -22.145977020263672
v 11.851212501525879 12 -22.145977020263672
v 13.625 10.5 -22.145977020263672
v 13.625 9 -24.630142211914062
v 13.625 12 -24.630142211914062
v 13.625 9 -23.388059616088867
v 13.625 12 -23.388059616088867
v 13.625 10.5 -24.630142211914062
v 10.077424049377441 9 -23.130142211914062
v 10.077424049377441 12 -23.130142211914062
v 10.077424049377441 10.5 -23.130142211914062
f 238 234 241 235 240 237 239 236
f 241 234 242 244 243 235
f 247 245 248 246 249 243 244 242
f 254 250 257 251 256 253 255 252
f 260 258 262 259 261 251 257 250
f 262 258 236 239 237 259
f 265 263 252 255 253 264
f 248 245 263 265 264 246
f 252 263 245 247 242 234 238 236 258 260 250 254
f 246 264 253 256 251 261 259 237 240 235 243 249
g bedroom_2
v 6.6500000953674316 9 -22.145977020263672
v 6.6500000953674316 9 -25.545976638793945
v 10.077424049377441 9 -22.145977020263672
v 10.077424049377441 9 -25.545976638793945
v 8.3637123107910156 9 -22.145977020263672
v 10.077424049377441 9 -23.845977783203125
v 8.3637123107910156 9 -25.545976638793945
v 6.6500000953674316 9 -23.845977783203125
v 10.077424049377441 12 -22.145977020263672
v 6.6500000953674316 12 -22.145977020263672
v 6.6500000953674316 10.5 -22.145977020263672
v 8.3637123107910156 12 -22.145977020263672
v 10.077424049377441 10.5 -22.145977020263672
v 10.077424049377441 12 -25.545976638793945
v 10.077424049377441 12 -23.845977783203125
v 10.077424049377441 10.5 -25.545976638793945
v 6.6500000953674316 12 -25.545976638793945
v 8.3637123107910156 12 -25.545976638793945
v 6.6500000953674316 10.5 -25.545976638793945
v 6.6500000953674316 12 -23.845977783203125
f 270 266 273 267 272 269 271 268
f 270 268 278 274 277 275 276 266
f 271 269 281 279 280 274 278 268
f 272 267 284 282 283 279 281 269
f 273 266 276 275 285 282 284 267
f 285 275 277 274 280 279 283 282
g bathroom_4
v 10.077424049377441 9 -23.130142211914062
v 10.077424049377441 9 -25.545976638793945
v 11.625 9 -23.130142211914062
v 11.625 9 -25.545976638793945
v 11.625 9 -24.33806037902832
v 10.077424049377441 9 -24.33806037902832
v 11.625 12 -23.130142211914062
v 10.077424049377441 12 -23.130142211914062
v 10.077424049377441 10.5 -23.130142211914062
v 11.625 10.5 -23.130142211914062
v 11.625 12 -25.545976638793945
v 11.625 12 -24.33806037902832
v 11.625 10.5 -25.545976638793945
v 10.077424049377441 12 -25.545976638793945
v 10.077424049377441 10.5 -25.545976638793945
v 10.077424049377441 12 -24.33806037902832
f 290 288 286 291 287 289
f 294 286 288 295 292 293
f 290 289 298 296 297 292 295 288
f 298 289 287 300 299 296
f 291 286 294 293 301 299 300 287
f 301 293 292 297 296 299
g storeroom_1
v 11.625 9 -29.130142211914062
v 11.625 9 -31.351573944091797
v 13.625 9 -29.130142211914062
v 13.625 9 -31.351573944091797
v 12.625 9 -29.130142211914062
v 13.625 9 -30.24085807800293
v 12.625 9 -31.351573944091797
v 11.625 9 -30.24085807800293
v 13.625 12 -29.130142211914062
v 11.625 12 -29.130142211914062
v 11.625 10.5 -29.130142211914062
v 12.625 12 -29.130142211914062
v 13.625 10.5 -29.130142211914062
v 13.625 12 -31.351573944091797
v 13.625 12 -30.24085807800293
v 13.625 10.5 -31.351573944091797
v 11.625 12 -31.351573944091797
v 12.625 12 -31.351573944091797
v 11.625 10.5 -31.351573944091797
v 11.625 12 -30.24085807800293
f 306 302 309 303 308 305 307 304
f 306 304 314 310 313 311 312 302
f 317 315 316 310 314 304 307 305
f 308 303 320 318 319 315 317 305
f 309 302 312 311 321 318 320 303
f 321 311 313 310 316 315 319 318
g balcony_3
v 5.1500000953674316 9 -23.823776245117188
v 5.1500000953674316 9 -26.823776245117188
v 6.6500000953674316 9 -23.823776245117188
v 6.6500000953674316 9 -26.823776245117188
v 6.6500000953674316 9 -25.323776245117188
v 5.1500000953674316 9 -25.323776245117188
v 6.6500000953674316 12 -23.823776245117188
v 5.1500000953674316 12 -23.823776245117188
v 5.1500000953674316 10.5 -23.823776245117188
v 6.6500000953674316 10.5 -23.823776245117188
v 6.6500000953674316 12 -26.823776245117188
v 6.6500000953674316 12 -25.323776245117188
v 6.6500000953674316 10.5 -26.823776245117188
v 5.1500000953674316 12 -26.823776245117188
v 5.1500000953674316 10.5 -26.823776245117188
v 5.1500000953674316 12 -25.323776245117188
f 326 324 322 327 323 325
f 330 322 324 331 328 329
f 326 325 334 332 333 328 331 324
f 334 325 323 336 335 332
f 327 322 330 329 337 335 336 323
f 337 329 328 333 332 335
g corridor_3
v 71.525001525878906 12 -27.045976638793945
v 71.525001525878906 9 -27.045976638793945
v 75.025001525878906 12 -27.045976638793945
v 75.025001525878906 9 -27.045976638793945
v 73.275001525878906 12 -27.045976638793945
v 75.025001525878906 10.5 -27.045976638793945
v 73.275001525878906 9 -27.045976638793945
v 71.525001525878906 10.5 -27.045976638793945
v 71.525001525878906 12 -24.630142211914062
v 71.525001525878906 9 -24.630142211914062
v 71.525001525878906 10.5 -24.630142211914062
v 71.525001525878906 12 -25.83806037902832
v 71.525001525878906 9 -25.83806037902832
v 75.025001525878906 9 -22.145977020263672
v 75.025001525878906 12 -22.145977020263672
v 13.625 9 -22.145977020263672
v 13.625 12 -22.145977020263672
v 64.791664123535156 9 -22.145977020263672
v 54.558334350585938 9 -22.145977020263672
v 44.325000762939453 9 -22.145977020263672
v 34.091667175292969 9 -22.145977020263672
v 23.858333587646484 9 -22.145977020263672
v 23.858333587646484 12 -22.145977020263672
v 34.091667175292969 12 -22.145977020263672
v 44.325000762939453 12 -22.145977020263672
v 54.558334350585938 12 -22.145977020263672
v 64.791664123535156 12 -22.145977020263672
v 17.125 9 -24.630142211914062
v 17.125 12 -24.630142211914062
v 44.325000762939453 9 -24.630142211914062
v 64.724998474121094 10.5 -24.630142211914062
v 68.125 10.5 -24.630142211914062
v 64.724998474121094 9.75 -24.630142211914062
v 68.125 9.75 -24.630142211914062
v 64.724998474121094 11.25 -24.630142211914062
v 68.125 11.25 -24.630142211914062
v 26.191667556762695 9 -24.630142211914062
v 35.258335113525391 9 -24.630142211914062
v 53.391666412353516 9 -24.630142211914062
v 62.458332061767578 9 -24.630142211914062
v 62.458332061767578 12 -24.630142211914062
v 53.391666412353516 12 -24.630142211914062
v 44.325000762939453 12 -24.630142211914062
v 35.258335113525391 12 -24.630142211914062
v 26.191667556762695 12 -24.630142211914062
v 17.125 10.5 -24.630142211914062
v 23.924999237060547 10.5 -24.630142211914062
v 23.924999237060547 11.25 -24.630142211914062
v 20.524999618530273 10.5 -24.630142211914062
v 20.524999618530273 11.25 -24.630142211914062
v 23.924999237060547 9.75 -24.630142211914062
v 20.524999618530273 9.75 -24.630142211914062
v 75.025001525878906 12 -24.595977783203125
v 75.025001525878906 9 -24.595977783203125
v 13.625 12 -27.045976638793945
v 13.625 9 -27.045976638793945
v 17.125 12 -27.045976638793945
v 17.125 9 -27.045976638793945
v 15.375 12 -27.045976638793945
v 17.125 10.5 -27.045976638793945
v 15.375 9 -27.045976638793945
v 13.625 10.5 -27.045976638793945
v 17.125 12 -25.83806037902832
v 17.125 9 -25.83806037902832
v 13.625 9 -24.595977783203125
v 13.625 12 -24.595977783203125
v 69.908332824707031 9 -24.595977783203125
v 64.791664123535156 9 -23.370977401733398
v 69.908332824707031 9 -23.370977401733398
v 18.741666793823242 9 -24.595977783203125
v 23.858333587646484 9 -23.370977401733398
v 18.741666793823242 9 -23.370977401733398
v 69.908332824707031 12 -24.595977783203125
v 64.791664123535156 12 -23.370977401733398
v 69.908332824707031 12 -23.370977401733398
v 18.741666793823242 12 -24.595977783203125
v 23.858333587646484 12 -23.370977401733398
v 18.741666793823242 12 -23.370977401733398
f 345 338 342 340 343 341 344 339
f 348 346 349 338 345 339 350 347
f 355 351 352 364 363 362 361 360 354 353 359 358 357 356
f 366 382 381 380 379 378 346 348 347 377 376 367 375 374 365 383
f 343 340 390 352 351 391 341
f 399 392 396 394 397 395 398 393
f 397 394 400 366 383 365 401 395
f 354 403 392 399 393 402 353
f 358 359 353 402 393 398 395 401 365 374 375 367 376 377 347 350 339 344 341 391 351 355 356 357
f 382 366 400 394 396 392 403 354 360 361 362 363 364 352 390 340 342 338 349 346 378 379 380 381
g stairs_2
v 71.525001525878906 12 -22.145977020263672
v 71.525001525878906 15 -22.145977020263672
v 75.025001525878906 12 -22.145977020263672
v 75.025001525878906 15 -22.145977020263672
v 73.275001525878906 12 -22.145977020263672
v 75.025001525878906 13.5 -22.145977020263672
v 73.275001525878906 15 -22.145977020263672
v 71.525001525878906 13.5 -22.145977020263672
v 71.525001525878906 15 -31.351573944091797
v 75.025001525878906 15 -31.351573944091797
v 75.025001525878906 15 -26.748775482177734
v 71.525001525878906 15 -26.748775482177734
v 71.525001525878906 9 -27.045976638793945
v 71.525001525878906 12 -27.045976638793945
v 75.025001525878906 9 -27.045976638793945
v 75.025001525878906 12 -27.045976638793945
v 73.275001525878906 9 -27.045976638793945
v 75.025001525878906 10.5 -27.045976638793945
v 71.525001525878906 10.5 -27.045976638793945
v 73.275001525878906 12 -27.045976638793945
v 71.525001525878906 6 -31.351573944091797
v 71.525001525878906 6 -22.145977020263672
v 75.025001525878906 6 -31.351573944091797
v 75.025001525878906 6 -22.145977020263672
v 75.025001525878906 6 -26.748775482177734
v 73.275001525878906 6 -22.145977020263672
v 71.525001525878906 6 -26.748775482177734
v 71.525001525878906 9 -22.145977020263672
v 75.025001525878906 9 -22.145977020263672
v 75.025001525878906 7.5 -22.145977020263672
v 73.275001525878906 9 -22.145977020263672
v 71.525001525878906 7.5 -22.145977020263672
v 71.525001525878906 9 -24.595977783203125
v 75.025001525878906 9 -24.595977783203125
v 71.525001525878906 12 -24.595977783203125
v 75.025001525878906 12 -24.595977783203125
v 75.025001525878906 10.5 -31.351573944091797
v 71.525001525878906 10.5 -31.351573944091797
f 423 416 420 418 421 419 422 417
f 426 425 424 427 417 422 419
f 434 428 432 430 433 431 435 429
f 442 436 438 440 439 441 437
f 447 437 441 439 445 444 446 443
f 432 428 448 443 446 444 449 430
f 451 418 420 416 450 429 435 431
f 452 438 436 453 424 425
f 445 439 440 438 452 425 426 419 421 418 451 431 433 430 449 444
f 453 436 442 437 447 443 448 428 434 429 450 416 423 417 427 424
g stairs_3
v 13.625 6 -22.145977020263672
v 13.625 6 -31.351573944091797
v 17.125 6 -22.145977020263672
v 17.125 6 -31.351573944091797
v 13.625 6 -26.748775482177734
v 15.375 6 -22.145977020263672
v 17.125 6 -26.748775482177734
v 17.125 9 -22.145977020263672
v 13.625 9 -22.145977020263672
v 13.625 7.5 -22.145977020263672
v 15.375 9 -22.145977020263672
v 17.125 7.5 -22.145977020263672
v 17.125 9 -27.045976638793945
v 17.125 12 -27.045976638793945
v 13.625 9 -27.045976638793945
v 13.625 12 -27.045976638793945
v 13.625 10.5 -27.045976638793945
v 15.375 12 -27.045976638793945
v 17.125 10.5 -27.045976638793945
v 15.375 9 -27.045976638793945
v 17.125 12 -22.145977020263672
v 17.125 15 -22.145977020263672
v 13.625 12 -22.145977020263672
v 13.625 15 -22.145977020263672
v 15.375 12 -22.145977020263672
v 13.625 13.5 -22.145977020263672
v 15.375 15 -22.145977020263672
v 17.125 13.5 -22.145977020263672
v 13.625 15 -31.351573944091797
v 17.125 15 -31.351573944091797
v 13.625 15 -26.748775482177734
v 17.125 15 -26.748775482177734
v 17.125 12 -24.595977783203125
v 13.625 12 -24.595977783203125
v 17.125 9 -24.595977783203125
v 13.625 9 -24.595977783203125
v 13.625 10.5 -31.351573944091797
v 17.125 10.5 -31.351573944091797
f 459 454 458 455 457 460 456
f 459 456 465 461 464 462 463 454
f 473 466 472 467 471 469 470 468
f 478 474 481 475 480 477 479 476
f 484 477 480 475 485 483 482
f 478 476 487 469 471 467 486 474
f 489 462 464 461 488 466 473 468
f 454 463 462 489 468 470 469 487 476 479 477 484 482 490 455 458
f 491 457 455 490 482 483
f 457 491 483 485 475 481 474 486 467 472 466 488 461 465 456 460
g livingroom_5
v 75.025001525878906 9 -22.145977020263672
v 75.025001525878906 6 -22.145977020263672
v 75.025001525878906 9 -31.351573944091797
v 75.025001525878906 6 -31.351573944091797
v 81.949996948242188 9 -31.351573944091797
v 81.949996948242188 6 -31.351573944091797
v 81.949996948242188 9 -22.145977020263672
v 81.949996948242188 6 -22.145977020263672
f 496 494 492 498
f 493 495 497 499
f 492 494 495 493
f 494 496 497 495
f 496 498 499 497
f 498 492 493 499
g livingroom_6
v 6.6500000953674316 6 -22.145977020263672
v 6.6500000953674316 6 -31.351573944091797
v 13.625 6 -22.145977020263672
v 13.625 6 -31.351573944091797
v 10.137499809265137 6 -22.145977020263672
v 13.625 6 -26.748775482177734
v 10.137499809265137 6 -31.351573944091797
v 6.6500000953674316 6 -26.748775482177734
v 13.625 9 -22.145977020263672
v 6.6500000953674316 9 -22.145977020263672
v 10.137499809265137 9 -22.145977020263672
v 13.625 9 -31.351573944091797
v 13.625 9 -26.748775482177734
v 6.6500000953674316 9 -31.351573944091797
v 10.137499809265137 9 -31.351573944091797
v 6.6500000953674316 9 -26.748775482177734
f 504 500 507 501 506 503 505 502
f 508 510 509 500 504 502
f 511 512 508 502 505 503
f 513 514 511 503 506 501
f 509 515 513 501 507 500
f 515 509 510 508 512 511 514 513
g kitchen_1
v 17.125 6 -31.351573944091797
v 17.125 11.199999809265137 -31.351573944091797
v 19.473026275634766 6 -31.351573944091797
v 19.473026275634766 11.199999809265137 -31.351573944091797
v 19.473026275634766 8.6000003814697266 -31.351573944091797
v 17.125 8.6000003814697266 -31.351573944091797
v 17.125 6 -27.045976638793945
v 19.473026275634766 6 -27.045976638793945
v 19.473026275634766 6 -29.198776245117188
v 17.125 6 -29.198776245117188
v 19.473026275634766 9 -27.045976638793945
v 19.473026275634766 9 -28.122377395629883
v 19.473026275634766 9 -29.198776245117188
v 19.473026275634766 11.199999809265137 -29.198776245117188
v 19.473026275634766 10.100000381469727 -29.198776245117188
v 18.6470947265625 9 -29.198776245117188
v 18.6470947265625 11.199999809265137 -29.198776245117188
v 18.6470947265625 9 -27.045976638793945
v 18.6470947265625 11.199999809265137 -27.045976638793945
v 18.6470947265625 10.100000381469727 -27.045976638793945
v 18.6470947265625 11.199999809265137 -28.122377395629883
v 18.6470947265625 9 -28.122377395629883
v 18.6470947265625 10.100000381469727 -29.198776245117188
v 17.125 11.199999809265137 -27.045976638793945
v 17.125 8.6000003814697266 -27.045976638793945
v 17.125 11.199999809265137 -29.198776245117188
f 520 518 516 521 517 519
f 524 523 522 525 516 518
f 524 518 520 519 529 530 528 527 526 523
f 538 532 536 534 535 533 537 531
f 537 533 526 527 528 531
f 538 531 528 530 529 532
f 523 526 533 535 534 539 540 522
f 525 522 540 539 541 517 521 516
f 536 532 529 519 517 541 539 534
g kitchen_2
v 17.125 11.199999809265137 -27.045976638793945
v 17.125 15 -27.045976638793945
v 18.6470947265625 11.199999809265137 -27.045976638793945
v 18.6470947265625 15 -27.045976638793945
v 18.6470947265625 13.100000381469727 -27.045976638793945
v 17.125 13.100000381469727 -27.045976638793945
v 18.6470947265625 11.199999809265137 -29.198776245117188
v 18.6470947265625 15 -29.198776245117188
v 18.6470947265625 13.100000381469727 -29.198776245117188
v 20.524999618530273 11.199999809265137 -31.351573944091797
v 20.524999618530273 15 -31.351573944091797
v 17.125 11.199999809265137 -31.351573944091797
v 17.125 15 -31.351573944091797
v 18.825000762939453 11.199999809265137 -31.351573944091797
v 17.125 13.100000381469727 -31.351573944091797
v 18.825000762939453 15 -31.351573944091797
v 20.524999618530273 13.100000381469727 -31.351573944091797
v 20.524999618530273 11.199999809265137 -29.198776245117188
v 20.524999618530273 15 -29.198776245117188
v 20.524999618530273 13.100000381469727 -29.198776245117188
v 17.125 11.199999809265137 -29.198776245117188
v 17.125 15 -29.198776245117188
f 547 542 544 546 545 543
f 546 544 548 550 549 545
f 558 551 555 553 556 554 557 552
f 561 559 551 558 552 560
f 561 560 549 550 548 559
f 562 553 555 551 559 548 544 542
f 556 553 562 542 547 543 563 554
f 554 563 543 545 549 560 552 557
g bathroom_5
v 17.125 9 -25.945978164672852
v 17.125 9 -27.045976638793945
v 18.6470947265625 9 -25.945978164672852
v 18.6470947265625 9 -27.045976638793945
v 17.88604736328125 9 -25.945978164672852
v 17.88604736328125 9 -27.045976638793945
v 18.6470947265625 12 -25.945978164672852
v 17.125 12 -25.945978164672852
v 17.125 10.5 -25.945978164672852
v 17.88604736328125 12 -25.945978164672852
v 18.6470947265625 10.5 -25.945978164672852
v 18.6470947265625 12 -27.045976638793945
v 18.6470947265625 10.5 -27.045976638793945
v 17.125 12 -27.045976638793945
v 17.88604736328125 12 -27.045976638793945
v 17.125 10.5 -27.045976638793945
f 565 569 567 566 568 564
f 568 566 574 570 573 571 572 564
f 574 566 567 576 575 570
f 569 565 579 577 578 575 576 567
f 579 565 564 572 571 577
f 577 571 573 570 575 578
g bathroom_6
v 17.125 9 -24.630142211914062
v 17.125 9 -25.945978164672852
v 18.6470947265625 9 -24.630142211914062
v 18.6470947265625 9 -25.945978164672852
v 17.88604736328125 9 -24.630142211914062
v 18.6470947265625 9 -25.288061141967773
v 17.88604736328125 9 -25.945978164672852
v 17.125 9 -25.288061141967773
v 18.6470947265625 12 -24.630142211914062
v 17.125 12 -24.630142211914062
v 17.125 10.5 -24.630142211914062
v 17.88604736328125 12 -24.630142211914062
v 18.6470947265625 10.5 -24.630142211914062
v 18.6470947265625 12 -25.945978164672852
v 18.6470947265625 10.5 -25.945978164672852
v 18.6470947265625 12 -25.288061141967773
v 17.125 12 -25.945978164672852
v 17.88604736328125 12 -25.945978164672852
v 17.125 10.5 -25.945978164672852
v 17.125 12 -25.288061141967773
f 587 581 586 583 585 582 584 580
f 584 582 592 588 591 589 590 580
f 585 583 594 593 595 588 592 582
f 586 581 598 596 597 593 594 583
f 587 580 590 589 599 596 598 581
f 595 593 597 596 599 589 591 588
g bathroom_7
v 17.125 12 -24.630142211914062
v 17.125 12 -27.045976638793945
v 18.043292999267578 12 -24.630142211914062
v 18.043292999267578 12 -27.045976638793945
v 18.043292999267578 12 -25.83806037902832
v 17.125 12 -25.83806037902832
v 18.043292999267578 15 -24.630142211914062
v 17.125 15 -24.630142211914062
v 17.125 13.5 -24.630142211914062
v 18.043292999267578 13.5 -24.630142211914062
v 18.043292999267578 15 -27.045976638793945
v 18.043292999267578 15 -25.83806037902832
v 18.043292999267578 13.5 -27.045976638793945
v 17.125 15 -27.045976638793945
v 17.125 13.5 -27.045976638793945
v 17.125 15 -25.83806037902832
f 604 602 600 605 601 603
f 608 600 602 609 606 607
f 604 603 612 610 611 606 609 602
f 612 603 601 614 613 610
f 605 600 608 607 615 613 614 601
f 615 607 606 611 610 613
g bathroom_8
v 17.125 6 -24.630142211914062
v 17.125 6 -27.045976638793945
v 18.039884567260742 6 -24.630142211914062
v 18.039884567260742 6 -27.045976638793945
v 18.039884567260742 6 -25.83806037902832
v 17.125 6 -25.83806037902832
v 18.039884567260742 9 -24.630142211914062
v 17.125 9 -24.630142211914062
v 17.125 7.5 -24.630142211914062
v 18.039884567260742 7.5 -24.630142211914062
v 18.039884567260742 9 -27.045976638793945
v 18.039884567260742 9 -25.83806037902832
v 18.039884567260742 7.5 -27.045976638793945
v 17.125 9 -27.045976638793945
v 17.125 7.5 -27.045976638793945
v 17.125 9 -25.83806037902832
f 620 618 616 621 617 619
f 624 616 618 625 622 623
f 620 619 628 626 627 622 625 618
f 628 619 617 630 629 626
f 624 623 631 629 630 617 621 616
f 631 623 622 627 626 629
g stairs_4
v 18.6470947265625 15 -29.198776245117188
v 18.6470947265625 15 -27.045976638793945
v 19.473026275634766 15 -29.198776245117188
v 19.473026275634766 15 -27.045976638793945
v 18.6470947265625 15 -28.122377395629883
v 19.473026275634766 15 -28.122377395629883
v 18.6470947265625 9 -27.045976638793945
v 18.6470947265625 9 -29.198776245117188
v 19.473026275634766 9 -27.045976638793945
v 19.473026275634766 9 -29.198776245117188
v 19.473026275634766 9 -28.122377395629883
v 18.6470947265625 9 -28.122377395629883
v 18.6470947265625 13 -27.045976638793945
v 18.6470947265625 11 -27.045976638793945
v 19.473026275634766 11 -27.045976638793945
v 19.473026275634766 13 -27.045976638793945
v 18.6470947265625 13 -29.198776245117188
v 18.6470947265625 11 -29.198776245117188
v 19.473026275634766 13 -29.198776245117188
v 19.473026275634766 11 -29.198776245117188
f 637 634 632 636 633 635
f 642 640 638 643 639 641
f 645 638 640 646 647 635 633 644
f 649 639 643 638 645 644 633 636 632 648
f 651 641 639 649 648 632 634 650
f 647 646 640 642 641 651 650 634 637 635
g stairs_5
v 19.473026275634766 11.199999809265137 -29.198776245117188
v 19.473026275634766 11.199999809265137 -27.045976638793945
v 20.524999618530273 11.199999809265137 -29.198776245117188
v 20.524999618530273 11.199999809265137 -27.045976638793945
v 19.473026275634766 11.199999809265137 -28.122377395629883
v 20.524999618530273 11.199999809265137 -28.122377395629883
v 19.473026275634766 15 -27.045976638793945
v 20.524999618530273 15 -27.045976638793945
v 20.524999618530273 13.100000381469727 -27.045976638793945
v 19.473026275634766 13.100000381469727 -27.045976638793945
v 19.473026275634766 15 -29.198776245117188
v 19.473026275634766 15 -28.122377395629883
v 19.473026275634766 13.100000381469727 -29.198776245117188
v 20.524999618530273 15 -29.198776245117188
v 20.524999618530273 13.100000381469727 -29.198776245117188
v 20.524999618530273 15 -28.122377395629883
f 656 652 654 657 655 653
f 661 653 655 660 659 658
f 664 652 656 653 661 658 663 662
f 666 654 652 664 662 665
f 667 659 660 655 657 654 666 665
f 667 665 662 663 658 659
g stairs_6
v 19.473026275634766 11.199999809265137 -27.045976638793945
v 19.473026275634766 11.199999809265137 -31.351573944091797
v 20.524999618530273 11.199999809265137 -27.045976638793945
v 20.524999618530273 11.199999809265137 -31.351573944091797
v 20.524999618530273 11.199999809265137 -29.198776245117188
v 19.473026275634766 11.199999809265137 -29.198776245117188
v 19.473026275634766 6 -27.045976638793945
v 19.473026275634766 6 -31.351573944091797
v 20.524999618530273 6 -27.045976638793945
v 20.524999618530273 6 -31.351573944091797
v 20.524999618530273 6 -29.198776245117188
v 19.473026275634766 6 -29.198776245117188
v 19.473026275634766 8.6000003814697266 -27.045976638793945
v 20.524999618530273 8.6000003814697266 -27.045976638793945
v 20.524999618530273 8.6000003814697266 -31.351573944091797
v 19.473026275634766 8.6000003814697266 -31.351573944091797
f 673 668 670 672 671 669
f 678 676 674 679 675 677
f 680 674 676 681 670 668
f 682 671 672 670 681 676 678 677
f 682 677 675 683 669 671
f 679 674 680 668 673 669 683 675
g corridor_4
v 18.6470947265625 9 -24.630142211914062
v 18.6470947265625 9 -27.045976638793945
v 19.473026275634766 9 -24.630142211914062
v 19.473026275634766 9 -27.045976638793945
v 19.473026275634766 9 -25.83806037902832
v 18.6470947265625 9 -25.83806037902832
v 19.473026275634766 12 -24.630142211914062
v 18.6470947265625 12 -24.630142211914062
v 18.6470947265625 10.5 -24.630142211914062
v 19.473026275634766 10.5 -24.630142211914062
v 19.473026275634766 12 -27.045976638793945
v 19.473026275634766 12 -25.83806037902832
v 19.473026275634766 10.5 -27.045976638793945
v 18.6470947265625 12 -27.045976638793945
v 18.6470947265625 10.5 -27.045976638793945
v 18.6470947265625 12 -25.83806037902832
f 688 686 684 689 685 687
f 692 684 686 693 690 691
f 688 687 696 694 695 690 693 686
f 696 687 685 698 697 694
f 689 684 692 691 699 697 698 685
f 699 691 690 695 694 697
g corridor_5
v 19.473026275634766 9 -24.630142211914062
v 19.473026275634766 9 -27.045976638793945
v 20.524999618530273 9 -24.630142211914062
v 20.524999618530273 9 -27.045976638793945
v 20.524999618530273 9 -25.83806037902832
v 19.473026275634766 9 -25.83806037902832
v 20.524999618530273 12 -24.630142211914062
v 19.473026275634766 12 -24.630142211914062
v 19.473026275634766 10.5 -24.630142211914062
v 20.524999618530273 10.5 -24.630142211914062
v 20.524999618530273 12 -27.045976638793945
v 20.524999618530273 12 -25.83806037902832
v 20.524999618530273 10.5 -27.045976638793945
v 19.473026275634766 12 -27.045976638793945
v 19.473026275634766 10.5 -27.045976638793945
v 19.473026275634766 12 -25.83806037902832
f 704 702 700 705 701 703
f 708 700 702 709 706 707
f 704 703 712 710 711 706 709 702
f 712 703 701 714 713 710
f 705 700 708 707 715 713 714 701
f 715 707 706 711 710 713
g bedroom_3
v 17.125 12 -24.630142211914062
v 17.125 12 -23.388059616088867
v 17.125 12 -22.145977020263672
v 18.825000762939453 12 -22.145977020263672
v 20.524999618530273 12 -22.145977020263672
v 20.524999618530273 12 -24.595977783203125
v 20.524999618530273 12 -27.045976638793945
v 19.284145355224609 12 -27.045976638793945
v 18.043292999267578 12 -27.045976638793945
v 18.043292999267578 12 -25.83806037902832
v 18.043292999267578 12 -24.630142211914062
v 17.125 15 -22.145977020263672
v 17.125 15 -24.630142211914062
v 17.125 13.5 -24.630142211914062
v 17.125 15 -23.388059616088867
v 17.125 13.5 -22.145977020263672
v 20.524999618530273 15 -22.145977020263672
v 18.825000762939453 15 -22.145977020263672
v 20.524999618530273 13.5 -22.145977020263672
v 20.524999618530273 15 -27.045976638793945
v 20.524999618530273 15 -24.595977783203125
v 20.524999618530273 13.5 -27.045976638793945
v 18.043292999267578 15 -27.045976638793945
v 19.284145355224609 15 -27.045976638793945
v 18.043292999267578 13.5 -27.045976638793945
v 18.043292999267578 15 -24.630142211914062
v 18.043292999267578 15 -25.83806037902832
v 18.043292999267578 13.5 -24.630142211914062
f 717 716 726 725 724 723 722 721 720 719 718
f 717 718 731 727 730 728 729 716
f 719 720 734 732 733 727 731 718
f 721 722 737 735 736 732 734 720
f 723 724 740 738 739 735 737 722
f 725 726 743 741 742 738 740 724
f 743 726 716 729 728 741
f 741 728 730 727 733 732 736 735 739 738 742
g bedroom_4
v 17.125 6 -22.145977020263672
v 20.524999618530273 6 -27.045976638793945
v 20.524999618530273 6 -22.145977020263672
v 20.524999618530273 6 -24.595977783203125
v 18.825000762939453 6 -22.145977020263672
v 17.125 6 -23.388059616088867
v 17.125 6 -24.630142211914062
v 18.039884567260742 6 -24.630142211914062
v 18.039884567260742 6 -25.83806037902832
v 18.039884567260742 6 -27.045976638793945
v 19.282442092895508 6 -27.045976638793945
v 20.524999618530273 9 -22.145977020263672
v 20.524999618530273 9 -27.045976638793945
v 20.524999618530273 7.5 -27.045976638793945
v 20.524999618530273 9 -24.595977783203125
v 20.524999618530273 7.5 -22.145977020263672
v 17.125 9 -22.145977020263672
v 18.825000762939453 9 -22.145977020263672
v 17.125 7.5 -22.145977020263672
v 17.125 9 -24.630142211914062
v 17.125 9 -23.388059616088867
v 17.125 7.5 -24.630142211914062
v 18.039884567260742 9 -24.630142211914062
v 18.039884567260742 7.5 -24.630142211914062
v 18.039884567260742 9 -27.045976638793945
v 18.039884567260742 9 -25.83806037902832
v 18.039884567260742 7.5 -27.045976638793945
v 19.282442092895508 9 -27.045976638793945
f 752 753 754 745 747 746 748 744 749 750 751
f 757 756 758 755 759 746 747 745
f 762 744 748 746 759 755 761 760
f 765 750 749 744 762 760 764 763
f 767 751 750 765 763 766
f 770 753 752 751 767 766 769 768
f 757 745 754 753 770 768 771 756
f 771 768 769 766 763 764 760 761 755 758 756
g kitchen_3
v 20.524999618530273 6 -31.351573944091797
v 20.524999618530273 11.199999809265137 -31.351573944091797
v 22.873025894165039 6 -31.351573944091797
v 22.873025894165039 11.199999809265137 -31.351573944091797
v 22.873025894165039 8.6000003814697266 -31.351573944091797
v 20.524999618530273 8.6000003814697266 -31.351573944091797
v 20.524999618530273 6 -27.045976638793945
v 22.873025894165039 6 -27.045976638793945
v 22.873025894165039 6 -29.198776245117188
v 20.524999618530273 6 -29.198776245117188
v 22.873025894165039 9 -27.045976638793945
v 22.873025894165039 9 -28.122377395629883
v 22.873025894165039 9 -29.198776245117188
v 22.873025894165039 11.199999809265137 -29.198776245117188
v 22.873025894165039 10.100000381469727 -29.198776245117188
v 22.047094345092773 9 -29.198776245117188
v 22.047094345092773 11.199999809265137 -29.198776245117188
v 22.047094345092773 9 -27.045976638793945
v 22.047094345092773 11.199999809265137 -27.045976638793945
v 22.047094345092773 10.100000381469727 -27.045976638793945
v 22.047094345092773 11.199999809265137 -28.122377395629883
v 22.047094345092773 9 -28.122377395629883
v 22.047094345092773 10.100000381469727 -29.198776245117188
v 20.524999618530273 11.199999809265137 -27.045976638793945
v 20.524999618530273 8.6000003814697266 -27.045976638793945
v 20.524999618530273 11.199999809265137 -29.198776245117188
f 776 774 772 777 773 775
f 780 779 778 781 772 774
f 780 774 776 775 785 786 784 783 782 779
f 794 788 792 790 791 789 793 787
f 793 789 782 783 784 787
f 794 787 784 786 785 788
f 779 782 789 791 790 795 796 778
f 781 778 796 795 797 773 777 772
f 792 788 785 775 773 797 795 790
g kitchen_4
v 20.524999618530273 11.199999809265137 -27.045976638793945
v 20.524999618530273 15 -27.045976638793945
v 22.047094345092773 11.199999809265137 -27.045976638793945
v 22.047094345092773 15 -27.045976638793945
v 22.047094345092773 13.100000381469727 -27.045976638793945
v 20.524999618530273 13.100000381469727 -27.045976638793945
v 22.047094345092773 11.199999809265137 -29.198776245117188
v 22.047094345092773 15 -29.198776245117188
v 22.047094345092773 13.100000381469727 -29.198776245117188
v 23.924999237060547 11.199999809265137 -31.351573944091797
v 23.924999237060547 15 -31.351573944091797
v 20.524999618530273 11.199999809265137 -31.351573944091797
v 20.524999618530273 15 -31.351573944091797
v 22.225000381469727 11.199999809265137 -31.351573944091797
v 20.524999618530273 13.100000381469727 -31.351573944091797
v 22.225000381469727 15 -31.351573944091797
v 23.924999237060547 13.100000381469727 -31.351573944091797
v 23.924999237060547 11.199999809265137 -29.198776245117188
v 23.924999237060547 15 -29.198776245117188
v 23.924999237060547 13.100000381469727 -29.198776245117188
v 20.524999618530273 11.199999809265137 -29.198776245117188
v 20.524999618530273 15 -29.198776245117188
f 803 798 800 802 801 799
f 802 800 804 806 805 801
f 814 807 811 809 812 810 813 808
f 817 815 807 814 808 816
f 817 816 805 806 804 815
f 818 809 811 807 815 804 800 798
f 812 809 818 798 803 799 819 810
f 810 819 799 801 805 816 808 813
g bathroom_9
v 20.524999618530273 9 -25.945978164672852
v 20.524999618530273 9 -27.045976638793945
v 22.047094345092773 9 -25.945978164672852
v 22.047094345092773 9 -27.045976638793945
v 21.286046981811523 9 -25.945978164672852
v 21.286046981811523 9 -27.045976638793945
v 22.047094345092773 12 -25.945978164672852
v 20.524999618530273 12 -25.945978164672852
v 20.524999618530273 10.5 -25.945978164672852
v 21.286046981811523 12 -25.945978164672852
v 22.047094345092773 10.5 -25.945978164672852
v 22.047094345092773 12 -27.045976638793945
v 22.047094345092773 10.5 -27.045976638793945
v 20.524999618530273 12 -27.045976638793945
v 21.286046981811523 12 -27.045976638793945
v 20.524999618530273 10.5 -27.045976638793945
f 821 825 823 822 824 820
f 824 822 830 826 829 827 828 820
f 830 822 823 832 831 826
f 825 821 835 833 834 831 832 823
f 835 821 820 828 827 833
f 833 827 829 826 831 834
g bathroom_10
v 20.524999618530273 9 -24.630142211914062
v 20.524999618530273 9 -25.945978164672852
v 22.047094345092773 9 -24.630142211914062
v 22.047094345092773 9 -25.945978164672852
v 21.286046981811523 9 -24.630142211914062
v 22.047094345092773 9 -25.288061141967773
v 21.286046981811523 9 -25.945978164672852
v 20.524999618530273 9 -25.288061141967773
v 22.047094345092773 12 -24.630142211914062
v 20.524999618530273 12 -24.630142211914062
v 20.524999618530273 10.5 -24.630142211914062
v 21.286046981811523 12 -24.630142211914062
v 22.047094345092773 10.5 -24.630142211914062
v 22.047094345092773 12 -25.945978164672852
v 22.047094345092773 10.5 -25.945978164672852
v 22.047094345092773 12 -25.288061141967773
v 20.524999618530273 12 -25.945978164672852
v 21.286046981811523 12 -25.945978164672852
v 20.524999618530273 10.5 -25.945978164672852
v 20.524999618530273 12 -25.288061141967773
f 843 837 842 839 841 838 840 836
f 840 838 848 844 847 845 846 836
f 841 839 850 849 851 844 848 838
f 842 837 854 852 853 849 850 839
f 843 836 846 845 855 852 854 837
f 851 849 853 852 855 845 847 844
g bathroom_11
v 20.524999618530273 12 -24.630142211914062
v 20.524999618530273 12 -27.045976638793945
v 21.443292617797852 12 -24.630142211914062
v 21.443292617797852 12 -27.045976638793945
v 21.443292617797852 12 -25.83806037902832
v 20.524999618530273 12 -25.83806037902832
v 21.443292617797852 15 -24.630142211914062
v 20.524999618530273 15 -24.630142211914062
v 20.524999618530273 13.5 -24.630142211914062
v 21.443292617797852 13.5 -24.630142211914062
v 21.443292617797852 15 -27.045976638793945
v 21.443292617797852 15 -25.83806037902832
v 21.443292617797852 13.5 -27.045976638793945
v 20.524999618530273 15 -27.045976638793945
v 20.524999618530273 13.5 -27.045976638793945
v 20.524999618530273 15 -25.83806037902832
f 860 858 856 861 857 859
f 864 856 858 865 862 863
f 860 859 868 866 867 862 865 858
f 868 859 857 870 869 866
f 861 856 864 863 871 869 870 857
f 871 863 862 867 866 869
g bathroom_12
v 20.524999618530273 6 -24.630142211914062
v 20.524999618530273 6 -27.045976638793945
v 21.439884185791016 6 -24.630142211914062
v 21.439884185791016 6 -27.045976638793945
v 21.439884185791016 6 -25.83806037902832
v 20.524999618530273 6 -25.83806037902832
v 21.439884185791016 9 -24.630142211914062
v 20.524999618530273 9 -24.630142211914062
v 20.524999618530273 7.5 -24.630142211914062
v 21.439884185791016 7.5 -24.630142211914062
v 21.439884185791016 9 -27.045976638793945
v 21.439884185791016 9 -25.83806037902832
v 21.439884185791016 7.5 -27.045976638793945
v 20.524999618530273 9 -27.045976638793945
v 20.524999618530273 7.5 -27.045976638793945
v 20.524999618530273 9 -25.83806037902832
f 876 874 872 877 873 875
f 880 872 874 881 878 879
f 876 875 884 882 883 878 881 874
f 884 875 873 886 885 882
f 880 879 887 885 886 873 877 872
f 887 879 878 883 882 885
g stairs_7
v 22.047094345092773 15 -29.198776245117188
v 22.047094345092773 15 -27.045976638793945
v 22.873025894165039 15 -29.198776245117188
v 22.873025894165039 15 -27.045976638793945
v 22.047094345092773 15 -28.122377395629883
v 22.873025894165039 15 -28.122377395629883
v 22.047094345092773 9 -27.045976638793945
v 22.047094345092773 9 -29.198776245117188
v 22.873025894165039 9 -27.045976638793945
v 22.873025894165039 9 -29.198776245117188
v 22.873025894165039 9 -28.122377395629883
v 22.047094345092773 9 -28.122377395629883
v 22.047094345092773 13 -27.045976638793945
v 22.047094345092773 11 -27.045976638793945
v 22.873025894165039 11 -27.045976638793945
v 22.873025894165039 13 -27.045976638793945
v 22.047094345092773 13 -29.198776245117188
v 22.047094345092773 11 -29.198776245117188
v 22.873025894165039 13 -29.198776245117188
v 22.873025894165039 11 -29.198776245117188
f 893 890 888 892 889 891
f 898 896 894 899 895 897
f 901 894 896 902 903 891 889 900
f 905 895 899 894 901 900 889 892 888 904
f 907 897 895 905 904 888 890 906
f 903 902 896 898 897 907 906 890 893 891
g stairs_8
v 22.873025894165039 11.199999809265137 -29.198776245117188
v 22.873025894165039 11.199999809265137 -27.045976638793945
v 23.924999237060547 11.199999809265137 -29.198776245117188
v 23.924999237060547 11.199999809265137 -27.045976638793945
v 22.873025894165039 11.199999809265137 -28.122377395629883
v 23.924999237060547 11.199999809265137 -28.122377395629883
v 22.873025894165039 15 -27.045976638793945
v 23.924999237060547 15 -27.045976638793945
v 23.924999237060547 13.100000381469727 -27.045976638793945
v 22.873025894165039 13.100000381469727 -27.045976638793945
v 22.873025894165039 15 -29.198776245117188
v 22.873025894165039 15 -28.122377395629883
v 22.873025894165039 13.100000381469727 -29.198776245117188
v 23.924999237060547 15 -29.198776245117188
v 23.924999237060547 13.100000381469727 -29.198776245117188
v 23.924999237060547 15 -28.122377395629883
f 912 908 910 913 911 909
f 917 909 911 916 915 914
f 920 908 912 909 917 914 919 918
f 922 910 908 920 918 921
f 923 915 916 911 913 910 922 921
f 923 921 918 919 914 915
g stairs_9
v 22.873025894165039 11.199999809265137 -27.045976638793945
v 22.873025894165039 11.199999809265137 -31.351573944091797
v 23.924999237060547 11.199999809265137 -27.045976638793945
v 23.924999237060547 11.199999809265137 -31.351573944091797
v 23.924999237060547 11.199999809265137 -29.198776245117188
v 22.873025894165039 11.199999809265137 -29.198776245117188
v 22.873025894165039 6 -27.045976638793945
v 22.873025894165039 6 -31.351573944091797
v 23.924999237060547 6 -27.045976638793945
v 23.924999237060547 6 -31.351573944091797
v 23.924999237060547 6 -29.198776245117188
v 22.873025894165039 6 -29.198776245117188
v 22.873025894165039 8.6000003814697266 -27.045976638793945
v 23.924999237060547 8.6000003814697266 -27.045976638793945
v 23.924999237060547 8.6000003814697266 -31.351573944091797
v 22.873025894165039 8.6000003814697266 -31.351573944091797
f 929 924 926 928 927 925
f 934 932 930 935 931 933
f 936 930 932 937 926 924
f 938 927 928 926 937 932 934 933
f 938 933 931 939 925 927
f 935 930 936 924 929 925 939 931
g corridor_6
v 22.047094345092773 9 -24.630142211914062
v 22.047094345092773 9 -27.045976638793945
v 22.873025894165039 9 -24.630142211914062
v 22.873025894165039 9 -27.045976638793945
v 22.873025894165039 9 -25.83806037902832
v 22.047094345092773 9 -25.83806037902832
v 22.873025894165039 12 -24.630142211914062
v 22.047094345092773 12 -24.630142211914062
v 22.047094345092773 10.5 -24.630142211914062
v 22.873025894165039 10.5 -24.630142211914062
v 22.873025894165039 12 -27.045976638793945
v 22.873025894165039 12 -25.83806037902832
v 22.873025894165039 10.5 -27.045976638793945
v 22.047094345092773 12 -27.045976638793945
v 22.047094345092773 10.5 -27.045976638793945
v 22.047094345092773 12 -25.83806037902832
f 944 942 940 945 941 943
f 948 940 942 949 946 947
f 944 943 952 950 951 946 949 942
f 952 943 941 954 953 950
f 945 940 948 947 955 953 954 941
f 955 947 946 951 950 953
g corridor_7
v 22.873025894165039 9 -24.630142211914062
v 22.873025894165039 9 -27.045976638793945
v 23.924999237060547 9 -24.630142211914062
v 23.924999237060547 9 -27.045976638793945
v 23.924999237060547 9 -25.83806037902832
v 22.873025894165039 9 -25.83806037902832
v 23.924999237060547 12 -24.630142211914062
v 22.873025894165039 12 -24.630142211914062
v 22.873025894165039 10.5 -24.630142211914062
v 23.924999237060547 10.5 -24.630142211914062
v 23.924999237060547 12 -27.045976638793945
v 23.924999237060547 12 -25.83806037902832
v 23.924999237060547 10.5 -27.045976638793945
v 22.873025894165039 12 -27.045976638793945
v 22.873025894165039 10.5 -27.045976638793945
v 22.873025894165039 12 -25.83806037902832
f 960 958 956 961 957 959
f 964 956 958 965 962 963
f 960 959 968 966 967 962 965 958
f 968 959 957 970 969 966
f 961 956 964 963 971 969 970 957
f 971 963 962 967 966 969
g bedroom_5
v 20.524999618530273 12 -24.630142211914062
v 20.524999618530273 12 -23.388059616088867
v 20.524999618530273 12 -22.145977020263672
v 22.225000381469727 12 -22.145977020263672
v 23.924999237060547 12 -22.145977020263672
v 23.924999237060547 12 -24.595977783203125
v 23.924999237060547 12 -27.045976638793945
v 22.684146881103516 12 -27.045976638793945
v 21.443292617797852 12 -27.045976638793945
v 21.443292617797852 12 -25.83806037902832
v 21.443292617797852 12 -24.630142211914062
v 20.524999618530273 15 -22.145977020263672
v 20.524999618530273 15 -24.630142211914062
v 20.524999618530273 13.5 -24.630142211914062
v 20.524999618530273 15 -23.388059616088867
v 20.524999618530273 13.5 -22.145977020263672
v 23.924999237060547 15 -22.145977020263672
v 22.225000381469727 15 -22.145977020263672
v 23.924999237060547 13.5 -22.145977020263672
v 23.924999237060547 15 -27.045976638793945
v 23.924999237060547 15 -24.595977783203125
v 23.924999237060547 13.5 -27.045976638793945
v 21.443292617797852 15 -27.045976638793945
v 22.684146881103516 15 -27.045976638793945
v 21.443292617797852 13.5 -27.045976638793945
v 21.443292617797852 15 -24.630142211914062
v 21.443292617797852 15 -25.83806037902832
v 21.443292617797852 13.5 -24.630142211914062
f 973 972 982 981 980 979 978 977 976 975 974
f 973 974 987 983 986 984 985 972
f 975 976 990 988 989 983 987 974
f 977 978 993 991 992 988 990 976
f 979 980 996 994 995 991 993 978
f 981 982 999 997 998 994 996 980
f 999 982 972 985 984 997
f 997 984 986 983 989 988 992 991 995 994 998
g bedroom_6
v 20.524999618530273 6 -22.145977020263672
v 23.924999237060547 6 -27.045976638793945
v 23.924999237060547 6 -22.145977020263672
v 23.924999237060547 6 -24.595977783203125
v 22.225000381469727 6 -22.145977020263672
v 20.524999618530273 6 -23.388059616088867
v 20.524999618530273 6 -24.630142211914062
v 21.439884185791016 6 -24.630142211914062
v 21.439884185791016 6 -25.83806037902832
v 21.439884185791016 6 -27.045976638793945
v 22.682441711425781 6 -27.045976638793945
v 23.924999237060547 9 -22.145977020263672
v 23.924999237060547 9 -27.045976638793945
v 23.924999237060547 7.5 -27.045976638793945
v 23.924999237060547 9 -24.595977783203125
v 23.924999237060547 7.5 -22.145977020263672
v 20.524999618530273 9 -22.145977020263672
v 22.225000381469727 9 -22.145977020263672
v 20.524999618530273 7.5 -22.145977020263672
v 20.524999618530273 9 -24.630142211914062
v 20.524999618530273 9 -23.388059616088867
v 20.524999618530273 7.5 -24.630142211914062
v 21.439884185791016 9 -24.630142211914062
v 21.439884185791016 7.5 -24.630142211914062
v 21.439884185791016 9 -27.045976638793945
v 21.439884185791016 9 -25.83806037902832
v 21.439884185791016 7.5 -27.045976638793945
v 22.682441711425781 9 -27.045976638793945
f 1008 1009 1010 1001 1003 1002 1004 1000 1005 1006 1007
f 1013 1012 1014 1011 1015 1002 1003 1001
f 1018 1000 1004 1002 1015 1011 1017 1016
f 1021 1006 1005 1000 1018 1016 1020 1019
f 1023 1007 1006 1021 1019 1022
f 1026 1009 1008 1007 1023 1022 1025 1024
f 1013 1001 1010 1009 1026 1024 1027 1012
f 1027 1024 1025 1022 1019 1020 1016 1017 1011 1014 1012
g kitchen_5
v 23.924999237060547 6 -31.351573944091797
v 23.924999237060547 11.199999809265137 -31.351573944091797
v 26.273027420043945 6 -31.351573944091797
v 26.273027420043945 11.199999809265137 -31.351573944091797
v 26.273027420043945 8.6000003814697266 -31.351573944091797
v 23.924999237060547 8.6000003814697266 -31.351573944091797
v 23.924999237060547 6 -27.045976638793945
v 26.273027420043945 6 -27.045976638793945
v 26.273027420043945 6 -29.198776245117188
v 23.924999237060547 6 -29.198776245117188
v 26.273027420043945 9 -27.045976638793945
v 26.273027420043945 9 -28.122377395629883
v 26.273027420043945 9 -29.198776245117188
v 26.273027420043945 11.199999809265137 -29.198776245117188
v 26.273027420043945 10.100000381469727 -29.198776245117188
v 25.447093963623047 9 -29.198776245117188
v 25.447093963623047 11.199999809265137 -29.198776245117188
v 25.447093963623047 9 -27.045976638793945
v 25.447093963623047 11.199999809265137 -27.045976638793945
v 25.447093963623047 10.100000381469727 -27.045976638793945
v 25.447093963623047 11.199999809265137 -28.122377395629883
v 25.447093963623047 9 -28.122377395629883
v 25.447093963623047 10.100000381469727 -29.198776245117188
v 23.924999237060547 11.199999809265137 -27.045976638793945
v 23.924999237060547 8.6000003814697266 -27.045976638793945
v 23.924999237060547 11.199999809265137 -29.198776245117188
f 1032 1030 1028 1033 1029 1031
f 1036 1035 1034 1037 1028 1030
f 1036 1030 1032 1031 1041 1042 1040 1039 1038 1035
f 1050 1044 1048 1046 1047 1045 1049 1043
f 1049 1045 1038 1039 1040 1043
f 1050 1043 1040 1042 1041 1044
f 1035 1038 1045 1047 1046 1051 1052 1034
f 1037 1034 1052 1051 1053 1029 1033 1028
f 1048 1044 1041 1031 1029 1053 1051 1046
g kitchen_6
v 23.924999237060547 11.199999809265137 -27.045976638793945
v 23.924999237060547 15 -27.045976638793945
v 25.447093963623047 11.199999809265137 -27.045976638793945
v 25.447093963623047 15 -27.045976638793945
v 25.447093963623047 13.100000381469727 -27.045976638793945
v 23.924999237060547 13.100000381469727 -27.045976638793945
v 25.447093963623047 11.199999809265137 -29.198776245117188
v 25.447093963623047 15 -29.198776245117188
v 25.447093963623047 13.100000381469727 -29.198776245117188
v 27.325000762939453 11.199999809265137 -31.351573944091797
v 27.325000762939453 15 -31.351573944091797
v 23.924999237060547 11.199999809265137 -31.351573944091797
v 23.924999237060547 15 -31.351573944091797
v 25.625 11.199999809265137 -31.351573944091797
v 23.924999237060547 13.100000381469727 -31.351573944091797
v 25.625 15 -31.351573944091797
v 27.325000762939453 13.100000381469727 -31.351573944091797
v 27.325000762939453 11.199999809265137 -29.198776245117188
v 27.325000762939453 15 -29.198776245117188
v 27.325000762939453 13.100000381469727 -29.198776245117188
v 23.924999237060547 11.199999809265137 -29.198776245117188
v 23.924999237060547 15 -29.198776245117188
f 1059 1054 1056 1058 1057 1055
f 1058 1056 1060 1062 1061 1057
f 1070 1063 1067 1065 1068 1066 1069 1064
f 1073 1071 1063 1070 1064 1072
f 1073 1072 1061 1062 1060 1071
f 1074 1065 1067 1063 1071 1060 1056 1054
f 1068 1065 1074 1054 1059 1055 1075 1066
f 1066 1075 1055 1057 1061 1072 1064 1069
g bathroom_13
v 23.924999237060547 9 -25.945978164672852
v 23.924999237060547 9 -27.045976638793945
v 25.447093963623047 9 -25.945978164672852
v 25.447093963623047 9 -27.045976638793945
v 24.686046600341797 9 -25.945978164672852
v 24.686046600341797 9 -27.045976638793945
v 25.447093963623047 12 -25.945978164672852
v 23.924999237060547 12 -25.945978164672852
v 23.924999237060547 10.5 -25.945978164672852
v 24.686046600341797 12 -25.945978164672852
v 25.447093963623047 10.5 -25.945978164672852
v 25.447093963623047 12 -27.045976638793945
v 25.447093963623047 10.5 -27.045976638793945
v 23.924999237060547 12 -27.045976638793945
v 24.686046600341797 12 -27.045976638793945
v 23.924999237060547 10.5 -27.045976638793945
f 1077 1081 1079 1078 1080 1076
f 1080 1078 1086 1082 1085 1083 1084 1076
f 1086 1078 1079 1088 1087 1082
f 1081 1077 1091 1089 1090 1087 1088 1079
f 1091 1077 1076 1084 1083 1089
f 1089 1083 1085 1082 1087 1090
g bathroom_14
v 23.924999237060547 9 -24.630142211914062
v 23.924999237060547 9 -25.945978164672852
v 25.447093963623047 9 -24.630142211914062
v 25.447093963623047 9 -25.945978164672852
v 24.686046600341797 9 -24.630142211914062
v 25.447093963623047 9 -25.288061141967773
v 24.686046600341797 9 -25.945978164672852
v 23.924999237060547 9 -25.288061141967773
v 25.447093963623047 12 -24.630142211914062
v 23.924999237060547 12 -24.630142211914062
v 23.924999237060547 10.5 -24.630142211914062
v 24.686046600341797 12 -24.630142211914062
v 25.447093963623047 10.5 -24.630142211914062
v 25.447093963623047 12 -25.945978164672852
v 25.447093963623047 10.5 -25.945978164672852
v 25.447093963623047 12 -25.288061141967773
v 23.924999237060547 12 -25.945978164672852
v 24.686046600341797 12 -25.945978164672852
v 23.924999237060547 10.5 -25.945978164672852
v 23.924999237060547 12 -25.288061141967773
f 1099 1093 1098 1095 1097 1094 1096 1092
f 1096 1094 1104 1100 1103 1101 1102 1092
f 1097 1095 1106 1105 1107 1100 1104 1094
f 1098 1093 1110 1108 1109 1105 1106 1095
f 1099 1092 1102 1101 1111 1108 1110 1093
f 1107 1105 1109 1108 1111 1101 1103 1100
g bathroom_15
v 23.924999237060547 12 -24.630142211914062
v 23.924999237060547 12 -27.045976638793945
v 24.843292236328125 12 -24.630142211914062
v 24.843292236328125 12 -27.045976638793945
v 24.843292236328125 12 -25.83806037902832
v 23.924999237060547 12 -25.83806037902832
v 24.843292236328125 15 -24.630142211914062
v 23.924999237060547 15 -24.630142211914062
v 23.924999237060547 13.5 -24.630142211914062
v 24.843292236328125 13.5 -24.630142211914062
v 24.843292236328125 15 -27.045976638793945
v 24.843292236328125 15 -25.83806037902832
v 24.843292236328125 13.5 -27.045976638793945
v 23.924999237060547 15 -27.045976638793945
v 23.924999237060547 13.5 -27.045976638793945
v 23.924999237060547 15 -25.83806037902832
f 1116 1114 1112 1117 1113 1115
f 1120 1112 1114 1121 1118 1119
f 1116 1115 1124 1122 1123 1118 1121 1114
f 1124 1115 1113 1126 1125 1122
f 1117 1112 1120 1119 1127 1125 1126 1113
f 1127 1119 1118 1123 1122 1125
g bathroom_16
v 23.924999237060547 6 -24.630142211914062
v 23.924999237060547 6 -27.045976638793945
v 24.839883804321289 6 -24.630142211914062
v 24.839883804321289 6 -27.045976638793945
v 24.839883804321289 6 -25.83806037902832
v 23.924999237060547 6 -25.83806037902832
v 24.839883804321289 9 -24.630142211914062
v 23.924999237060547 9 -24.630142211914062
v 23.924999237060547 7.5 -24.630142211914062
v 24.839883804321289 7.5 -24.630142211914062
v 24.839883804321289 9 -27.045976638793945
v 24.839883804321289 9 -25.83806037902832
v 24.839883804321289 7.5 -27.045976638793945
v 23.924999237060547 9 -27.045976638793945
v 23.924999237060547 7.5 -27.045976638793945
v 23.924999237060547 9 -25.83806037902832
f 1132 1130 1128 1133 1129 1131
f 1136 1128 1130 1137 1134 1135
f 1132 1131 1140 1138 1139 1134 1137 1130
f 1140 1131 1129 1142 1141 1138
f 1136 1135 1143 1141 1142 1129 1133 1128
f 1143 1135 1134 1139 1138 1141
g stairs_10
v 25.447093963623047 15 -29.198776245117188
v 25.447093963623047 15 -27.045976638793945
v 26.273027420043945 15 -29.198776245117188
v 26.273027420043945 15 -27.045976638793945
v 25.447093963623047 15 -28.122377395629883
v 26.273027420043945 15 -28.122377395629883
v 25.447093963623047 9 -27.045976638793945
v 25.447093963623047 9 -29.198776245117188
v 26.273027420043945 9 -27.045976638793945
v 26.273027420043945 9 -29.198776245117188
v 26.273027420043945 9 -28.122377395629883
v 25.447093963623047 9 -28.122377395629883
v 25.447093963623047 13 -27.045976638793945
v 25.447093963623047 11 -27.045976638793945
v 26.273027420043945 11 -27.045976638793945
v 26.273027420043945 13 -27.045976638793945
v 25.447093963623047 13 -29.198776245117188
v 25.447093963623047 11 -29.198776245117188
v 26.273027420043945 13 -29.198776245117188
v 26.273027420043945 11 -29.198776245117188
f 1149 1146 1144 1148 1145 1147
f 1154 1152 1150 1155 1151 1153
f 1157 1150 1152 1158 1159 1147 1145 1156
f 1161 1151 1155 1150 1157 1156 1145 1148 1144 1160
f 1163 1153 1151 1161 1160 1144 1146 1162
f 1159 1158 1152 1154 1153 1163 1162 1146 1149 1147
g stairs_11
v 26.273027420043945 11.199999809265137 -29.198776245117188
v 26.273027420043945 11.199999809265137 -27.045976638793945
v 27.325000762939453 11.199999809265137 -29.198776245117188
v 27.325000762939453 11.199999809265137 -27.045976638793945
v 26.273027420043945 11.199999809265137 -28.122377395629883
v 27.325000762939453 11.199999809265137 -28.122377395629883
v 26.273027420043945 15 -27.045976638793945
v 27.325000762939453 15 -27.045976638793945
v 27.325000762939453 13.100000381469727 -27.045976638793945
v 26.273027420043945 13.100000381469727 -27.045976638793945
v 26.273027420043945 15 -29.198776245117188
v 26.273027420043945 15 -28.122377395629883
v 26.273027420043945 13.100000381469727 -29.198776245117188
v 27.325000762939453 15 -29.198776245117188
v 27.325000762939453 13.100000381469727 -29.198776245117188
v 27.325000762939453 15 -28.122377395629883
f 1168 1164 1166 1169 1167 1165
f 1173 1165 1167 1172 1171 1170
f 1176 1164 1168 1165 1173 1170 1175 1174
f 1178 1166 1164 1176 1174 1177
f 1179 1171 1172 1167 1169 1166 1178 1177
f 1179 1177 1174 1175 1170 1171
g stairs_12
v 26.273027420043945 11.199999809265137 -27.045976638793945
v 26.273027420043945 11.199999809265137 -31.351573944091797
v 27.325000762939453 11.199999809265137 -27.045976638793945
v 27.325000762939453 11.199999809265137 -31.351573944091797
v 27.325000762939453 11.199999809265137 -29.198776245117188
v 26.273027420043945 11.199999809265137 -29.198776245117188
v 26.273027420043945 6 -27.045976638793945
v 26.273027420043945 6 -31.351573944091797
v 27.325000762939453 6 -27.045976638793945
v 27.325000762939453 6 -31.351573944091797
v 27.325000762939453 6 -29.198776245117188
v 26.273027420043945 6 -29.198776245117188
v 26.273027420043945 8.6000003814697266 -27.045976638793945
v 27.325000762939453 8.6000003814697266 -27.045976638793945
v 27.325000762939453 8.6000003814697266 -31.351573944091797
v 26.273027420043945 8.6000003814697266 -31.351573944091797
f 1185 1180 1182 1184 1183 1181
f 1190 1188 1186 1191 1187 1189
f 1192 1186 1188 1193 1182 1180
f 1194 1183 1184 1182 1193 1188 1190 1189
f 1194 1189 1187 1195 1181 1183
f 1191 1186 1192 1180 1185 1181 1195 1187
g corridor_8
v 25.447093963623047 9 -24.630142211914062
v 25.447093963623047 9 -27.045976638793945
v 26.273027420043945 9 -24.630142211914062
v 26.273027420043945 9 -27.045976638793945
v 26.273027420043945 9 -25.83806037902832
v 25.447093963623047 9 -25.83806037902832
v 26.273027420043945 12 -24.630142211914062
v 25.447093963623047 12 -24.630142211914062
v 25.447093963623047 10.5 -24.630142211914062
v 26.273027420043945 10.5 -24.630142211914062
v 26.273027420043945 12 -27.045976638793945
v 26.273027420043945 12 -25.83806037902832
v 26.273027420043945 10.5 -27.045976638793945
v 25.447093963623047 12 -27.045976638793945
v 25.447093963623047 10.5 -27.045976638793945
v 25.447093963623047 12 -25.83806037902832
f 1200 1198 1196 1201 1197 1199
f 1204 1196 1198 1205 1202 1203
f 1200 1199 1208 1206 1207 1202 1205 1198
f 1208 1199 1197 1210 1209 1206
f 1201 1196 1204 1203 1211 1209 1210 1197
f 1211 1203 1202 1207 1206 1209
g corridor_9
v 26.273027420043945 9 -24.630142211914062
v 26.273027420043945 9 -27.045976638793945
v 27.325000762939453 9 -24.630142211914062
v 27.325000762939453 9 -27.045976638793945
v 27.325000762939453 9 -25.83806037902832
v 26.273027420043945 9 -25.83806037902832
v 27.325000762939453 12 -24.630142211914062
v 26.273027420043945 12 -24.630142211914062
v 26.273027420043945 10.5 -24.630142211914062
v 27.325000762939453 10.5 -24.630142211914062
v 27.325000762939453 12 -27.045976638793945
v 27.325000762939453 12 -25.83806037902832
v 27.325000762939453 10.5 -27.045976638793945
v 26.273027420043945 12 -27.045976638793945
v 26.273027420043945 10.5 -27.045976638793945
v 26.273027420043945 12 -25.83806037902832
f 1216 1214 1212 1217 1213 1215
f 1220 1212 1214 1221 1218 1219
f 1216 1215 1224 1222 1223 1218 1221 1214
f 1224 1215 1213 1226 1225 1222
f 1217 1212 1220 1219 1227 1225 1226 1213
f 1227 1219 1218 1223 1222 1225
g bedroom_7
v 23.924999237060547 12 -24.630142211914062
v 23.924999237060547 12 -23.388059616088867
v 23.924999237060547 12 -22.145977020263672
v 25.625 12 -22.145977020263672
v 27.325000762939453 12 -22.145977020263672
v 27.325000762939453 12 -24.595977783203125
v 27.325000762939453 12 -27.045976638793945
v 26.084146499633789 12 -27.045976638793945
v 24.843292236328125 12 -27.045976638793945
v 24.843292236328125 12 -25.83806037902832
v 24.843292236328125 12 -24.630142211914062
v 23.924999237060547 15 -22.145977020263672
v 23.924999237060547 15 -24.630142211914062
v 23.924999237060547 13.5 -24.630142211914062
v 23.924999237060547 15 -23.388059616088867
v 23.924999237060547 13.5 -22.145977020263672
v 27.325000762939453 15 -22.145977020263672
v 25.625 15 -22.145977020263672
v 27.325000762939453 13.5 -22.145977020263672
v 27.325000762939453 15 -27.045976638793945
v 27.325000762939453 15 -24.595977783203125
v 27.325000762939453 13.5 -27.045976638793945
v 24.843292236328125 15 -27.045976638793945
v 26.084146499633789 15 -27.045976638793945
v 24.843292236328125 13.5 -27.045976638793945
v 24.843292236328125 15 -24.630142211914062
v 24.843292236328125 15 -25.83806037902832
v 24.843292236328125 13.5 -24.630142211914062
f 1229 1228 1238 1237 1236 1235 1234 1233 1232 1231 1230
f 1229 1230 1243 1239 1242 1240 1241 1228
f 1231 1232 1246 1244 1245 1239 1243 1230
f 1233 1234 1249 1247 1248 1244 1246 1232
f 1235 1236 1252 1250 1251 1247 1249 1234
f 1237 1238 1255 1253 1254 1250 1252 1236
f 1255 1238 1228 1241 1240 1253
f 1253 1240 1242 1239 1245 1244 1248 1247 1251 1250 1254
g bedroom_8
v 23.924999237060547 6 -22.145977020263672
v 27.325000762939453 6 -27.045976638793945
v 27.325000762939453 6 -22.145977020263672
v 27.325000762939453 6 -24.595977783203125
v 25.625 6 -22.145977020263672
v 23.924999237060547 6 -23.388059616088867
v 23.924999237060547 6 -24.630142211914062
v 24.839883804321289 6 -24.630142211914062
v 24.839883804321289 6 -25.83806037902832
v 24.839883804321289 6 -27.045976638793945
v 26.082441329956055 6 -27.045976638793945
v 27.325000762939453 9 -22.145977020263672
v 27.325000762939453 9 -27.045976638793945
v 27.325000762939453 7.5 -27.045976638793945
v 27.325000762939453 9 -24.595977783203125
v 27.325000762939453 7.5 -22.145977020263672
v 23.924999237060547 9 -22.145977020263672
v 25.625 9 -22.145977020263672
v 23.924999237060547 7.5 -22.145977020263672
v 23.924999237060547 9 -24.630142211914062
v 23.924999237060547 9 -23.388059616088867
v 23.924999237060547 7.5 -24.630142211914062
v 24.839883804321289 9 -24.630142211914062
v 24.839883804321289 7.5 -24.630142211914062
v 24.839883804321289 9 -27.045976638793945
v 24.839883804321289 9 -25.83806037902832
v 24.839883804321289 7.5 -27.045976638793945
v 26.082441329956055 9 -27.045976638793945
f 1264 1265 1266 1257 1259 1258 1260 1256 1261 1262 1263
f 1269 1268 1270 1267 1271 1258 1259 1257
f 1274 1256 1260 1258 1271 1267 1273 1272
f 1277 1262 1261 1256 1274 1272 1276 1275
f 1279 1263 1262 1277 1275 1278
f 1282 1265 1264 1263 1279 1278 1281 1280
f 1269 1257 1266 1265 1282 1280 1283 1268
f 1283 1280 1281 1278 1275 1276 1272 1273 1267 1270 1268
g kitchen_7
v 27.325000762939453 6 -31.351573944091797
v 27.325000762939453 11.199999809265137 -31.351573944091797
v 29.673027038574219 6 -31.351573944091797
v 29.673027038574219 11.199999809265137 -31.351573944091797
v 29.673027038574219 8.6000003814697266 -31.351573944091797
v 27.325000762939453 8.6000003814697266 -31.351573944091797
v 27.325000762939453 6 -27.045976638793945
v 29.673027038574219 6 -27.045976638793945
v 29.673027038574219 6 -29.198776245117188
v 27.325000762939453 6 -29.198776245117188
v 29.673027038574219 9 -27.045976638793945
v 29.673027038574219 9 -28.122377395629883
v 29.673027038574219 9 -29.198776245117188
v 29.673027038574219 11.199999809265137 -29.198776245117188
v 29.673027038574219 10.100000381469727 -29.198776245117188
v 28.847095489501953 9 -29.198776245117188
v 28.847095489501953 11.199999809265137 -29.198776245117188
v 28.847095489501953 9 -27.045976638793945
v 28.847095489501953 11.199999809265137 -27.045976638793945
v 28.847095489501953 10.100000381469727 -27.045976638793945
v 28.847095489501953 11.199999809265137 -28.122377395629883
v 28.847095489501953 9 -28.122377395629883
v 28.847095489501953 10.100000381469727 -29.198776245117188
v 27.325000762939453 11.199999809265137 -27.045976638793945
v 27.325000762939453 8.6000003814697266 -27.045976638793945
v 27.325000762939453 11.199999809265137 -29.198776245117188
f 1288 1286 1284 1289 1285 1287
f 1292 1291 1290 1293 1284 1286
f 1292 1286 1288 1287 1297 1298 1296 1295 1294 1291
f 1306 1300 1304 1302 1303 1301 1305 1299
f 1305 1301 1294 1295 1296 1299
f 1306 1299 1296 1298 1297 1300
f 1291 1294 1301 1303 1302 1307 1308 1290
f 1293 1290 1308 1307 1309 1285 1289 1284
f 1304 1300 1297 1287 1285 1309 1307 1302
g kitchen_8
v 27.325000762939453 11.199999809265137 -27.045976638793945
v 27.325000762939453 15 -27.045976638793945
v 28.847095489501953 11.199999809265137 -27.045976638793945
v 28.847095489501953 15 -27.045976638793945
v 28.847095489501953 13.100000381469727 -27.045976638793945
v 27.325000762939453 13.100000381469727 -27.045976638793945
v 28.847095489501953 11.199999809265137 -29.198776245117188
v 28.847095489501953 15 -29.198776245117188
v 28.847095489501953 13.100000381469727 -29.198776245117188
v 30.725000381469727 11.199999809265137 -31.351573944091797
v 30.725000381469727 15 -31.351573944091797
v 27.325000762939453 11.199999809265137 -31.351573944091797
v 27.325000762939453 15 -31.351573944091797
v 29.024999618530273 11.199999809265137 -31.351573944091797
v 27.325000762939453 13.100000381469727 -31.351573944091797
v 29.024999618530273 15 -31.351573944091797
v 30.725000381469727 13.100000381469727 -31.351573944091797
v 30.725000381469727 11.199999809265137 -29.198776245117188
v 30.725000381469727 15 -29.198776245117188
v 30.725000381469727 13.100000381469727 -29.198776245117188
v 27.325000762939453 11.199999809265137 -29.198776245117188
v 27.325000762939453 15 -29.198776245117188
f 1315 1310 1312 1314 1313 1311
f 1314 1312 1316 1318 1317 1313
f 1326 1319 1323 1321 1324 1322 1325 1320
f 1329 1327 1319 1326 1320 1328
f 1329 1328 1317 1318 1316 1327
f 1330 1321 1323 1319 1327 1316 1312 1310
f 1324 1321 1330 1310 1315 1311 1331 1322
f 1322 1331 1311 1313 1317 1328 1320 1325
g bathroom_17
v 27.325000762939453 9 -25.945978164672852
v 27.325000762939453 9 -27.045976638793945
v 28.847095489501953 9 -25.945978164672852
v 28.847095489501953 9 -27.045976638793945
v 28.086048126220703 9 -25.945978164672852
v 28.086048126220703 9 -27.045976638793945
v 28.847095489501953 12 -25.945978164672852
v 27.325000762939453 12 -25.945978164672852
v 27.325000762939453 10.5 -25.945978164672852
v 28.086048126220703 12 -25.945978164672852
v 28.847095489501953 10.5 -25.945978164672852
v 28.847095489501953 12 -27.045976638793945
v 28.847095489501953 10.5 -27.045976638793945
v 27.325000762939453 12 -27.045976638793945
v 28.086048126220703 12 -27.045976638793945
v 27.325000762939453 10.5 -27.045976638793945
f 1333 1337 1335 1334 1336 1332
f 1336 1334 1342 1338 1341 1339 1340 1332
f 1342 1334 1335 1344 1343 1338
f 1337 1333 1347 1345 1346 1343 1344 1335
f 1347 1333 1332 1340 1339 1345
f 1345 1339 1341 1338 1343 1346
g bathroom_18
v 27.325000762939453 9 -24.630142211914062
v 27.325000762939453 9 -25.945978164672852
v 28.847095489501953 9 -24.630142211914062
v 28.847095489501953 9 -25.945978164672852
v 28.086048126220703 9 -24.630142211914062
v 28.847095489501953 9 -25.288061141967773
v 28.086048126220703 9 -25.945978164672852
v 27.325000762939453 9 -25.288061141967773
v 28.847095489501953 12 -24.630142211914062
v 27.325000762939453 12 -24.630142211914062
v 27.325000762939453 10.5 -24.630142211914062
v 28.086048126220703 12 -24.630142211914062
v 28.847095489501953 10.5 -24.630142211914062
v 28.847095489501953 12 -25.945978164672852
v 28.847095489501953 10.5 -25.945978164672852
v 28.847095489501953 12 -25.288061141967773
v 27.325000762939453 12 -25.945978164672852
v 28.086048126220703 12 -25.945978164672852
v 27.325000762939453 10.5 -25.945978164672852
v 27.325000762939453 12 -25.288061141967773
f 1355 1349 1354 1351 1353 1350 1352 1348
f 1352 1350 1360 1356 1359 1357 1358 1348
f 1353 1351 1362 1361 1363 1356 1360 1350
f 1354 1349 1366 1364 1365 1361 1362 1351
f 1355 1348 1358 1357 1367 1364 1366 1349
f 1363 1361 1365 1364 1367 1357 1359 1356
g bathroom_19
v 27.325000762939453 12 -24.630142211914062
v 27.325000762939453 12 -27.045976638793945
v 28.243291854858398 12 -24.630142211914062
v 28.243291854858398 12 -27.045976638793945
v 28.243291854858398 12 -25.83806037902832
v 27.325000762939453 12 -25.83806037902832
v 28.243291854858398 15 -24.630142211914062
v 27.325000762939453 15 -24.630142211914062
v 27.325000762939453 13.5 -24.630142211914062
v 28.243291854858398 13.5 -24.630142211914062
v 28.243291854858398 15 -27.045976638793945
v 28.243291854858398 15 -25.83806037902832
v 28.243291854858398 13.5 -27.045976638793945
v 27.325000762939453 15 -27.045976638793945
v 27.325000762939453 13.5 -27.045976638793945
v 27.325000762939453 15 -25.83806037902832
f 1372 1370 1368 1373 1369 1371
f 1376 1368 1370 1377 1374 1375
f 1372 1371 1380 1378 1379 1374 1377 1370
f 1380 1371 1369 1382 1381 1378
f 1373 1368 1376 1375 1383 1381 1382 1369
f 1383 1375 1374 1379 1378 1381
g bathroom_20
v 27.325000762939453 6 -24.630142211914062
v 27.325000762939453 6 -27.045976638793945
v 28.239883422851562 6 -24.630142211914062
v 28.239883422851562 6 -27.045976638793945
v 28.239883422851562 6 -25.83806037902832
v 27.325000762939453 6 -25.83806037902832
v 28.239883422851562 9 -24.630142211914062
v 27.325000762939453 9 -24.630142211914062
v 27.325000762939453 7.5 -24.630142211914062
v 28.239883422851562 7.5 -24.630142211914062
v 28.239883422851562 9 -27.045976638793945
v 28.239883422851562 9 -25.83806037902832
v 28.239883422851562 7.5 -27.045976638793945
v 27.325000762939453 9 -27.045976638793945
v 27.325000762939453 7.5 -27.045976638793945
v 27.325000762939453 9 -25.83806037902832
f 1388 1386 1384 1389 1385 1387
f 1392 1384 1386 1393 1390 1391
f 1388 1387 1396 1394 1395 1390 1393 1386
f 1396 1387 1385 1398 1397 1394
f 1392 1391 1399 1397 1398 1385 1389 1384
f 1399 1391 1390 1395 1394 1397
g stairs_13
v 28.847095489501953 15 -29.198776245117188
v 28.847095489501953 15 -27.045976638793945
v 29.673027038574219 15 -29.198776245117188
v 29.673027038574219 15 -27.045976638793945
v 28.847095489501953 15 -28.122377395629883
v 29.673027038574219 15 -28.122377395629883
v 28.847095489501953 9 -27.045976638793945
v 28.847095489501953 9 -29.198776245117188
v 29.673027038574219 9 -27.045976638793945
v 29.673027038574219 9 -29.198776245117188
v 29.673027038574219 9 -28.122377395629883
v 28.847095489501953 9 -28.122377395629883
v 28.847095489501953 13 -27.045976638793945
v 28.847095489501953 11 -27.045976638793945
v 29.673027038574219 11 -27.045976638793945
v 29.673027038574219 13 -27.045976638793945
v 28.847095489501953 13 -29.198776245117188
v 28.847095489501953 11 -29.198776245117188
v 29.673027038574219 13 -29.198776245117188
v 29.673027038574219 11 -29.198776245117188
f 1405 1402 1400 1404 1401 1403
f 1410 1408 1406 1411 1407 1409
f 1413 1406 1408 1414 1415 1403 1401 1412
f 1417 1407 1411 1406 1413 1412 1401 1404 1400 1416
f 1419 1409 1407 1417 1416 1400 1402 1418
f 1415 1414 1408 1410 1409 1419 1418 1402 1405 1403
g stairs_14
v 29.673027038574219 11.199999809265137 -29.198776245117188
v 29.673027038574219 11.199999809265137 -27.045976638793945
v 30.725000381469727 11.199999809265137 -29.198776245117188
v 30.725000381469727 11.199999809265137 -27.045976638793945
v 29.673027038574219 11.199999809265137 -28.122377395629883
v 30.725000381469727 11.199999809265137 -28.122377395629883
v 29.673027038574219 15 -27.045976638793945
v 30.725000381469727 15 -27.045976638793945
v 30.725000381469727 13.100000381469727 -27.045976638793945
v 29.673027038574219 13.100000381469727 -27.045976638793945
v 29.673027038574219 15 -29.198776245117188
v 29.673027038574219 15 -28.122377395629883
v 29.673027038574219 13.100000381469727 -29.198776245117188
v 30.725000381469727 15 -29.198776245117188
v 30.725000381469727 13.100000381469727 -29.198776245117188
v 30.725000381469727 15 -28.122377395629883
f 1424 1420 1422 1425 1423 1421
f 1429 1421 1423 1428 1427 1426
f 1432 1420 1424 1421 1429 1426 1431 1430
f 1434 1422 1420 1432 1430 1433
f 1435 1427 1428 1423 1425 1422 1434 1433
f 1435 1433 1430 1431 1426 1427
g stairs_15
v 29.673027038574219 11.199999809265137 -27.045976638793945
v 29.673027038574219 11.199999809265137 -31.351573944091797
v 30.725000381469727 11.199999809265137 -27.045976638793945
v 30.725000381469727 11.199999809265137 -31.351573944091797
v 30.725000381469727 11.199999809265137 -29.198776245117188
v 29.673027038574219 11.199999809265137 -29.198776245117188
v 29.673027038574219 6 -27.045976638793945
v 29.673027038574219 6 -31.351573944091797
v 30.725000381469727 6 -27.045976638793945
v 30.725000381469727 6 -31.351573944091797
v 30.725000381469727 6 -29.198776245117188
v 29.673027038574219 6 -29.198776245117188
v 30.725000381469727 8.6000003814697266 -27.045976638793945
v 29.673027038574219 8.6000003814697266 -27.045976638793945
v 30.725000381469727 8.6000003814697266 -31.351573944091797
v 29.673027038574219 8.6000003814697266 -31.351573944091797
f 1441 1436 1438 1440 1439 1437
f 1446 1444 1442 1447 1443 1445
f 1449 1442 1444 1448 1438 1436
f 1450 1439 1440 1438 1448 1444 1446 1445
f 1450 1445 1443 1451 1437 1439
f 1447 1442 1449 1436 1441 1437 1451 1443
g corridor_10
v 28.847095489501953 9 -24.630142211914062
v 28.847095489501953 9 -27.045976638793945
v 29.673027038574219 9 -24.630142211914062
v 29.673027038574219 9 -27.045976638793945
v 29.673027038574219 9 -25.83806037902832
v 28.847095489501953 9 -25.83806037902832
v 29.673027038574219 12 -24.630142211914062
v 28.847095489501953 12 -24.630142211914062
v 28.847095489501953 10.5 -24.630142211914062
v 29.673027038574219 10.5 -24.630142211914062
v 29.673027038574219 12 -27.045976638793945
v 29.673027038574219 12 -25.83806037902832
v 29.673027038574219 10.5 -27.045976638793945
v 28.847095489501953 12 -27.045976638793945
v 28.847095489501953 10.5 -27.045976638793945
v 28.847095489501953 12 -25.83806037902832
f 1456 1454 1452 1457 1453 1455
f 1460 1452 1454 1461 1458 1459
f 1456 1455 1464 1462 1463 1458 1461 1454
f 1464 1455 1453 1466 1465 1462
f 1457 1452 1460 1459 1467 1465 1466 1453
f 1467 1459 1458 1463 1462 1465
g corridor_11
v 29.673027038574219 9 -24.630142211914062
v 29.673027038574219 9 -27.045976638793945
v 30.725000381469727 9 -24.630142211914062
v 30.725000381469727 9 -27.045976638793945
v 30.725000381469727 9 -25.83806037902832
v 29.673027038574219 9 -25.83806037902832
v 30.725000381469727 12 -24.630142211914062
v 29.673027038574219 12 -24.630142211914062
v 29.673027038574219 10.5 -24.630142211914062
v 30.725000381469727 10.5 -24.630142211914062
v 30.725000381469727 12 -27.045976638793945
v 30.725000381469727 12 -25.83806037902832
v 30.725000381469727 10.5 -27.045976638793945
v 29.673027038574219 12 -27.045976638793945
v 29.673027038574219 10.5 -27.045976638793945
v 29.673027038574219 12 -25.83806037902832
f 1472 1470 1468 1473 1469 1471
f 1476 1468 1470 1477 1474 1475
f 1472 1471 1480 1478 1479 1474 1477 1470
f 1480 1471 1469 1482 1481 1478
f 1473 1468 1476 1475 1483 1481 1482 1469
f 1483 1475 1474 1479 1478 1481
g bedroom_9
v 27.325000762939453 12 -24.630142211914062
v 27.325000762939453 12 -23.388059616088867
v 27.325000762939453 12 -22.145977020263672
v 29.024999618530273 12 -22.145977020263672
v 30.725000381469727 12 -22.145977020263672
v 30.725000381469727 12 -24.595977783203125
v 30.725000381469727 12 -27.045976638793945
v 29.484146118164062 12 -27.045976638793945
v 28.243291854858398 12 -27.045976638793945
v 28.243291854858398 12 -25.83806037902832
v 28.243291854858398 12 -24.630142211914062
v 27.325000762939453 15 -22.145977020263672
v 27.325000762939453 15 -24.630142211914062
v 27.325000762939453 13.5 -24.630142211914062
v 27.325000762939453 15 -23.388059616088867
v 27.325000762939453 13.5 -22.145977020263672
v 30.725000381469727 15 -22.145977020263672
v 29.024999618530273 15 -22.145977020263672
v 30.725000381469727 13.5 -22.145977020263672
v 30.725000381469727 15 -27.045976638793945
v 30.725000381469727 15 -24.595977783203125
v 30.725000381469727 13.5 -27.045976638793945
v 28.243291854858398 15 -27.045976638793945
v 29.484146118164062 15 -27.045976638793945
v 28.243291854858398 13.5 -27.045976638793945
v 28.243291854858398 15 -24.630142211914062
v 28.243291854858398 15 -25.83806037902832
v 28.243291854858398 13.5 -24.630142211914062
f 1485 1484 1494 1493 1492 1491 1490 1489 1488 1487 1486
f 1485 1486 1499 1495 1498 1496 1497 1484
f 1487 1488 1502 1500 1501 1495 1499 1486
f 1489 1490 1505 1503 1504 1500 1502 1488
f 1491 1492 1508 1506 1507 1503 1505 1490
f 1493 1494 1511 1509 1510 1506 1508 1492
f 1511 1494 1484 1497 1496 1509
f 1509 1496 1498 1495 1501 1500 1504 1503 1507 1506 1510
g bedroom_10
v 27.325000762939453 6 -22.145977020263672
v 30.725000381469727 6 -27.045976638793945
v 30.725000381469727 6 -22.145977020263672
v 30.725000381469727 6 -24.595977783203125
v 29.024999618530273 6 -22.145977020263672
v 27.325000762939453 6 -23.388059616088867
v 27.325000762939453 6 -24.630142211914062
v 28.239883422851562 6 -24.630142211914062
v 28.239883422851562 6 -25.83806037902832
v 28.239883422851562 6 -27.045976638793945
v 29.482442855834961 6 -27.045976638793945
v 30.725000381469727 9 -22.145977020263672
v 30.725000381469727 9 -27.045976638793945
v 30.725000381469727 7.5 -27.045976638793945
v 30.725000381469727 9 -24.595977783203125
v 30.725000381469727 7.5 -22.145977020263672
v 27.325000762939453 9 -22.145977020263672
v 29.024999618530273 9 -22.145977020263672
v 27.325000762939453 7.5 -22.145977020263672
v 27.325000762939453 9 -24.630142211914062
v 27.325000762939453 9 -23.388059616088867
v 27.325000762939453 7.5 -24.630142211914062
v 28.239883422851562 9 -24.630142211914062
v 28.239883422851562 7.5 -24.630142211914062
v 28.239883422851562 9 -27.045976638793945
v 28.239883422851562 9 -25.83806037902832
v 28.239883422851562 7.5 -27.045976638793945
v 29.482442855834961 9 -27.045976638793945
f 1520 1521 1522 1513 1515 1514 1516 1512 1517 1518 1519
f 1525 1524 1526 1523 1527 1514 1515 1513
f 1530 1512 1516 1514 1527 1523 1529 1528
f 1533 1518 1517 1512 1530 1528 1532 1531
f 1535 1519 1518 1533 1531 1534
f 1538 1521 1520 1519 1535 1534 1537 1536
f 1525 1513 1522 1521 1538 1536 1539 1524
f 1539 1536 1537 1534 1531 1532 1528 1529 1523 1526 1524
g kitchen_9
v 30.725000381469727 6 -31.351573944091797
v 30.725000381469727 11.199999809265137 -31.351573944091797
v 33.073028564453125 6 -31.351573944091797
v 33.073028564453125 11.199999809265137 -31.351573944091797
v 33.073028564453125 8.6000003814697266 -31.351573944091797
v 30.725000381469727 8.6000003814697266 -31.351573944091797
v 30.725000381469727 6 -27.045976638793945
v 33.073028564453125 6 -27.045976638793945
v 33.073028564453125 6 -29.198776245117188
v 30.725000381469727 6 -29.198776245117188
v 33.073028564453125 9 -27.045976638793945
v 33.073028564453125 9 -28.122377395629883
v 33.073028564453125 9 -29.198776245117188
v 33.073028564453125 11.199999809265137 -29.198776245117188
v 33.073028564453125 10.100000381469727 -29.198776245117188
v 32.247093200683594 9 -29.198776245117188
v 32.247093200683594 11.199999809265137 -29.198776245117188
v 32.247093200683594 9 -27.045976638793945
v 32.247093200683594 11.199999809265137 -27.045976638793945
v 32.247093200683594 10.100000381469727 -27.045976638793945
v 32.247093200683594 11.199999809265137 -28.122377395629883
v 32.247093200683594 9 -28.122377395629883
v 32.247093200683594 10.100000381469727 -29.198776245117188
v 30.725000381469727 11.199999809265137 -27.045976638793945
v 30.725000381469727 8.6000003814697266 -27.045976638793945
v 30.725000381469727 11.199999809265137 -29.198776245117188
f 1544 1542 1540 1545 1541 1543
f 1548 1547 1546 1549 1540 1542
f 1548 1542 1544 1543 1553 1554 1552 1551 1550 1547
f 1562 1556 1560 1558 1559 1557 1561 1555
f 1561 1557 1550 1551 1552 1555
f 1562 1555 1552 1554 1553 1556
f 1547 1550 1557 1559 1558 1563 1564 1546
f 1549 1546 1564 1563 1565 1541 1545 1540
f 1560 1556 1553 1543 1541 1565 1563 1558
g kitchen_10
v 30.725000381469727 11.199999809265137 -27.045976638793945
v 30.725000381469727 15 -27.045976638793945
v 32.247093200683594 11.199999809265137 -27.045976638793945
v 32.247093200683594 15 -27.045976638793945
v 32.247093200683594 13.100000381469727 -27.045976638793945
v 30.725000381469727 13.100000381469727 -27.045976638793945
v 32.247093200683594 11.199999809265137 -29.198776245117188
v 32.247093200683594 15 -29.198776245117188
v 32.247093200683594 13.100000381469727 -29.198776245117188
v 34.125 11.199999809265137 -31.351573944091797
v 34.125 15 -31.351573944091797
v 30.725000381469727 11.199999809265137 -31.351573944091797
v 30.725000381469727 15 -31.351573944091797
v 32.424999237060547 11.199999809265137 -31.351573944091797
v 30.725000381469727 13.100000381469727 -31.351573944091797
v 32.424999237060547 15 -31.351573944091797
v 34.125 13.100000381469727 -31.351573944091797
v 34.125 11.199999809265137 -29.198776245117188
v 34.125 15 -29.198776245117188
v 34.125 13.100000381469727 -29.198776245117188
v 30.725000381469727 11.199999809265137 -29.198776245117188
v 30.725000381469727 15 -29.198776245117188
f 1571 1566 1568 1570 1569 1567
f 1570 1568 1572 1574 1573 1569
f 1582 1575 1579 1577 1580 1578 1581 1576
f 1585 1583 1575 1582 1576 1584
f 1585 1584 1573 1574 1572 1583
f 1586 1577 1579 1575 1583 1572 1568 1566
f 1580 1577 1586 1566 1571 1567 1587 1578
f 1578 1587 1567 1569 1573 1584 1576 1581
g bathroom_21
v 30.725000381469727 9 -25.945978164672852
v 30.725000381469727 9 -27.045976638793945
v 32.247093200683594 9 -25.945978164672852
v 32.247093200683594 9 -27.045976638793945
v 31.486047744750977 9 -25.945978164672852
v 31.486047744750977 9 -27.045976638793945
v 32.247093200683594 12 -25.945978164672852
v 30.725000381469727 12 -25.945978164672852
v 30.725000381469727 10.5 -25.945978164672852
v 31.486047744750977 12 -25.945978164672852
v 32.247093200683594 10.5 -25.945978164672852
v 32.247093200683594 12 -27.045976638793945
v 32.247093200683594 10.5 -27.045976638793945
v 30.725000381469727 12 -27.045976638793945
v 31.486047744750977 12 -27.045976638793945
v 30.725000381469727 10.5 -27.045976638793945
f 1589 1593 1591 1590 1592 1588
f 1592 1590 1598 1594 1597 1595 1596 1588
f 1598 1590 1591 1600 1599 1594
f 1593 1589 1603 1601 1602 1599 1600 1591
f 1603 1589 1588 1596 1595 1601
f 1601 1595 1597 1594 1599 1602
g bathroom_22
v 30.725000381469727 9 -24.630142211914062
v 30.725000381469727 9 -25.945978164672852
v 32.247093200683594 9 -24.630142211914062
v 32.247093200683594 9 -25.945978164672852
v 31.486047744750977 9 -24.630142211914062
v 32.247093200683594 9 -25.288061141967773
v 31.486047744750977 9 -25.945978164672852
v 30.725000381469727 9 -25.288061141967773
v 32.247093200683594 12 -24.630142211914062
v 30.725000381469727 12 -24.630142211914062
v 30.725000381469727 10.5 -24.630142211914062
v 31.486047744750977 12 -24.630142211914062
v 32.247093200683594 10.5 -24.630142211914062
v 32.247093200683594 12 -25.945978164672852
v 32.247093200683594 10.5 -25.945978164672852
v 32.247093200683594 12 -25.288061141967773
v 30.725000381469727 12 -25.945978164672852
v 31.486047744750977 12 -25.945978164672852
v 30.725000381469727 10.5 -25.945978164672852
v 30.725000381469727 12 -25.288061141967773
f 1611 1605 1610 1607 1609 1606 1608 1604
f 1608 1606 1616 1612 1615 1613 1614 1604
f 1609 1607 1618 1617 1619 1612 1616 1606
f 1610 1605 1622 1620 1621 1617 1618 1607
f 1611 1604 1614 1613 1623 1620 1622 1605
f 1619 1617 1621 1620 1623 1613 1615 1612
g bathroom_23
v 30.725000381469727 12 -24.630142211914062
v 30.725000381469727 12 -27.045976638793945
v 31.643291473388672 12 -24.630142211914062
v 31.643291473388672 12 -27.045976638793945
v 31.643291473388672 12 -25.83806037902832
v 30.725000381469727 12 -25.83806037902832
v 31.643291473388672 15 -24.630142211914062
v 30.725000381469727 15 -24.630142211914062
v 30.725000381469727 13.5 -24.630142211914062
v 31.643291473388672 13.5 -24.630142211914062
v 31.643291473388672 15 -27.045976638793945
v 31.643291473388672 15 -25.83806037902832
v 31.643291473388672 13.5 -27.045976638793945
v 30.725000381469727 15 -27.045976638793945
v 30.725000381469727 13.5 -27.045976638793945
v 30.725000381469727 15 -25.83806037902832
f 1628 1626 1624 1629 1625 1627
f 1632 1624 1626 1633 1630 1631
f 1628 1627 1636 1634 1635 1630 1633 1626
f 1636 1627 1625 1638 1637 1634
f 1629 1624 1632 1631 1639 1637 1638 1625
f 1639 1631 1630 1635 1634 1637
g bathroom_24
v 30.725000381469727 6 -24.630142211914062
v 30.725000381469727 6 -27.045976638793945
v 31.639884948730469 6 -24.630142211914062
v 31.639884948730469 6 -27.045976638793945
v 31.639884948730469 6 -25.83806037902832
v 30.725000381469727 6 -25.83806037902832
v 31.639884948730469 9 -24.630142211914062
v 30.725000381469727 9 -24.630142211914062
v 30.725000381469727 7.5 -24.630142211914062
v 31.639884948730469 7.5 -24.630142211914062
v 31.639884948730469 9 -27.045976638793945
v 31.639884948730469 9 -25.83806037902832
v 31.639884948730469 7.5 -27.045976638793945
v 30.725000381469727 9 -27.045976638793945
v 30.725000381469727 7.5 -27.045976638793945
v 30.725000381469727 9 -25.83806037902832
f 1644 1642 1640 1645 1641 1643
f 1648 1640 1642 1649 1646 1647
f 1644 1643 1652 1650 1651 1646 1649 1642
f 1652 1643 1641 1654 1653 1650
f 1648 1647 1655 1653 1654 1641 1645 1640
f 1655 1647 1646 1651 1650 1653
g stairs_16
v 32.247093200683594 15 -29.198776245117188
v 32.247093200683594 15 -27.045976638793945
v 33.073028564453125 15 -29.198776245117188
v 33.073028564453125 15 -27.045976638793945
v 32.247093200683594 15 -28.122377395629883
v 33.073028564453125 15 -28.122377395629883
v 32.247093200683594 9 -27.045976638793945
v 32.247093200683594 9 -29.198776245117188
v 33.073028564453125 9 -27.045976638793945
v 33.073028564453125 9 -29.198776245117188
v 33.073028564453125 9 -28.122377395629883
v 32.247093200683594 9 -28.122377395629883
v 32.247093200683594 13 -27.045976638793945
v 32.247093200683594 11 -27.045976638793945
v 33.073028564453125 11 -27.045976638793945
v 33.073028564453125 13 -27.045976638793945
v 32.247093200683594 13 -29.198776245117188
v 32.247093200683594 11 -29.198776245117188
v 33.073028564453125 13 -29.198776245117188
v 33.073028564453125 11 -29.198776245117188
f 1661 1658 1656 1660 1657 1659
f 1666 1664 1662 1667 1663 1665
f 1669 1662 1664 1670 1671 1659 1657 1668
f 1673 1663 1667 1662 1669 1668 1657 1660 1656 1672
f 1675 1665 1663 1673 1672 1656 1658 1674
f 1671 1670 1664 1666 1665 1675 1674 1658 1661 1659
g stairs_17
v 33.073028564453125 11.199999809265137 -29.198776245117188
v 33.073028564453125 11.199999809265137 -27.045976638793945
v 34.125 11.199999809265137 -29.198776245117188
v 34.125 11.199999809265137 -27.045976638793945
v 33.073028564453125 11.199999809265137 -28.122377395629883
v 34.125 11.199999809265137 -28.122377395629883
v 33.073028564453125 15 -27.045976638793945
v 34.125 15 -27.045976638793945
v 34.125 13.100000381469727 -27.045976638793945
v 33.073028564453125 13.100000381469727 -27.045976638793945
v 33.073028564453125 15 -29.198776245117188
v 33.073028564453125 15 -28.122377395629883
v 33.073028564453125 13.100000381469727 -29.198776245117188
v 34.125 15 -29.198776245117188
v 34.125 13.100000381469727 -29.198776245117188
v 34.125 15 -28.122377395629883
f 1680 1676 1678 1681 1679 1677
f 1685 1677 1679 1684 1683 1682
f 1688 1676 1680 1677 1685 1682 1687 1686
f 1690 1678 1676 1688 1686 1689
f 1691 1683 1684 1679 1681 1678 1690 1689
f 1691 1689 1686 1687 1682 1683
g stairs_18
v 33.073028564453125 11.199999809265137 -27.045976638793945
v 33.073028564453125 11.199999809265137 -31.351573944091797
v 34.125 11.199999809265137 -27.045976638793945
v 34.125 11.199999809265137 -31.351573944091797
v 34.125 11.199999809265137 -29.198776245117188
v 33.073028564453125 11.199999809265137 -29.198776245117188
v 33.073028564453125 6 -27.045976638793945
v 33.073028564453125 6 -31.351573944091797
v 34.125 6 -27.045976638793945
v 34.125 6 -31.351573944091797
v 34.125 6 -29.198776245117188
v 33.073028564453125 6 -29.198776245117188
v 34.125 8.6000003814697266 -27.045976638793945
v 33.073028564453125 8.6000003814697266 -27.045976638793945
v 34.125 8.6000003814697266 -31.351573944091797
v 33.073028564453125 8.6000003814697266 -31.351573944091797
f 1697 1692 1694 1696 1695 1693
f 1702 1700 1698 1703 1699 1701
f 1705 1698 1700 1704 1694 1692
f 1706 1695 1696 1694 1704 1700 1702 1701
f 1706 1701 1699 1707 1693 1695
f 1703 1698 1705 1692 1697 1693 1707 1699
g corridor_12
v 32.247093200683594 9 -24.630142211914062
v 32.247093200683594 9 -27.045976638793945
v 33.073028564453125 9 -24.630142211914062
v 33.073028564453125 9 -27.045976638793945
v 33.073028564453125 9 -25.83806037902832
v 32.247093200683594 9 -25.83806037902832
v 33.073028564453125 12 -24.630142211914062
v 32.247093200683594 12 -24.630142211914062
v 32.247093200683594 10.5 -24.630142211914062
v 33.073028564453125 10.5 -24.630142211914062
v 33.073028564453125 12 -27.045976638793945
v 33.073028564453125 12 -25.83806037902832
v 33.073028564453125 10.5 -27.045976638793945
v 32.247093200683594 12 -27.045976638793945
v 32.247093200683594 10.5 -27.045976638793945
v 32.247093200683594 12 -25.83806037902832
f 1712 1710 1708 1713 1709 1711
f 1716 1708 1710 1717 1714 1715
f 1712 1711 1720 1718 1719 1714 1717 1710
f 1720 1711 1709 1722 1721 1718
f 1713 1708 1716 1715 1723 1721 1722 1709
f 1723 1715 1714 1719 1718 1721
g corridor_13
v 33.073028564453125 9 -24.630142211914062
v 33.073028564453125 9 -27.045976638793945
v 34.125 9 -24.630142211914062
v 34.125 9 -27.045976638793945
v 34.125 9 -25.83806037902832
v 33.073028564453125 9 -25.83806037902832
v 34.125 12 -24.630142211914062
v 33.073028564453125 12 -24.630142211914062
v 33.073028564453125 10.5 -24.630142211914062
v 34.125 10.5 -24.630142211914062
v 34.125 12 -27.045976638793945
v 34.125 12 -25.83806037902832
v 34.125 10.5 -27.045976638793945
v 33.073028564453125 12 -27.045976638793945
v 33.073028564453125 10.5 -27.045976638793945
v 33.073028564453125 12 -25.83806037902832
f 1728 1726 1724 1729 1725 1727
f 1732 1724 1726 1733 1730 1731
f 1728 1727 1736 1734 1735 1730 1733 1726
f 1736 1727 1725 1738 1737 1734
f 1729 1724 1732 1731 1739 1737 1738 1725
f 1739 1731 1730 1735 1734 1737
g bedroom_11
v 30.725000381469727 12 -24.630142211914062
v 30.725000381469727 12 -23.388059616088867
v 30.725000381469727 12 -22.145977020263672
v 32.424999237060547 12 -22.145977020263672
v 34.125 12 -22.145977020263672
v 34.125 12 -24.595977783203125
v 34.125 12 -27.045976638793945
v 32.884147644042969 12 -27.045976638793945
v 31.643291473388672 12 -27.045976638793945
v 31.643291473388672 12 -25.83806037902832
v 31.643291473388672 12 -24.630142211914062
v 30.725000381469727 15 -22.145977020263672
v 30.725000381469727 15 -24.630142211914062
v 30.725000381469727 13.5 -24.630142211914062
v 30.725000381469727 15 -23.388059616088867
v 30.725000381469727 13.5 -22.145977020263672
v 34.125 15 -22.145977020263672
v 32.424999237060547 15 -22.145977020263672
v 34.125 13.5 -22.145977020263672
v 34.125 15 -27.045976638793945
v 34.125 15 -24.595977783203125
v 34.125 13.5 -27.045976638793945
v 31.643291473388672 15 -27.045976638793945
v 32.884147644042969 15 -27.045976638793945
v 31.643291473388672 13.5 -27.045976638793945
v 31.643291473388672 15 -24.630142211914062
v 31.643291473388672 15 -25.83806037902832
v 31.643291473388672 13.5 -24.630142211914062
f 1741 1740 1750 1749 1748 1747 1746 1745 1744 1743 1742
f 1741 1742 1755 1751 1754 1752 1753 1740
f 1743 1744 1758 1756 1757 1751 1755 1742
f 1745 1746 1761 1759 1760 1756 1758 1744
f 1747 1748 1764 1762 1763 1759 1761 1746
f 1749 1750 1767 1765 1766 1762 1764 1748
f 1767 1750 1740 1753 1752 1765
f 1765 1752 1754 1751 1757 1756 1760 1759 1763 1762 1766
g bedroom_12
v 30.725000381469727 6 -22.145977020263672
v 34.125 6 -27.045976638793945
v 34.125 6 -22.145977020263672
v 34.125 6 -24.595977783203125
v 32.424999237060547 6 -22.145977020263672
v 30.725000381469727 6 -23.388059616088867
v 30.725000381469727 6 -24.630142211914062
v 31.639884948730469 6 -24.630142211914062
v 31.639884948730469 6 -25.83806037902832
v 31.639884948730469 6 -27.045976638793945
v 32.882442474365234 6 -27.045976638793945
v 34.125 9 -22.145977020263672
v 34.125 9 -27.045976638793945
v 34.125 7.5 -27.045976638793945
v 34.125 9 -24.595977783203125
v 34.125 7.5 -22.145977020263672
v 30.725000381469727 9 -22.145977020263672
v 32.424999237060547 9 -22.145977020263672
v 30.725000381469727 7.5 -22.145977020263672
v 30.725000381469727 9 -24.630142211914062
v 30.725000381469727 9 -23.388059616088867
v 30.725000381469727 7.5 -24.630142211914062
v 31.639884948730469 9 -24.630142211914062
v 31.639884948730469 7.5 -24.630142211914062
v 31.639884948730469 9 -27.045976638793945
v 31.639884948730469 9 -25.83806037902832
v 31.639884948730469 7.5 -27.045976638793945
v 32.882442474365234 9 -27.045976638793945
f 1776 1777 1778 1769 1771 1770 1772 1768 1773 1774 1775
f 1781 1780 1782 1779 1783 1770 1771 1769
f 1786 1768 1772 1770 1783 1779 1785 1784
f 1789 1774 1773 1768 1786 1784 1788 1787
f 1791 1775 1774 1789 1787 1790
f 1794 1777 1776 1775 1791 1790 1793 1792
f 1781 1769 1778 1777 1794 1792 1795 1780
f 1795 1792 1793 1790 1787 1788 1784 1785 1779 1782 1780
g kitchen_11
v 34.125 6 -31.351573944091797
v 34.125 11.199999809265137 -31.351573944091797
v 36.473026275634766 6 -31.351573944091797
v 36.473026275634766 11.199999809265137 -31.351573944091797
v 36.473026275634766 8.6000003814697266 -31.351573944091797
v 34.125 8.6000003814697266 -31.351573944091797
v 34.125 6 -27.045976638793945
v 36.473026275634766 6 -27.045976638793945
v 36.473026275634766 6 -29.198776245117188
v 34.125 6 -29.198776245117188
v 36.473026275634766 9 -27.045976638793945
v 36.473026275634766 9 -28.122377395629883
v 36.473026275634766 9 -29.198776245117188
v 36.473026275634766 11.199999809265137 -29.198776245117188
v 36.473026275634766 10.100000381469727 -29.198776245117188
v 35.6470947265625 9 -29.198776245117188
v 35.6470947265625 11.199999809265137 -29.198776245117188
v 35.6470947265625 9 -27.045976638793945
v 35.6470947265625 11.199999809265137 -27.045976638793945
v 35.6470947265625 10.100000381469727 -27.045976638793945
v 35.6470947265625 11.199999809265137 -28.122377395629883
v 35.6470947265625 9 -28.122377395629883
v 35.6470947265625 10.100000381469727 -29.198776245117188
v 34.125 11.199999809265137 -27.045976638793945
v 34.125 8.6000003814697266 -27.045976638793945
v 34.125 11.199999809265137 -29.198776245117188
f 1800 1798 1796 1801 1797 1799
f 1804 1803 1802 1805 1796 1798
f 1804 1798 1800 1799 1809 1810 1808 1807 1806 1803
f 1818 1812 1816 1814 1815 1813 1817 1811
f 1817 1813 1806 1807 1808 1811
f 1818 1811 1808 1810 1809 1812
f 1803 1806 1813 1815 1814 1819 1820 1802
f 1805 1802 1820 1819 1821 1797 1801 1796
f 1816 1812 1809 1799 1797 1821 1819 1814
g kitchen_12
v 34.125 11.199999809265137 -27.045976638793945
v 34.125 15 -27.045976638793945
v 35.6470947265625 11.199999809265137 -27.045976638793945
v 35.6470947265625 15 -27.045976638793945
v 35.6470947265625 13.100000381469727 -27.045976638793945
v 34.125 13.100000381469727 -27.045976638793945
v 35.6470947265625 11.199999809265137 -29.198776245117188
v 35.6470947265625 15 -29.198776245117188
v 35.6470947265625 13.100000381469727 -29.198776245117188
v 37.525001525878906 11.199999809265137 -31.351573944091797
v 37.525001525878906 15 -31.351573944091797
v 34.125 11.199999809265137 -31.351573944091797
v 34.125 15 -31.351573944091797
v 35.825000762939453 11.199999809265137 -31.351573944091797
v 34.125 13.100000381469727 -31.351573944091797
v 35.825000762939453 15 -31.351573944091797
v 37.525001525878906 13.100000381469727 -31.351573944091797
v 37.525001525878906 11.199999809265137 -29.198776245117188
v 37.525001525878906 15 -29.198776245117188
v 37.525001525878906 13.100000381469727 -29.198776245117188
v 34.125 11.199999809265137 -29.198776245117188
v 34.125 15 -29.198776245117188
f 1827 1822 1824 1826 1825 1823
f 1826 1824 1828 1830 1829 1825
f 1838 1831 1835 1833 1836 1834 1837 1832
f 1841 1839 1831 1838 1832 1840
f 1841 1840 1829 1830 1828 1839
f 1842 1833 1835 1831 1839 1828 1824 1822
f 1836 1833 1842 1822 1827 1823 1843 1834
f 1834 1843 1823 1825 1829 1840 1832 1837
g bathroom_25
v 34.125 9 -25.945978164672852
v 34.125 9 -27.045976638793945
v 35.6470947265625 9 -25.945978164672852
v 35.6470947265625 9 -27.045976638793945
v 34.88604736328125 9 -25.945978164672852
v 34.88604736328125 9 -27.045976638793945
v 35.6470947265625 12 -25.945978164672852
v 34.125 12 -25.945978164672852
v 34.125 10.5 -25.945978164672852
v 34.88604736328125 12 -25.945978164672852
v 35.6470947265625 10.5 -25.945978164672852
v 35.6470947265625 12 -27.045976638793945
v 35.6470947265625 10.5 -27.045976638793945
v 34.125 12 -27.045976638793945
v 34.88604736328125 12 -27.045976638793945
v 34.125 10.5 -27.045976638793945
f 1845 1849 1847 1846 1848 1844
f 1848 1846 1854 1850 1853 1851 1852 1844
f 1854 1846 1847 1856 1855 1850
f 1849 1845 1859 1857 1858 1855 1856 1847
f 1859 1845 1844 1852 1851 1857
f 1857 1851 1853 1850 1855 1858
g bathroom_26
v 34.125 9 -24.630142211914062
v 34.125 9 -25.945978164672852
v 35.6470947265625 9 -24.630142211914062
v 35.6470947265625 9 -25.945978164672852
v 34.88604736328125 9 -24.630142211914062
v 35.6470947265625 9 -25.288061141967773
v 34.88604736328125 9 -25.945978164672852
v 34.125 9 -25.288061141967773
v 35.6470947265625 12 -24.630142211914062
v 34.125 12 -24.630142211914062
v 34.125 10.5 -24.630142211914062
v 34.88604736328125 12 -24.630142211914062
v 35.6470947265625 10.5 -24.630142211914062
v 35.6470947265625 12 -25.945978164672852
v 35.6470947265625 10.5 -25.945978164672852
v 35.6470947265625 12 -25.288061141967773
v 34.125 12 -25.945978164672852
v 34.88604736328125 12 -25.945978164672852
v 34.125 10.5 -25.945978164672852
v 34.125 12 -25.288061141967773
f 1867 1861 1866 1863 1865 1862 1864 1860
f 1864 1862 1872 1868 1871 1869 1870 1860
f 1865 1863 1874 1873 1875 1868 1872 1862
f 1866 1861 1878 1876 1877 1873 1874 1863
f 1867 1860 1870 1869 1879 1876 1878 1861
f 1875 1873 1877 1876 1879 1869 1871 1868
g bathroom_27
v 34.125 12 -24.630142211914062
v 34.125 12 -27.045976638793945
v 35.043292999267578 12 -24.630142211914062
v 35.043292999267578 12 -27.045976638793945
v 35.043292999267578 12 -25.83806037902832
v 34.125 12 -25.83806037902832
v 35.043292999267578 15 -24.630142211914062
v 34.125 15 -24.630142211914062
v 34.125 13.5 -24.630142211914062
v 35.043292999267578 13.5 -24.630142211914062
v 35.043292999267578 15 -27.045976638793945
v 35.043292999267578 15 -25.83806037902832
v 35.043292999267578 13.5 -27.045976638793945
v 34.125 15 -27.045976638793945
v 34.125 13.5 -27.045976638793945
v 34.125 15 -25.83806037902832
f 1884 1882 1880 1885 1881 1883
f 1888 1880 1882 1889 1886 1887
f 1884 1883 1892 1890 1891 1886 1889 1882
f 1892 1883 1881 1894 1893 1890
f 1885 1880 1888 1887 1895 1893 1894 1881
f 1895 1887 1886 1891 1890 1893
g bathroom_28
v 34.125 6 -24.630142211914062
v 34.125 6 -27.045976638793945
v 35.039882659912109 6 -24.630142211914062
v 35.039882659912109 6 -27.045976638793945
v 35.039882659912109 6 -25.83806037902832
v 34.125 6 -25.83806037902832
v 35.039882659912109 9 -24.630142211914062
v 34.125 9 -24.630142211914062
v 34.125 7.5 -24.630142211914062
v 35.039882659912109 7.5 -24.630142211914062
v 35.039882659912109 9 -27.045976638793945
v 35.039882659912109 9 -25.83806037902832
v 35.039882659912109 7.5 -27.045976638793945
v 34.125 9 -27.045976638793945
v 34.125 7.5 -27.045976638793945
v 34.125 9 -25.83806037902832
f 1900 1898 1896 1901 1897 1899
f 1904 1896 1898 1905 1902 1903
f 1900 1899 1908 1906 1907 1902 1905 1898
f 1908 1899 1897 1910 1909 1906
f 1904 1903 1911 1909 1910 1897 1901 1896
f 1911 1903 1902 1907 1906 1909
g stairs_19
v 35.6470947265625 15 -29.198776245117188
v 35.6470947265625 15 -27.045976638793945
v 36.473026275634766 15 -29.198776245117188
v 36.473026275634766 15 -27.045976638793945
v 35.6470947265625 15 -28.122377395629883
v 36.473026275634766 15 -28.122377395629883
v 35.6470947265625 9 -27.045976638793945
v 35.6470947265625 9 -29.198776245117188
v 36.473026275634766 9 -27.045976638793945
v 36.473026275634766 9 -29.198776245117188
v 36.473026275634766 9 -28.122377395629883
v 35.6470947265625 9 -28.122377395629883
v 35.6470947265625 13 -27.045976638793945
v 35.6470947265625 11 -27.045976638793945
v 36.473026275634766 11 -27.045976638793945
v 36.473026275634766 13 -27.045976638793945
v 35.6470947265625 13 -29.198776245117188
v 35.6470947265625 11 -29.198776245117188
v 36.473026275634766 13 -29.198776245117188
v 36.473026275634766 11 -29.198776245117188
f 1917 1914 1912 1916 1913 1915
f 1922 1920 1918 1923 1919 1921
f 1925 1918 1920 1926 1927 1915 1913 1924
f 1929 1919 1923 1918 1925 1924 1913 1916 1912 1928
f 1931 1921 1919 1929 1928 1912 1914 1930
f 1927 1926 1920 1922 1921 1931 1930 1914 1917 1915
g stairs_20
v 36.473026275634766 11.199999809265137 -29.198776245117188
v 36.473026275634766 11.199999809265137 -27.045976638793945
v 37.525001525878906 11.199999809265137 -29.198776245117188
v 37.525001525878906 11.199999809265137 -27.045976638793945
v 36.473026275634766 11.199999809265137 -28.122377395629883
v 37.525001525878906 11.199999809265137 -28.122377395629883
v 36.473026275634766 15 -27.045976638793945
v 37.525001525878906 15 -27.045976638793945
v 37.525001525878906 13.100000381469727 -27.045976638793945
v 36.473026275634766 13.100000381469727 -27.045976638793945
v 36.473026275634766 15 -29.198776245117188
v 36.473026275634766 15 -28.122377395629883
v 36.473026275634766 13.100000381469727 -29.198776245117188
v 37.525001525878906 15 -29.198776245117188
v 37.525001525878906 13.100000381469727 -29.198776245117188
v 37.525001525878906 15 -28.122377395629883
f 1936 1932 1934 1937 1935 1933
f 1941 1933 1935 1940 1939 1938
f 1944 1932 1936 1933 1941 1938 1943 1942
f 1946 1934 1932 1944 1942 1945
f 1947 1939 1940 1935 1937 1934 1946 1945
f 1947 1945 1942 1943 1938 1939
g stairs_21
v 36.473026275634766 11.199999809265137 -27.045976638793945
v 36.473026275634766 11.199999809265137 -31.351573944091797
v 37.525001525878906 11.199999809265137 -27.045976638793945
v 37.525001525878906 11.199999809265137 -31.351573944091797
v 37.525001525878906 11.199999809265137 -29.198776245117188
v 36.473026275634766 11.199999809265137 -29.198776245117188
v 36.473026275634766 6 -27.045976638793945
v 36.473026275634766 6 -31.351573944091797
v 37.525001525878906 6 -27.045976638793945
v 37.525001525878906 6 -31.351573944091797
v 37.525001525878906 6 -29.198776245117188
v 36.473026275634766 6 -29.198776245117188
v 37.525001525878906 8.6000003814697266 -27.045976638793945
v 36.473026275634766 8.6000003814697266 -27.045976638793945
v 37.525001525878906 8.6000003814697266 -31.351573944091797
v 36.473026275634766 8.6000003814697266 -31.351573944091797
f 1953 1948 1950 1952 1951 1949
f 1958 1956 1954 1959 1955 1957
f 1961 1954 1956 1960 1950 1948
f 1962 1951 1952 1950 1960 1956 1958 1957
f 1962 1957 1955 1963 1949 1951
f 1959 1954 1961 1948 1953 1949 1963 1955
g corridor_14
v 35.6470947265625 9 -24.630142211914062
v 35.6470947265625 9 -27.045976638793945
v 36.473026275634766 9 -24.630142211914062
v 36.473026275634766 9 -27.045976638793945
v 36.473026275634766 9 -25.83806037902832
v 35.6470947265625 9 -25.83806037902832
v 36.473026275634766 12 -24.630142211914062
v 35.6470947265625 12 -24.630142211914062
v 35.6470947265625 10.5 -24.630142211914062
v 36.473026275634766 10.5 -24.630142211914062
v 36.473026275634766 12 -27.045976638793945
v 36.473026275634766 12 -25.83806037902832
v 36.473026275634766 10.5 -27.045976638793945
v 35.6470947265625 12 -27.045976638793945
v 35.6470947265625 10.5 -27.045976638793945
v 35.6470947265625 12 -25.83806037902832
f 1968 1966 1964 1969 1965 1967
f 1972 1964 1966 1973 1970 1971
f 1968 1967 1976 1974 1975 1970 1973 1966
f 1976 1967 1965 1978 1977 1974
f 1969 1964 1972 1971 1979 1977 1978 1965
f 1979 1971 1970 1975 1974 1977
g corridor_15
v 36.473026275634766 9 -24.630142211914062
v 36.473026275634766 9 -27.045976638793945
v 37.525001525878906 9 -24.630142211914062
v 37.525001525878906 9 -27.045976638793945
v 37.525001525878906 9 -25.83806037902832
v 36.473026275634766 9 -25.83806037902832
v 37.525001525878906 12 -24.630142211914062
v 36.473026275634766 12 -24.630142211914062
v 36.473026275634766 10.5 -24.630142211914062
v 37.525001525878906 10.5 -24.630142211914062
v 37.525001525878906 12 -27.045976638793945
v 37.525001525878906 12 -25.83806037902832
v 37.525001525878906 10.5 -27.045976638793945
v 36.473026275634766 12 -27.045976638793945
v 36.473026275634766 10.5 -27.045976638793945
v 36.473026275634766 12 -25.83806037902832
f 1984 1982 1980 1985 1981 1983
f 1988 1980 1982 1989 1986 1987
f 1984 1983 1992 1990 1991 1986 1989 1982
f 1992 1983 1981 1994 1993 1990
f 1985 1980 1988 1987 1995 1993 1994 1981
f 1995 1987 1986 1991 1990 1993
g bedroom_13
v 34.125 12 -24.630142211914062
v 34.125 12 -23.388059616088867
v 34.125 12 -22.145977020263672
v 35.825000762939453 12 -22.145977020263672
v 37.525001525878906 12 -22.145977020263672
v 37.525001525878906 12 -24.595977783203125
v 37.525001525878906 12 -27.045976638793945
v 36.284145355224609 12 -27.045976638793945
v 35.043292999267578 12 -27.045976638793945
v 35.043292999267578 12 -25.83806037902832
v 35.043292999267578 12 -24.630142211914062
v 34.125 15 -22.145977020263672
v 34.125 15 -24.630142211914062
v 34.125 13.5 -24.630142211914062
v 34.125 15 -23.388059616088867
v 34.125 13.5 -22.145977020263672
v 37.525001525878906 15 -22.145977020263672
v 35.825000762939453 15 -22.145977020263672
v 37.525001525878906 13.5 -22.145977020263672
v 37.525001525878906 15 -27.045976638793945
v 37.525001525878906 15 -24.595977783203125
v 37.525001525878906 13.5 -27.045976638793945
v 35.043292999267578 15 -27.045976638793945
v 36.284145355224609 15 -27.045976638793945
v 35.043292999267578 13.5 -27.045976638793945
v 35.043292999267578 15 -24.630142211914062
v 35.043292999267578 15 -25.83806037902832
v 35.043292999267578 13.5 -24.630142211914062
f 1997 1996 2006 2005 2004 2003 2002 2001 2000 1999 1998
f 1997 1998 2011 2007 2010 2008 2009 1996
f 1999 2000 2014 2012 2013 2007 2011 1998
f 2001 2002 2017 2015 2016 2012 2014 2000
f 2003 2004 2020 2018 2019 2015 2017 2002
f 2005 2006 2023 2021 2022 2018 2020 2004
f 2023 2006 1996 2009 2008 2021
f 2021 2008 2010 2007 2013 2012 2016 2015 2019 2018 2022
g bedroom_14
v 34.125 6 -22.145977020263672
v 37.525001525878906 6 -27.045976638793945
v 37.525001525878906 6 -22.145977020263672
v 37.525001525878906 6 -24.595977783203125
v 35.825000762939453 6 -22.145977020263672
v 34.125 6 -23.388059616088867
v 34.125 6 -24.630142211914062
v 35.039882659912109 6 -24.630142211914062
v 35.039882659912109 6 -25.83806037902832
v 35.039882659912109 6 -27.045976638793945
v 36.282444000244141 6 -27.045976638793945
v 37.525001525878906 9 -22.145977020263672
v 37.525001525878906 9 -27.045976638793945
v 37.525001525878906 7.5 -27.045976638793945
v 37.525001525878906 9 -24.595977783203125
v 37.525001525878906 7.5 -22.145977020263672
v 34.125 9 -22.145977020263672
v 35.825000762939453 9 -22.145977020263672
v 34.125 7.5 -22.145977020263672
v 34.125 9 -24.630142211914062
v 34.125 9 -23.388059616088867
v 34.125 7.5 -24.630142211914062
v 35.039882659912109 9 -24.630142211914062
v 35.039882659912109 7.5 -24.630142211914062
v 35.039882659912109 9 -27.045976638793945
v 35.039882659912109 9 -25.83806037902832
v 35.039882659912109 7.5 -27.045976638793945
v 36.282444000244141 9 -27.045976638793945
f 2032 2033 2034 2025 2027 2026 2028 2024 2029 2030 2031
f 2037 2036 2038 2035 2039 2026 2027 2025
f 2042 2024 2028 2026 2039 2035 2041 2040
f 2045 2030 2029 2024 2042 2040 2044 2043
f 2047 2031 2030 2045 2043 2046
f 2050 2033 2032 2031 2047 2046 2049 2048
f 2037 2025 2034 2033 2050 2048 2051 2036
f 2051 2048 2049 2046 2043 2044 2040 2041 2035 2038 2036
g kitchen_13
v 37.525001525878906 6 -31.351573944091797
v 37.525001525878906 11.199999809265137 -31.351573944091797
v 39.873027801513672 6 -31.351573944091797
v 39.873027801513672 11.199999809265137 -31.351573944091797
v 39.873027801513672 8.6000003814697266 -31.351573944091797
v 37.525001525878906 8.6000003814697266 -31.351573944091797
v 37.525001525878906 6 -27.045976638793945
v 39.873027801513672 6 -27.045976638793945
v 39.873027801513672 6 -29.198776245117188
v 37.525001525878906 6 -29.198776245117188
v 39.873027801513672 9 -27.045976638793945
v 39.873027801513672 9 -28.122377395629883
v 39.873027801513672 9 -29.198776245117188
v 39.873027801513672 11.199999809265137 -29.198776245117188
v 39.873027801513672 10.100000381469727 -29.198776245117188
v 39.047096252441406 9 -29.198776245117188
v 39.047096252441406 11.199999809265137 -29.198776245117188
v 39.047096252441406 9 -27.045976638793945
v 39.047096252441406 11.199999809265137 -27.045976638793945
v 39.047096252441406 10.100000381469727 -27.045976638793945
v 39.047096252441406 11.199999809265137 -28.122377395629883
v 39.047096252441406 9 -28.122377395629883
v 39.047096252441406 10.100000381469727 -29.198776245117188
v 37.525001525878906 11.199999809265137 -27.045976638793945
v 37.525001525878906 8.6000003814697266 -27.045976638793945
v 37.525001525878906 11.199999809265137 -29.198776245117188
f 2056 2054 2052 2057 2053 2055
f 2060 2059 2058 2061 2052 2054
f 2060 2054 2056 2055 2065 2066 2064 2063 2062 2059
f 2074 2068 2072 2070 2071 2069 2073 2067
f 2073 2069 2062 2063 2064 2067
f 2074 2067 2064 2066 2065 2068
f 2059 2062 2069 2071 2070 2075 2076 2058
f 2061 2058 2076 2075 2077 2053 2057 2052
f 2072 2068 2065 2055 2053 2077 2075 2070
g kitchen_14
v 37.525001525878906 11.199999809265137 -27.045976638793945
v 37.525001525878906 15 -27.045976638793945
v 39.047096252441406 11.199999809265137 -27.045976638793945
v 39.047096252441406 15 -27.045976638793945
v 39.047096252441406 13.100000381469727 -27.045976638793945
v 37.525001525878906 13.100000381469727 -27.045976638793945
v 39.047096252441406 11.199999809265137 -29.198776245117188
v 39.047096252441406 15 -29.198776245117188
v 39.047096252441406 13.100000381469727 -29.198776245117188
v 40.924999237060547 11.199999809265137 -31.351573944091797
v 40.924999237060547 15 -31.351573944091797
v 37.525001525878906 11.199999809265137 -31.351573944091797
v 37.525001525878906 15 -31.351573944091797
v 39.224998474121094 11.199999809265137 -31.351573944091797
v 37.525001525878906 13.100000381469727 -31.351573944091797
v 39.224998474121094 15 -31.351573944091797
v 40.924999237060547 13.100000381469727 -31.351573944091797
v 40.924999237060547 11.199999809265137 -29.198776245117188
v 40.924999237060547 15 -29.198776245117188
v 40.924999237060547 13.100000381469727 -29.198776245117188
v 37.525001525878906 11.199999809265137 -29.198776245117188
v 37.525001525878906 15 -29.198776245117188
f 2083 2078 2080 2082 2081 2079
f 2082 2080 2084 2086 2085 2081
f 2094 2087 2091 2089 2092 2090 2093 2088
f 2097 2095 2087 2094 2088 2096
f 2097 2096 2085 2086 2084 2095
f 2098 2089 2091 2087 2095 2084 2080 2078
f 2092 2089 2098 2078 2083 2079 2099 2090
f 2090 2099 2079 2081 2085 2096 2088 2093
g bathroom_29
v 37.525001525878906 9 -25.945978164672852
v 37.525001525878906 9 -27.045976638793945
v 39.047096252441406 9 -25.945978164672852
v 39.047096252441406 9 -27.045976638793945
v 38.286048889160156 9 -25.945978164672852
v 38.286048889160156 9 -27.045976638793945
v 39.047096252441406 12 -25.945978164672852
v 37.525001525878906 12 -25.945978164672852
v 37.525001525878906 10.5 -25.945978164672852
v 38.286048889160156 12 -25.945978164672852
v 39.047096252441406 10.5 -25.945978164672852
v 39.047096252441406 12 -27.045976638793945
v 39.047096252441406 10.5 -27.045976638793945
v 37.525001525878906 12 -27.045976638793945
v 38.286048889160156 12 -27.045976638793945
v 37.525001525878906 10.5 -27.045976638793945
f 2101 2105 2103 2102 2104 2100
f 2104 2102 2110 2106 2109 2107 2108 2100
f 2110 2102 2103 2112 2111 2106
f 2105 2101 2115 2113 2114 2111 2112 2103
f 2115 2101 2100 2108 2107 2113
f 2113 2107 2109 2106 2111 2114
g bathroom_30
v 37.525001525878906 9 -24.630142211914062
v 37.525001525878906 9 -25.945978164672852
v 39.047096252441406 9 -24.630142211914062
v 39.047096252441406 9 -25.945978164672852
v 38.286048889160156 9 -24.630142211914062
v 39.047096252441406 9 -25.288061141967773
v 38.286048889160156 9 -25.945978164672852
v 37.525001525878906 9 -25.288061141967773
v 39.047096252441406 12 -24.630142211914062
v 37.525001525878906 12 -24.630142211914062
v 37.525001525878906 10.5 -24.630142211914062
v 38.286048889160156 12 -24.630142211914062
v 39.047096252441406 10.5 -24.630142211914062
v 39.047096252441406 12 -25.945978164672852
v 39.047096252441406 10.5 -25.945978164672852
v 39.047096252441406 12 -25.288061141967773
v 37.525001525878906 12 -25.945978164672852
v 38.286048889160156 12 -25.945978164672852
v 37.525001525878906 10.5 -25.945978164672852
v 37.525001525878906 12 -25.288061141967773
f 2123 2117 2122 2119 2121 2118 2120 2116
f 2120 2118 2128 2124 2127 2125 2126 2116
f 2121 2119 2130 2129 2131 2124 2128 2118
f 2122 2117 2134 2132 2133 2129 2130 2119
f 2123 2116 2126 2125 2135 2132 2134 2117
f 2131 2129 2133 2132 2135 2125 2127 2124
g bathroom_31
v 37.525001525878906 12 -24.630142211914062
v 37.525001525878906 12 -27.045976638793945
v 38.443290710449219 12 -24.630142211914062
v 38.443290710449219 12 -27.045976638793945
v 38.443290710449219 12 -25.83806037902832
v 37.525001525878906 12 -25.83806037902832
v 38.443290710449219 15 -24.630142211914062
v 37.525001525878906 15 -24.630142211914062
v 37.525001525878906 13.5 -24.630142211914062
v 38.443290710449219 13.5 -24.630142211914062
v 38.443290710449219 15 -27.045976638793945
v 38.443290710449219 15 -25.83806037902832
v 38.443290710449219 13.5 -27.045976638793945
v 37.525001525878906 15 -27.045976638793945
v 37.525001525878906 13.5 -27.045976638793945
v 37.525001525878906 15 -25.83806037902832
f 2140 2138 2136 2141 2137 2139
f 2144 2136 2138 2145 2142 2143
f 2140 2139 2148 2146 2147 2142 2145 2138
f 2148 2139 2137 2150 2149 2146
f 2141 2136 2144 2143 2151 2149 2150 2137
f 2151 2143 2142 2147 2146 2149
g bathroom_32
v 37.525001525878906 6 -24.630142211914062
v 37.525001525878906 6 -27.045976638793945
v 38.439884185791016 6 -24.630142211914062
v 38.439884185791016 6 -27.045976638793945
v 38.439884185791016 6 -25.83806037902832
v 37.525001525878906 6 -25.83806037902832
v 38.439884185791016 9 -24.630142211914062
v 37.525001525878906 9 -24.630142211914062
v 37.525001525878906 7.5 -24.630142211914062
v 38.439884185791016 7.5 -24.630142211914062
v 38.439884185791016 9 -27.045976638793945
v 38.439884185791016 9 -25.83806037902832
v 38.439884185791016 7.5 -27.045976638793945
v 37.525001525878906 9 -27.045976638793945
v 37.525001525878906 7.5 -27.045976638793945
v 37.525001525878906 9 -25.83806037902832
f 2156 2154 2152 2157 2153 2155
f 2160 2152 2154 2161 2158 2159
f 2156 2155 2164 2162 2163 2158 2161 2154
f 2164 2155 2153 2166 2165 2162
f 2160 2159 2167 2165 2166 2153 2157 2152
f 2167 2159 2158 2163 2162 2165
g stairs_22
v 39.047096252441406 15 -29.198776245117188
v 39.047096252441406 15 -27.045976638793945
v 39.873027801513672 15 -29.198776245117188
v 39.873027801513672 15 -27.045976638793945
v 39.047096252441406 15 -28.122377395629883
v 39.873027801513672 15 -28.122377395629883
v 39.047096252441406 9 -27.045976638793945
v 39.047096252441406 9 -29.198776245117188
v 39.873027801513672 9 -27.045976638793945
v 39.873027801513672 9 -29.198776245117188
v 39.873027801513672 9 -28.122377395629883
v 39.047096252441406 9 -28.122377395629883
v 39.047096252441406 13 -27.045976638793945
v 39.047096252441406 11 -27.045976638793945
v 39.873027801513672 11 -27.045976638793945
v 39.873027801513672 13 -27.045976638793945
v 39.047096252441406 13 -29.198776245117188
v 39.047096252441406 11 -29.198776245117188
v 39.873027801513672 13 -29.198776245117188
v 39.873027801513672 11 -29.198776245117188
f 2173 2170 2168 2172 2169 2171
f 2178 2176 2174 2179 2175 2177
f 2181 2174 2176 2182 2183 2171 2169 2180
f 2185 2175 2179 2174 2181 2180 2169 2172 2168 2184
f 2187 2177 2175 2185 2184 2168 2170 2186
f 2183 2182 2176 2178 2177 2187 2186 2170 2173 2171
g stairs_23
v 39.873027801513672 11.199999809265137 -29.198776245117188
v 39.873027801513672 11.199999809265137 -27.045976638793945
v 40.924999237060547 11.199999809265137 -29.198776245117188
v 40.924999237060547 11.199999809265137 -27.045976638793945
v 39.873027801513672 11.199999809265137 -28.122377395629883
v 40.924999237060547 11.199999809265137 -28.122377395629883
v 39.873027801513672 15 -27.045976638793945
v 40.924999237060547 15 -27.045976638793945
v 40.924999237060547 13.100000381469727 -27.045976638793945
v 39.873027801513672 13.100000381469727 -27.045976638793945
v 39.873027801513672 15 -29.198776245117188
v 39.873027801513672 15 -28.122377395629883
v 39.873027801513672 13.100000381469727 -29.198776245117188
v 40.924999237060547 15 -29.198776245117188
v 40.924999237060547 13.100000381469727 -29.198776245117188
v 40.924999237060547 15 -28.122377395629883
f 2192 2188 2190 2193 2191 2189
f 2197 2189 2191 2196 2195 2194
f 2200 2188 2192 2189 2197 2194 2199 2198
f 2202 2190 2188 2200 2198 2201
f 2203 2195 2196 2191 2193 2190 2202 2201
f 2203 2201 2198 2199 2194 2195
g stairs_24
v 39.873027801513672 11.199999809265137 -27.045976638793945
v 39.873027801513672 11.199999809265137 -31.351573944091797
v 40.924999237060547 11.199999809265137 -27.045976638793945
v 40.924999237060547 11.199999809265137 -31.351573944091797
v 40.924999237060547 11.199999809265137 -29.198776245117188
v 39.873027801513672 11.199999809265137 -29.198776245117188
v 39.873027801513672 6 -27.045976638793945
v 39.873027801513672 6 -31.351573944091797
v 40.924999237060547 6 -27.045976638793945
v 40.924999237060547 6 -31.351573944091797
v 40.924999237060547 6 -29.198776245117188
v 39.873027801513672 6 -29.198776245117188
v 39.873027801513672 8.6000003814697266 -27.045976638793945
v 40.924999237060547 8.6000003814697266 -27.045976638793945
v 40.924999237060547 8.6000003814697266 -31.351573944091797
v 39.873027801513672 8.6000003814697266 -31.351573944091797
f 2209 2204 2206 2208 2207 2205
f 2214 2212 2210 2215 2211 2213
f 2216 2210 2212 2217 2206 2204
f 2218 2207 2208 2206 2217 2212 2214 2213
f 2218 2213 2211 2219 2205 2207
f 2215 2210 2216 2204 2209 2205 2219 2211
g corridor_16
v 39.047096252441406 9 -24.630142211914062
v 39.047096252441406 9 -27.045976638793945
v 39.873027801513672 9 -24.630142211914062
v 39.873027801513672 9 -27.045976638793945
v 39.873027801513672 9 -25.83806037902832
v 39.047096252441406 9 -25.83806037902832
v 39.873027801513672 12 -24.630142211914062
v 39.047096252441406 12 -24.630142211914062
v 39.047096252441406 10.5 -24.630142211914062
v 39.873027801513672 10.5 -24.630142211914062
v 39.873027801513672 12 -27.045976638793945
v 39.873027801513672 12 -25.83806037902832
v 39.873027801513672 10.5 -27.045976638793945
v 39.047096252441406 12 -27.045976638793945
v 39.047096252441406 10.5 -27.045976638793945
v 39.047096252441406 12 -25.83806037902832
f 2224 2222 2220 2225 2221 2223
f 2228 2220 2222 2229 2226 2227
f 2224 2223 2232 2230 2231 2226 2229 2222
f 2232 2223 2221 2234 2233 2230
f 2225 2220 2228 2227 2235 2233 2234 2221
f 2235 2227 2226 2231 2230 2233
g corridor_17
v 39.873027801513672 9 -24.630142211914062
v 39.873027801513672 9 -27.045976638793945
v 40.924999237060547 9 -24.630142211914062
v 40.924999237060547 9 -27.045976638793945
v 40.924999237060547 9 -25.83806037902832
v 39.873027801513672 9 -25.83806037902832
v 40.924999237060547 12 -24.630142211914062
v 39.873027801513672 12 -24.630142211914062
v 39.873027801513672 10.5 -24.630142211914062
v 40.924999237060547 10.5 -24.630142211914062
v 40.924999237060547 12 -27.045976638793945
v 40.924999237060547 12 -25.83806037902832
v 40.924999237060547 10.5 -27.045976638793945
v 39.873027801513672 12 -27.045976638793945
v 39.873027801513672 10.5 -27.045976638793945
v 39.873027801513672 12 -25.83806037902832
f 2240 2238 2236 2241 2237 2239
f 2244 2236 2238 2245 2242 2243
f 2240 2239 2248 2246 2247 2242 2245 2238
f 2248 2239 2237 2250 2249 2246
f 2241 2236 2244 2243 2251 2249 2250 2237
f 2251 2243 2242 2247 2246 2249
g bedroom_15
v 37.525001525878906 12 -24.630142211914062
v 37.525001525878906 12 -23.388059616088867
v 37.525001525878906 12 -22.145977020263672
v 39.224998474121094 12 -22.145977020263672
v 40.924999237060547 12 -22.145977020263672
v 40.924999237060547 12 -24.595977783203125
v 40.924999237060547 12 -27.045976638793945
v 39.684146881103516 12 -27.045976638793945
v 38.443290710449219 12 -27.045976638793945
v 38.443290710449219 12 -25.83806037902832
v 38.443290710449219 12 -24.630142211914062
v 37.525001525878906 15 -22.145977020263672
v 37.525001525878906 15 -24.630142211914062
v 37.525001525878906 13.5 -24.630142211914062
v 37.525001525878906 15 -23.388059616088867
v 37.525001525878906 13.5 -22.145977020263672
v 40.924999237060547 15 -22.145977020263672
v 39.224998474121094 15 -22.145977020263672
v 40.924999237060547 13.5 -22.145977020263672
v 40.924999237060547 15 -27.045976638793945
v 40.924999237060547 15 -24.595977783203125
v 40.924999237060547 13.5 -27.045976638793945
v 38.443290710449219 15 -27.045976638793945
v 39.684146881103516 15 -27.045976638793945
v 38.443290710449219 13.5 -27.045976638793945
v 38.443290710449219 15 -24.630142211914062
v 38.443290710449219 15 -25.83806037902832
v 38.443290710449219 13.5 -24.630142211914062
f 2253 2252 2262 2261 2260 2259 2258 2257 2256 2255 2254
f 2253 2254 2267 2263 2266 2264 2265 2252
f 2255 2256 2270 2268 2269 2263 2267 2254
f 2257 2258 2273 2271 2272 2268 2270 2256
f 2259 2260 2276 2274 2275 2271 2273 2258
f 2261 2262 2279 2277 2278 2274 2276 2260
f 2279 2262 2252 2265 2264 2277
f 2277 2264 2266 2263 2269 2268 2272 2271 2275 2274 2278
g bedroom_16
v 37.525001525878906 6 -22.145977020263672
v 40.924999237060547 6 -27.045976638793945
v 40.924999237060547 6 -22.145977020263672
v 40.924999237060547 6 -24.595977783203125
v 39.224998474121094 6 -22.145977020263672
v 37.525001525878906 6 -23.388059616088867
v 37.525001525878906 6 -24.630142211914062
v 38.439884185791016 6 -24.630142211914062
v 38.439884185791016 6 -25.83806037902832
v 38.439884185791016 6 -27.045976638793945
v 39.682441711425781 6 -27.045976638793945
v 40.924999237060547 9 -22.145977020263672
v 40.924999237060547 9 -27.045976638793945
v 40.924999237060547 7.5 -27.045976638793945
v 40.924999237060547 9 -24.595977783203125
v 40.924999237060547 7.5 -22.145977020263672
v 37.525001525878906 9 -22.145977020263672
v 39.224998474121094 9 -22.145977020263672
v 37.525001525878906 7.5 -22.145977020263672
v 37.525001525878906 9 -24.630142211914062
v 37.525001525878906 9 -23.388059616088867
v 37.525001525878906 7.5 -24.630142211914062
v 38.439884185791016 9 -24.630142211914062
v 38.439884185791016 7.5 -24.630142211914062
v 38.439884185791016 9 -27.045976638793945
v 38.439884185791016 9 -25.83806037902832
v 38.439884185791016 7.5 -27.045976638793945
v 39.682441711425781 9 -27.045976638793945
f 2288 2289 2290 2281 2283 2282 2284 2280 2285 2286 2287
f 2293 2292 2294 2291 2295 2282 2283 2281
f 2298 2280 2284 2282 2295 2291 2297 2296
f 2301 2286 2285 2280 2298 2296 2300 2299
f 2303 2287 2286 2301 2299 2302
f 2306 2289 2288 2287 2303 2302 2305 2304
f 2293 2281 2290 2289 2306 2304 2307 2292
f 2307 2304 2305 2302 2299 2300 2296 2297 2291 2294 2292
g kitchen_15
v 40.924999237060547 6 -31.351573944091797
v 40.924999237060547 11.199999809265137 -31.351573944091797
v 43.273025512695312 6 -31.351573944091797
v 43.273025512695312 11.199999809265137 -31.351573944091797
v 43.273025512695312 8.6000003814697266 -31.351573944091797
v 40.924999237060547 8.6000003814697266 -31.351573944091797
v 40.924999237060547 6 -27.045976638793945
v 43.273025512695312 6 -27.045976638793945
v 43.273025512695312 6 -29.198776245117188
v 40.924999237060547 6 -29.198776245117188
v 43.273025512695312 9 -27.045976638793945
v 43.273025512695312 9 -28.122377395629883
v 43.273025512695312 9 -29.198776245117188
v 43.273025512695312 11.199999809265137 -29.198776245117188
v 43.273025512695312 10.100000381469727 -29.198776245117188
v 42.447093963623047 9 -29.198776245117188
v 42.447093963623047 11.199999809265137 -29.198776245117188
v 42.447093963623047 9 -27.045976638793945
v 42.447093963623047 11.199999809265137 -27.045976638793945
v 42.447093963623047 10.100000381469727 -27.045976638793945
v 42.447093963623047 11.199999809265137 -28.122377395629883
v 42.447093963623047 9 -28.122377395629883
v 42.447093963623047 10.100000381469727 -29.198776245117188
v 40.924999237060547 11.199999809265137 -27.045976638793945
v 40.924999237060547 8.6000003814697266 -27.045976638793945
v 40.924999237060547 11.199999809265137 -29.198776245117188
f 2312 2310 2308 2313 2309 2311
f 2316 2315 2314 2317 2308 2310
f 2316 2310 2312 2311 2321 2322 2320 2319 2318 2315
f 2330 2324 2328 2326 2327 2325 2329 2323
f 2329 2325 2318 2319 2320 2323
f 2330 2323 2320 2322 2321 2324
f 2315 2318 2325 2327 2326 2331 2332 2314
f 2317 2314 2332 2331 2333 2309 2313 2308
f 2328 2324 2321 2311 2309 2333 2331 2326
g kitchen_16
v 40.924999237060547 11.199999809265137 -27.045976638793945
v 40.924999237060547 15 -27.045976638793945
v 42.447093963623047 11.199999809265137 -27.045976638793945
v 42.447093963623047 15 -27.045976638793945
v 42.447093963623047 13.100000381469727 -27.045976638793945
v 40.924999237060547 13.100000381469727 -27.045976638793945
v 42.447093963623047 11.199999809265137 -29.198776245117188
v 42.447093963623047 15 -29.198776245117188
v 42.447093963623047 13.100000381469727 -29.198776245117188
v 44.325000762939453 11.199999809265137 -31.351573944091797
v 44.325000762939453 15 -31.351573944091797
v 40.924999237060547 11.199999809265137 -31.351573944091797
v 40.924999237060547 15 -31.351573944091797
v 42.625 11.199999809265137 -31.351573944091797
v 40.924999237060547 13.100000381469727 -31.351573944091797
v 42.625 15 -31.351573944091797
v 44.325000762939453 13.100000381469727 -31.351573944091797
v 44.325000762939453 11.199999809265137 -29.198776245117188
v 44.325000762939453 15 -29.198776245117188
v 44.325000762939453 13.100000381469727 -29.198776245117188
v 40.924999237060547 11.199999809265137 -29.198776245117188
v 40.924999237060547 15 -29.198776245117188
f 2339 2334 2336 2338 2337 2335
f 2338 2336 2340 2342 2341 2337
f 2350 2343 2347 2345 2348 2346 2349 2344
f 2353 2351 2343 2350 2344 2352
f 2353 2352 2341 2342 2340 2351
f 2354 2345 2347 2343 2351 2340 2336 2334
f 2348 2345 2354 2334 2339 2335 2355 2346
f 2346 2355 2335 2337 2341 2352 2344 2349
g bathroom_33
v 40.924999237060547 9 -25.945978164672852
v 40.924999237060547 9 -27.045976638793945
v 42.447093963623047 9 -25.945978164672852
v 42.447093963623047 9 -27.045976638793945
v 41.686046600341797 9 -25.945978164672852
v 41.686046600341797 9 -27.045976638793945
v 42.447093963623047 12 -25.945978164672852
v 40.924999237060547 12 -25.945978164672852
v 40.924999237060547 10.5 -25.945978164672852
v 41.686046600341797 12 -25.945978164672852
v 42.447093963623047 10.5 -25.945978164672852
v 42.447093963623047 12 -27.045976638793945
v 42.447093963623047 10.5 -27.045976638793945
v 40.924999237060547 12 -27.045976638793945
v 41.686046600341797 12 -27.045976638793945
v 40.924999237060547 10.5 -27.045976638793945
f 2357 2361 2359 2358 2360 2356
f 2360 2358 2366 2362 2365 2363 2364 2356
f 2366 2358 2359 2368 2367 2362
f 2361 2357 2371 2369 2370 2367 2368 2359
f 2371 2357 2356 2364 2363 2369
f 2369 2363 2365 2362 2367 2370
g bathroom_34
v 40.924999237060547 9 -24.630142211914062
v 40.924999237060547 9 -25.945978164672852
v 42.447093963623047 9 -24.630142211914062
v 42.447093963623047 9 -25.945978164672852
v 41.686046600341797 9 -24.630142211914062
v 42.447093963623047 9 -25.288061141967773
v 41.686046600341797 9 -25.945978164672852
v 40.924999237060547 9 -25.288061141967773
v 42.447093963623047 12 -24.630142211914062
v 40.924999237060547 12 -24.630142211914062
v 40.924999237060547 10.5 -24.630142211914062
v 41.686046600341797 12 -24.630142211914062
v 42.447093963623047 10.5 -24.630142211914062
v 42.447093963623047 12 -25.945978164672852
v 42.447093963623047 10.5 -25.945978164672852
v 42.447093963623047 12 -25.288061141967773
v 40.924999237060547 12 -25.945978164672852
v 41.686046600341797 12 -25.945978164672852
v 40.924999237060547 10.5 -25.945978164672852
v 40.924999237060547 12 -25.288061141967773
f 2379 2373 2378 2375 2377 2374 2376 2372
f 2376 2374 2384 2380 2383 2381 2382 2372
f 2377 2375 2386 2385 2387 2380 2384 2374
f 2378 2373 2390 2388 2389 2385 2386 2375
f 2379 2372 2382 2381 2391 2388 2390 2373
f 2387 2385 2389 2388 2391 2381 2383 2380
g bathroom_35
v 40.924999237060547 12 -24.630142211914062
v 40.924999237060547 12 -27.045976638793945
v 41.843292236328125 12 -24.630142211914062
v 41.843292236328125 12 -27.045976638793945
v 41.843292236328125 12 -25.83806037902832
v 40.924999237060547 12 -25.83806037902832
v 41.843292236328125 15 -24.630142211914062
v 40.924999237060547 15 -24.630142211914062
v 40.924999237060547 13.5 -24.630142211914062
v 41.843292236328125 13.5 -24.630142211914062
v 41.843292236328125 15 -27.045976638793945
v 41.843292236328125 15 -25.83806037902832
v 41.843292236328125 13.5 -27.045976638793945
v 40.924999237060547 15 -27.045976638793945
v 40.924999237060547 13.5 -27.045976638793945
v 40.924999237060547 15 -25.83806037902832
f 2396 2394 2392 2397 2393 2395
f 2400 2392 2394 2401 2398 2399
f 2396 2395 2404 2402 2403 2398 2401 2394
f 2404 2395 2393 2406 2405 2402
f 2397 2392 2400 2399 2407 2405 2406 2393
f 2407 2399 2398 2403 2402 2405
g bathroom_36
v 40.924999237060547 6 -24.630142211914062
v 40.924999237060547 6 -27.045976638793945
v 41.839885711669922 6 -24.630142211914062
v 41.839885711669922 6 -27.045976638793945
v 41.839885711669922 6 -25.83806037902832
v 40.924999237060547 6 -25.83806037902832
v 41.839885711669922 9 -24.630142211914062
v 40.924999237060547 9 -24.630142211914062
v 40.924999237060547 7.5 -24.630142211914062
v 41.839885711669922 7.5 -24.630142211914062
v 41.839885711669922 9 -27.045976638793945
v 41.839885711669922 9 -25.83806037902832
v 41.839885711669922 7.5 -27.045976638793945
v 40.924999237060547 9 -27.045976638793945
v 40.924999237060547 7.5 -27.045976638793945
v 40.924999237060547 9 -25.83806037902832
f 2412 2410 2408 2413 2409 2411
f 2416 2408 2410 2417 2414 2415
f 2412 2411 2420 2418 2419 2414 2417 2410
f 2420 2411 2409 2422 2421 2418
f 2416 2415 2423 2421 2422 2409 2413 2408
f 2423 2415 2414 2419 2418 2421
g stairs_25
v 42.447093963623047 15 -29.198776245117188
v 42.447093963623047 15 -27.045976638793945
v 43.273025512695312 15 -29.198776245117188
v 43.273025512695312 15 -27.045976638793945
v 42.447093963623047 15 -28.122377395629883
v 43.273025512695312 15 -28.122377395629883
v 42.447093963623047 9 -27.045976638793945
v 42.447093963623047 9 -29.198776245117188
v 43.273025512695312 9 -27.045976638793945
v 43.273025512695312 9 -29.198776245117188
v 43.273025512695312 9 -28.122377395629883
v 42.447093963623047 9 -28.122377395629883
v 42.447093963623047 13 -27.045976638793945
v 42.447093963623047 11 -27.045976638793945
v 43.273025512695312 11 -27.045976638793945
v 43.273025512695312 13 -27.045976638793945
v 42.447093963623047 13 -29.198776245117188
v 42.447093963623047 11 -29.198776245117188
v 43.273025512695312 13 -29.198776245117188
v 43.273025512695312 11 -29.198776245117188
f 2429 2426 2424 2428 2425 2427
f 2434 2432 2430 2435 2431 2433
f 2437 2430 2432 2438 2439 2427 2425 2436
f 2441 2431 2435 2430 2437 2436 2425 2428 2424 2440
f 2443 2433 2431 2441 2440 2424 2426 2442
f 2439 2438 2432 2434 2433 2443 2442 2426 2429 2427
g stairs_26
v 43.273025512695312 11.199999809265137 -29.198776245117188
v 43.273025512695312 11.199999809265137 -27.045976638793945
v 44.325000762939453 11.199999809265137 -29.198776245117188
v 44.325000762939453 11.199999809265137 -27.045976638793945
v 43.273025512695312 11.199999809265137 -28.122377395629883
v 44.325000762939453 11.199999809265137 -28.122377395629883
v 43.273025512695312 15 -27.045976638793945
v 44.325000762939453 15 -27.045976638793945
v 44.325000762939453 13.100000381469727 -27.045976638793945
v 43.273025512695312 13.100000381469727 -27.045976638793945
v 43.273025512695312 15 -29.198776245117188
v 43.273025512695312 15 -28.122377395629883
v 43.273025512695312 13.100000381469727 -29.198776245117188
v 44.325000762939453 15 -29.198776245117188
v 44.325000762939453 13.100000381469727 -29.198776245117188
v 44.325000762939453 15 -28.122377395629883
f 2448 2444 2446 2449 2447 2445
f 2453 2445 2447 2452 2451 2450
f 2456 2444 2448 2445 2453 2450 2455 2454
f 2458 2446 2444 2456 2454 2457
f 2459 2451 2452 2447 2449 2446 2458 2457
f 2459 2457 2454 2455 2450 2451
g stairs_27
v 43.273025512695312 11.199999809265137 -27.045976638793945
v 43.273025512695312 11.199999809265137 -31.351573944091797
v 44.325000762939453 11.199999809265137 -27.045976638793945
v 44.325000762939453 11.199999809265137 -31.351573944091797
v 44.325000762939453 11.199999809265137 -29.198776245117188
v 43.273025512695312 11.199999809265137 -29.198776245117188
v 43.273025512695312 6 -27.045976638793945
v 43.273025512695312 6 -31.351573944091797
v 44.325000762939453 6 -27.045976638793945
v 44.325000762939453 6 -31.351573944091797
v 44.325000762939453 6 -29.198776245117188
v 43.273025512695312 6 -29.198776245117188
v 44.325000762939453 8.6000003814697266 -27.045976638793945
v 43.273025512695312 8.6000003814697266 -27.045976638793945
v 44.325000762939453 8.6000003814697266 -31.351573944091797
v 43.273025512695312 8.6000003814697266 -31.351573944091797
f 2465 2460 2462 2464 2463 2461
f 2470 2468 2466 2471 2467 2469
f 2473 2466 2468 2472 2462 2460
f 2474 2463 2464 2462 2472 2468 2470 2469
f 2474 2469 2467 2475 2461 2463
f 2471 2466 2473 2460 2465 2461 2475 2467
g corridor_18
v 42.447093963623047 9 -24.630142211914062
v 42.447093963623047 9 -27.045976638793945
v 43.273025512695312 9 -24.630142211914062
v 43.273025512695312 9 -27.045976638793945
v 43.273025512695312 9 -25.83806037902832
v 42.447093963623047 9 -25.83806037902832
v 43.273025512695312 12 -24.630142211914062
v 42.447093963623047 12 -24.630142211914062
v 42.447093963623047 10.5 -24.630142211914062
v 43.273025512695312 10.5 -24.630142211914062
v 43.273025512695312 12 -27.045976638793945
v 43.273025512695312 12 -25.83806037902832
v 43.273025512695312 10.5 -27.045976638793945
v 42.447093963623047 12 -27.045976638793945
v 42.447093963623047 10.5 -27.045976638793945
v 42.447093963623047 12 -25.83806037902832
f 2480 2478 2476 2481 2477 2479
f 2484 2476 2478 2485 2482 2483
f 2480 2479 2488 2486 2487 2482 2485 2478
f 2488 2479 2477 2490 2489 2486
f 2481 2476 2484 2483 2491 2489 2490 2477
f 2491 2483 2482 2487 2486 2489
g corridor_19
v 43.273025512695312 9 -24.630142211914062
v 43.273025512695312 9 -27.045976638793945
v 44.325000762939453 9 -24.630142211914062
v 44.325000762939453 9 -27.045976638793945
v 44.325000762939453 9 -25.83806037902832
v 43.273025512695312 9 -25.83806037902832
v 44.325000762939453 12 -24.630142211914062
v 43.273025512695312 12 -24.630142211914062
v 43.273025512695312 10.5 -24.630142211914062
v 44.325000762939453 10.5 -24.630142211914062
v 44.325000762939453 12 -27.045976638793945
v 44.325000762939453 12 -25.83806037902832
v 44.325000762939453 10.5 -27.045976638793945
v 43.273025512695312 12 -27.045976638793945
v 43.273025512695312 10.5 -27.045976638793945
v 43.273025512695312 12 -25.83806037902832
f 2496 2494 2492 2497 2493 2495
f 2500 2492 2494 2501 2498 2499
f 2496 2495 2504 2502 2503 2498 2501 2494
f 2504 2495 2493 2506 2505 2502
f 2497 2492 2500 2499 2507 2505 2506 2493
f 2507 2499 2498 2503 2502 2505
g bedroom_17
v 40.924999237060547 12 -24.630142211914062
v 40.924999237060547 12 -23.388059616088867
v 40.924999237060547 12 -22.145977020263672
v 42.625 12 -22.145977020263672
v 44.325000762939453 12 -22.145977020263672
v 44.325000762939453 12 -24.595977783203125
v 44.325000762939453 12 -27.045976638793945
v 43.084144592285156 12 -27.045976638793945
v 41.843292236328125 12 -27.045976638793945
v 41.843292236328125 12 -25.83806037902832
v 41.843292236328125 12 -24.630142211914062
v 40.924999237060547 15 -22.145977020263672
v 40.924999237060547 15 -24.630142211914062
v 40.924999237060547 13.5 -24.630142211914062
v 40.924999237060547 15 -23.388059616088867
v 40.924999237060547 13.5 -22.145977020263672
v 44.325000762939453 15 -22.145977020263672
v 42.625 15 -22.145977020263672
v 44.325000762939453 13.5 -22.145977020263672
v 44.325000762939453 15 -27.045976638793945
v 44.325000762939453 15 -24.595977783203125
v 44.325000762939453 13.5 -27.045976638793945
v 41.843292236328125 15 -27.045976638793945
v 43.084144592285156 15 -27.045976638793945
v 41.843292236328125 13.5 -27.045976638793945
v 41.843292236328125 15 -24.630142211914062
v 41.843292236328125 15 -25.83806037902832
v 41.843292236328125 13.5 -24.630142211914062
f 2509 2508 2518 2517 2516 2515 2514 2513 2512 2511 2510
f 2509 2510 2523 2519 2522 2520 2521 2508
f 2511 2512 2526 2524 2525 2519 2523 2510
f 2513 2514 2529 2527 2528 2524 2526 2512
f 2515 2516 2532 2530 2531 2527 2529 2514
f 2517 2518 2535 2533 2534 2530 2532 2516
f 2535 2518 2508 2521 2520 2533
f 2533 2520 2522 2519 2525 2524 2528 2527 2531 2530 2534
g bedroom_18
v 40.924999237060547 6 -22.145977020263672
v 44.325000762939453 6 -27.045976638793945
v 44.325000762939453 6 -22.145977020263672
v 44.325000762939453 6 -24.595977783203125
v 42.625 6 -22.145977020263672
v 40.924999237060547 6 -23.388059616088867
v 40.924999237060547 6 -24.630142211914062
v 41.839885711669922 6 -24.630142211914062
v 41.839885711669922 6 -25.83806037902832
v 41.839885711669922 6 -27.045976638793945
v 43.082443237304688 6 -27.045976638793945
v 44.325000762939453 9 -22.145977020263672
v 44.325000762939453 9 -27.045976638793945
v 44.325000762939453 7.5 -27.045976638793945
v 44.325000762939453 9 -24.595977783203125
v 44.325000762939453 7.5 -22.145977020263672
v 40.924999237060547 9 -22.145977020263672
v 42.625 9 -22.145977020263672
v 40.924999237060547 7.5 -22.145977020263672
v 40.924999237060547 9 -24.630142211914062
v 40.924999237060547 9 -23.388059616088867
v 40.924999237060547 7.5 -24.630142211914062
v 41.839885711669922 9 -24.630142211914062
v 41.839885711669922 7.5 -24.630142211914062
v 41.839885711669922 9 -27.045976638793945
v 41.839885711669922 9 -25.83806037902832
v 41.839885711669922 7.5 -27.045976638793945
v 43.082443237304688 9 -27.045976638793945
f 2544 2545 2546 2537 2539 2538 2540 2536 2541 2542 2543
f 2549 2548 2550 2547 2551 2538 2539 2537
f 2554 2536 2540 2538 2551 2547 2553 2552
f 2557 2542 2541 2536 2554 2552 2556 2555
f 2559 2543 2542 2557 2555 2558
f 2562 2545 2544 2543 2559 2558 2561 2560
f 2549 2537 2546 2545 2562 2560 2563 2548
f 2563 2560 2561 2558 2555 2556 2552 2553 2547 2550 2548
g kitchen_17
v 44.325000762939453 6 -31.351573944091797
v 44.325000762939453 11.199999809265137 -31.351573944091797
v 46.673027038574219 6 -31.351573944091797
v 46.673027038574219 11.199999809265137 -31.351573944091797
v 46.673027038574219 8.6000003814697266 -31.351573944091797
v 44.325000762939453 8.6000003814697266 -31.351573944091797
v 44.325000762939453 6 -27.045976638793945
v 46.673027038574219 6 -27.045976638793945
v 46.673027038574219 6 -29.198776245117188
v 44.325000762939453 6 -29.198776245117188
v 46.673027038574219 9 -27.045976638793945
v 46.673027038574219 9 -28.122377395629883
v 46.673027038574219 9 -29.198776245117188
v 46.673027038574219 11.199999809265137 -29.198776245117188
v 46.673027038574219 10.100000381469727 -29.198776245117188
v 45.847095489501953 9 -29.198776245117188
v 45.847095489501953 11.199999809265137 -29.198776245117188
v 45.847095489501953 9 -27.045976638793945
v 45.847095489501953 11.199999809265137 -27.045976638793945
v 45.847095489501953 10.100000381469727 -27.045976638793945
v 45.847095489501953 11.199999809265137 -28.122377395629883
v 45.847095489501953 9 -28.122377395629883
v 45.847095489501953 10.100000381469727 -29.198776245117188
v 44.325000762939453 11.199999809265137 -27.045976638793945
v 44.325000762939453 8.6000003814697266 -27.045976638793945
v 44.325000762939453 11.199999809265137 -29.198776245117188
f 2568 2566 2564 2569 2565 2567
f 2572 2571 2570 2573 2564 2566
f 2572 2566 2568 2567 2577 2578 2576 2575 2574 2571
f 2586 2580 2584 2582 2583 2581 2585 2579
f 2585 2581 2574 2575 2576 2579
f 2586 2579 2576 2578 2577 2580
f 2571 2574 2581 2583 2582 2587 2588 2570
f 2573 2570 2588 2587 2589 2565 2569 2564
f 2584 2580 2577 2567 2565 2589 2587 2582
g kitchen_18
v 44.325000762939453 11.199999809265137 -27.045976638793945
v 44.325000762939453 15 -27.045976638793945
v 45.847095489501953 11.199999809265137 -27.045976638793945
v 45.847095489501953 15 -27.045976638793945
v 45.847095489501953 13.100000381469727 -27.045976638793945
v 44.325000762939453 13.100000381469727 -27.045976638793945
v 45.847095489501953 11.199999809265137 -29.198776245117188
v 45.847095489501953 15 -29.198776245117188
v 45.847095489501953 13.100000381469727 -29.198776245117188
v 47.724998474121094 11.199999809265137 -31.351573944091797
v 47.724998474121094 15 -31.351573944091797
v 44.325000762939453 11.199999809265137 -31.351573944091797
v 44.325000762939453 15 -31.351573944091797
v 46.025001525878906 11.199999809265137 -31.351573944091797
v 44.325000762939453 13.100000381469727 -31.351573944091797
v 46.025001525878906 15 -31.351573944091797
v 47.724998474121094 13.100000381469727 -31.351573944091797
v 47.724998474121094 11.199999809265137 -29.198776245117188
v 47.724998474121094 15 -29.198776245117188
v 47.724998474121094 13.100000381469727 -29.198776245117188
v 44.325000762939453 11.199999809265137 -29.198776245117188
v 44.325000762939453 15 -29.198776245117188
f 2595 2590 2592 2594 2593 2591
f 2594 2592 2596 2598 2597 2593
f 2606 2599 2603 2601 2604 2602 2605 2600
f 2609 2607 2599 2606 2600 2608
f 2609 2608 2597 2598 2596 2607
f 2610 2601 2603 2599 2607 2596 2592 2590
f 2604 2601 2610 2590 2595 2591 2611 2602
f 2602 2611 2591 2593 2597 2608 2600 2605
g bathroom_37
v 44.325000762939453 9 -25.945978164672852
v 44.325000762939453 9 -27.045976638793945
v 45.847095489501953 9 -25.945978164672852
v 45.847095489501953 9 -27.045976638793945
v 45.086048126220703 9 -25.945978164672852
v 45.086048126220703 9 -27.045976638793945
v 45.847095489501953 12 -25.945978164672852
v 44.325000762939453 12 -25.945978164672852
v 44.325000762939453 10.5 -25.945978164672852
v 45.086048126220703 12 -25.945978164672852
v 45.847095489501953 10.5 -25.945978164672852
v 45.847095489501953 12 -27.045976638793945
v 45.847095489501953 10.5 -27.045976638793945
v 44.325000762939453 12 -27.045976638793945
v 45.086048126220703 12 -27.045976638793945
v 44.325000762939453 10.5 -27.045976638793945
f 2613 2617 2615 2614 2616 2612
f 2616 2614 2622 2618 2621 2619 2620 2612
f 2622 2614 2615 2624 2623 2618
f 2617 2613 2627 2625 2626 2623 2624 2615
f 2627 2613 2612 2620 2619 2625
f 2625 2619 2621 2618 2623 2626
g bathroom_38
v 44.325000762939453 9 -24.630142211914062
v 44.325000762939453 9 -25.945978164672852
v 45.847095489501953 9 -24.630142211914062
v 45.847095489501953 9 -25.945978164672852
v 45.086048126220703 9 -24.630142211914062
v 45.847095489501953 9 -25.288061141967773
v 45.086048126220703 9 -25.945978164672852
v 44.325000762939453 9 -25.288061141967773
v 45.847095489501953 12 -24.630142211914062
v 44.325000762939453 12 -24.630142211914062
v 44.325000762939453 10.5 -24.630142211914062
v 45.086048126220703 12 -24.630142211914062
v 45.847095489501953 10.5 -24.630142211914062
v 45.847095489501953 12 -25.945978164672852
v 45.847095489501953 10.5 -25.945978164672852
v 45.847095489501953 12 -25.288061141967773
v 44.325000762939453 12 -25.945978164672852
v 45.086048126220703 12 -25.945978164672852
v 44.325000762939453 10.5 -25.945978164672852
v 44.325000762939453 12 -25.288061141967773
f 2635 2629 2634 2631 2633 2630 2632 2628
f 2632 2630 2640 2636 2639 2637 2638 2628
f 2633 2631 2642 2641 2643 2636 2640 2630
f 2634 2629 2646 2644 2645 2641 2642 2631
f 2635 2628 2638 2637 2647 2644 2646 2629
f 2643 2641 2645 2644 2647 2637 2639 2636
g bathroom_39
v 44.325000762939453 12 -24.630142211914062
v 44.325000762939453 12 -27.045976638793945
v 45.243293762207031 12 -24.630142211914062
v 45.243293762207031 12 -27.045976638793945
v 45.243293762207031 12 -25.83806037902832
v 44.325000762939453 12 -25.83806037902832
v 45.243293762207031 15 -24.630142211914062
v 44.325000762939453 15 -24.630142211914062
v 44.325000762939453 13.5 -24.630142211914062
v 45.243293762207031 13.5 -24.630142211914062
v 45.243293762207031 15 -27.045976638793945
v 45.243293762207031 15 -25.83806037902832
v 45.243293762207031 13.5 -27.045976638793945
v 44.325000762939453 15 -27.045976638793945
v 44.325000762939453 13.5 -27.045976638793945
v 44.325000762939453 15 -25.83806037902832
f 2652 2650 2648 2653 2649 2651
f 2656 2648 2650 2657 2654 2655
f 2652 2651 2660 2658 2659 2654 2657 2650
f 2660 2651 2649 2662 2661 2658
f 2653 2648 2656 2655 2663 2661 2662 2649
f 2663 2655 2654 2659 2658 2661
g bathroom_40
v 44.325000762939453 6 -24.630142211914062
v 44.325000762939453 6 -27.045976638793945
v 45.239883422851562 6 -24.630142211914062
v 45.239883422851562 6 -27.045976638793945
v 45.239883422851562 6 -25.83806037902832
v 44.325000762939453 6 -25.83806037902832
v 45.239883422851562 9 -24.630142211914062
v 44.325000762939453 9 -24.630142211914062
v 44.325000762939453 7.5 -24.630142211914062
v 45.239883422851562 7.5 -24.630142211914062
v 45.239883422851562 9 -27.045976638793945
v 45.239883422851562 9 -25.83806037902832
v 45.239883422851562 7.5 -27.045976638793945
v 44.325000762939453 9 -27.045976638793945
v 44.325000762939453 7.5 -27.045976638793945
v 44.325000762939453 9 -25.83806037902832
f 2668 2666 2664 2669 2665 2667
f 2672 2664 2666 2673 2670 2671
f 2668 2667 2676 2674 2675 2670 2673 2666
f 2676 2667 2665 2678 2677 2674
f 2672 2671 2679 2677 2678 2665 2669 2664
f 2679 2671 2670 2675 2674 2677
g stairs_28
v 45.847095489501953 15 -29.198776245117188
v 45.847095489501953 15 -27.045976638793945
v 46.673027038574219 15 -29.198776245117188
v 46.673027038574219 15 -27.045976638793945
v 45.847095489501953 15 -28.122377395629883
v 46.673027038574219 15 -28.122377395629883
v 45.847095489501953 9 -27.045976638793945
v 45.847095489501953 9 -29.198776245117188
v 46.673027038574219 9 -27.045976638793945
v 46.673027038574219 9 -29.198776245117188
v 46.673027038574219 9 -28.122377395629883
v 45.847095489501953 9 -28.122377395629883
v 45.847095489501953 13 -27.045976638793945
v 45.847095489501953 11 -27.045976638793945
v 46.673027038574219 11 -27.045976638793945
v 46.673027038574219 13 -27.045976638793945
v 45.847095489501953 13 -29.198776245117188
v 45.847095489501953 11 -29.198776245117188
v 46.673027038574219 13 -29.198776245117188
v 46.673027038574219 11 -29.198776245117188
f 2685 2682 2680 2684 2681 2683
f 2690 2688 2686 2691 2687 2689
f 2693 2686 2688 2694 2695 2683 2681 2692
f 2697 2687 2691 2686 2693 2692 2681 2684 2680 2696
f 2699 2689 2687 2697 2696 2680 2682 2698
f 2695 2694 2688 2690 2689 2699 2698 2682 2685 2683
g stairs_29
v 46.673027038574219 11.199999809265137 -29.198776245117188
v 46.673027038574219 11.199999809265137 -27.045976638793945
v 47.724998474121094 11.199999809265137 -29.198776245117188
v 47.724998474121094 11.199999809265137 -27.045976638793945
v 46.673027038574219 11.199999809265137 -28.122377395629883
v 47.724998474121094 11.199999809265137 -28.122377395629883
v 46.673027038574219 15 -27.045976638793945
v 47.724998474121094 15 -27.045976638793945
v 47.724998474121094 13.100000381469727 -27.045976638793945
v 46.673027038574219 13.100000381469727 -27.045976638793945
v 46.673027038574219 15 -29.198776245117188
v 46.673027038574219 15 -28.122377395629883
v 46.673027038574219 13.100000381469727 -29.198776245117188
v 47.724998474121094 15 -29.198776245117188
v 47.724998474121094 13.100000381469727 -29.198776245117188
v 47.724998474121094 15 -28.122377395629883
f 2704 2700 2702 2705 2703 2701
f 2709 2701 2703 2708 2707 2706
f 2712 2700 2704 2701 2709 2706 2711 2710
f 2714 2702 2700 2712 2710 2713
f 2715 2707 2708 2703 2705 2702 2714 2713
f 2715 2713 2710 2711 2706 2707
g stairs_30
v 46.673027038574219 11.199999809265137 -27.045976638793945
v 46.673027038574219 11.199999809265137 -31.351573944091797
v 47.724998474121094 11.199999809265137 -27.045976638793945
v 47.724998474121094 11.199999809265137 -31.351573944091797
v 47.724998474121094 11.199999809265137 -29.198776245117188
v 46.673027038574219 11.199999809265137 -29.198776245117188
v 46.673027038574219 6 -27.045976638793945
v 46.673027038574219 6 -31.351573944091797
v 47.724998474121094 6 -27.045976638793945
v 47.724998474121094 6 -31.351573944091797
v 47.724998474121094 6 -29.198776245117188
v 46.673027038574219 6 -29.198776245117188
v 46.673027038574219 8.6000003814697266 -27.045976638793945
v 47.724998474121094 8.6000003814697266 -27.045976638793945
v 47.724998474121094 8.6000003814697266 -31.351573944091797
v 46.673027038574219 8.6000003814697266 -31.351573944091797
f 2721 2716 2718 2720 2719 2717
f 2726 2724 2722 2727 2723 2725
f 2728 2722 2724 2729 2718 2716
f 2730 2719 2720 2718 2729 2724 2726 2725
f 2730 2725 2723 2731 2717 2719
f 2727 2722 2728 2716 2721 2717 2731 2723
g corridor_20
v 45.847095489501953 9 -24.630142211914062
v 45.847095489501953 9 -27.045976638793945
v 46.673027038574219 9 -24.630142211914062
v 46.673027038574219 9 -27.045976638793945
v 46.673027038574219 9 -25.83806037902832
v 45.847095489501953 9 -25.83806037902832
v 46.673027038574219 12 -24.630142211914062
v 45.847095489501953 12 -24.630142211914062
v 45.847095489501953 10.5 -24.630142211914062
v 46.673027038574219 10.5 -24.630142211914062
v 46.673027038574219 12 -27.045976638793945
v 46.673027038574219 12 -25.83806037902832
v 46.673027038574219 10.5 -27.045976638793945
v 45.847095489501953 12 -27.045976638793945
v 45.847095489501953 10.5 -27.045976638793945
v 45.847095489501953 12 -25.83806037902832
f 2736 2734 2732 2737 2733 2735
f 2740 2732 2734 2741 2738 2739
f 2736 2735 2744 2742 2743 2738 2741 2734
f 2744 2735 2733 2746 2745 2742
f 2737 2732 2740 2739 2747 2745 2746 2733
f 2747 2739 2738 2743 2742 2745
g corridor_21
v 46.673027038574219 9 -24.630142211914062
v 46.673027038574219 9 -27.045976638793945
v 47.724998474121094 9 -24.630142211914062
v 47.724998474121094 9 -27.045976638793945
v 47.724998474121094 9 -25.83806037902832
v 46.673027038574219 9 -25.83806037902832
v 47.724998474121094 12 -24.630142211914062
v 46.673027038574219 12 -24.630142211914062
v 46.673027038574219 10.5 -24.630142211914062
v 47.724998474121094 10.5 -24.630142211914062
v 47.724998474121094 12 -27.045976638793945
v 47.724998474121094 12 -25.83806037902832
v 47.724998474121094 10.5 -27.045976638793945
v 46.673027038574219 12 -27.045976638793945
v 46.673027038574219 10.5 -27.045976638793945
v 46.673027038574219 12 -25.83806037902832
f 2752 2750 2748 2753 2749 2751
f 2756 2748 2750 2757 2754 2755
f 2752 2751 2760 2758 2759 2754 2757 2750
f 2760 2751 2749 2762 2761 2758
f 2753 2748 2756 2755 2763 2761 2762 2749
f 2763 2755 2754 2759 2758 2761
g bedroom_19
v 44.325000762939453 12 -24.630142211914062
v 44.325000762939453 12 -23.388059616088867
v 44.325000762939453 12 -22.145977020263672
v 46.025001525878906 12 -22.145977020263672
v 47.724998474121094 12 -22.145977020263672
v 47.724998474121094 12 -24.595977783203125
v 47.724998474121094 12 -27.045976638793945
v 46.484146118164062 12 -27.045976638793945
v 45.243293762207031 12 -27.045976638793945
v 45.243293762207031 12 -25.83806037902832
v 45.243293762207031 12 -24.630142211914062
v 44.325000762939453 15 -22.145977020263672
v 44.325000762939453 15 -24.630142211914062
v 44.325000762939453 13.5 -24.630142211914062
v 44.325000762939453 15 -23.388059616088867
v 44.325000762939453 13.5 -22.145977020263672
v 47.724998474121094 15 -22.145977020263672
v 46.025001525878906 15 -22.145977020263672
v 47.724998474121094 13.5 -22.145977020263672
v 47.724998474121094 15 -27.045976638793945
v 47.724998474121094 15 -24.595977783203125
v 47.724998474121094 13.5 -27.045976638793945
v 45.243293762207031 15 -27.045976638793945
v 46.484146118164062 15 -27.045976638793945
v 45.243293762207031 13.5 -27.045976638793945
v 45.243293762207031 15 -24.630142211914062
v 45.243293762207031 15 -25.83806037902832
v 45.243293762207031 13.5 -24.630142211914062
f 2765 2764 2774 2773 2772 2771 2770 2769 2768 2767 2766
f 2765 2766 2779 2775 2778 2776 2777 2764
f 2767 2768 2782 2780 2781 2775 2779 2766
f 2769 2770 2785 2783 2784 2780 2782 2768
f 2771 2772 2788 2786 2787 2783 2785 2770
f 2773 2774 2791 2789 2790 2786 2788 2772
f 2791 2774 2764 2777 2776 2789
f 2789 2776 2778 2775 2781 2780 2784 2783 2787 2786 2790
g bedroom_20
v 44.325000762939453 6 -22.145977020263672
v 47.724998474121094 6 -27.045976638793945
v 47.724998474121094 6 -22.145977020263672
v 47.724998474121094 6 -24.595977783203125
v 46.025001525878906 6 -22.145977020263672
v 44.325000762939453 6 -23.388059616088867
v 44.325000762939453 6 -24.630142211914062
v 45.239883422851562 6 -24.630142211914062
v 45.239883422851562 6 -25.83806037902832
v 45.239883422851562 6 -27.045976638793945
v 46.482440948486328 6 -27.045976638793945
v 47.724998474121094 9 -22.145977020263672
v 47.724998474121094 9 -27.045976638793945
v 47.724998474121094 7.5 -27.045976638793945
v 47.724998474121094 9 -24.595977783203125
v 47.724998474121094 7.5 -22.145977020263672
v 44.325000762939453 9 -22.145977020263672
v 46.025001525878906 9 -22.145977020263672
v 44.325000762939453 7.5 -22.145977020263672
v 44.325000762939453 9 -24.630142211914062
v 44.325000762939453 9 -23.388059616088867
v 44.325000762939453 7.5 -24.630142211914062
v 45.239883422851562 9 -24.630142211914062
v 45.239883422851562 7.5 -24.630142211914062
v 45.239883422851562 9 -27.045976638793945
v 45.239883422851562 9 -25.83806037902832
v 45.239883422851562 7.5 -27.045976638793945
v 46.482440948486328 9 -27.045976638793945
f 2800 2801 2802 2793 2795 2794 2796 2792 2797 2798 2799
f 2805 2804 2806 2803 2807 2794 2795 2793
f 2810 2792 2796 2794 2807 2803 2809 2808
f 2813 2798 2797 2792 2810 2808 2812 2811
f 2815 2799 2798 2813 2811 2814
f 2818 2801 2800 2799 2815 2814 2817 2816
f 2805 2793 2802 2801 2818 2816 2819 2804
f 2819 2816 2817 2814 2811 2812 2808 2809 2803 2806 2804
g kitchen_19
v 47.724998474121094 6 -31.351573944091797
v 47.724998474121094 11.199999809265137 -31.351573944091797
v 50.073028564453125 6 -31.351573944091797
v 50.073028564453125 11.199999809265137 -31.351573944091797
v 50.073028564453125 8.6000003814697266 -31.351573944091797
v 47.724998474121094 8.6000003814697266 -31.351573944091797
v 47.724998474121094 6 -27.045976638793945
v 50.073028564453125 6 -27.045976638793945
v 50.073028564453125 6 -29.198776245117188
v 47.724998474121094 6 -29.198776245117188
v 50.073028564453125 9 -27.045976638793945
v 50.073028564453125 9 -28.122377395629883
v 50.073028564453125 9 -29.198776245117188
v 50.073028564453125 11.199999809265137 -29.198776245117188
v 50.073028564453125 10.100000381469727 -29.198776245117188
v 49.247093200683594 9 -29.198776245117188
v 49.247093200683594 11.199999809265137 -29.198776245117188
v 49.247093200683594 9 -27.045976638793945
v 49.247093200683594 11.199999809265137 -27.045976638793945
v 49.247093200683594 10.100000381469727 -27.045976638793945
v 49.247093200683594 11.199999809265137 -28.122377395629883
v 49.247093200683594 9 -28.122377395629883
v 49.247093200683594 10.100000381469727 -29.198776245117188
v 47.724998474121094 11.199999809265137 -27.045976638793945
v 47.724998474121094 8.6000003814697266 -27.045976638793945
v 47.724998474121094 11.199999809265137 -29.198776245117188
f 2824 2822 2820 2825 2821 2823
f 2828 2827 2826 2829 2820 2822
f 2828 2822 2824 2823 2833 2834 2832 2831 2830 2827
f 2842 2836 2840 2838 2839 2837 2841 2835
f 2841 2837 2830 2831 2832 2835
f 2842 2835 2832 2834 2833 2836
f 2827 2830 2837 2839 2838 2843 2844 2826
f 2829 2826 2844 2843 2845 2821 2825 2820
f 2840 2836 2833 2823 2821 2845 2843 2838
g kitchen_20
v 47.724998474121094 11.199999809265137 -27.045976638793945
v 47.724998474121094 15 -27.045976638793945
v 49.247093200683594 11.199999809265137 -27.045976638793945
v 49.247093200683594 15 -27.045976638793945
v 49.247093200683594 13.100000381469727 -27.045976638793945
v 47.724998474121094 13.100000381469727 -27.045976638793945
v 49.247093200683594 11.199999809265137 -29.198776245117188
v 49.247093200683594 15 -29.198776245117188
v 49.247093200683594 13.100000381469727 -29.198776245117188
v 51.125 11.199999809265137 -31.351573944091797
v 51.125 15 -31.351573944091797
v 47.724998474121094 11.199999809265137 -31.351573944091797
v 47.724998474121094 15 -31.351573944091797
v 49.424999237060547 11.199999809265137 -31.351573944091797
v 47.724998474121094 13.100000381469727 -31.351573944091797
v 49.424999237060547 15 -31.351573944091797
v 51.125 13.100000381469727 -31.351573944091797
v 51.125 11.199999809265137 -29.198776245117188
v 51.125 15 -29.198776245117188
v 51.125 13.100000381469727 -29.198776245117188
v 47.724998474121094 11.199999809265137 -29.198776245117188
v 47.724998474121094 15 -29.198776245117188
f 2851 2846 2848 2850 2849 2847
f 2850 2848 2852 2854 2853 2849
f 2862 2855 2859 2857 2860 2858 2861 2856
f 2865 2863 2855 2862 2856 2864
f 2865 2864 2853 2854 2852 2863
f 2866 2857 2859 2855 2863 2852 2848 2846
f 2860 2857 2866 2846 2851 2847 2867 2858
f 2858 2867 2847 2849 2853 2864 2856 2861
g bathroom_41
v 47.724998474121094 9 -25.945978164672852
v 47.724998474121094 9 -27.045976638793945
v 49.247093200683594 9 -25.945978164672852
v 49.247093200683594 9 -27.045976638793945
v 48.486045837402344 9 -25.945978164672852
v 48.486045837402344 9 -27.045976638793945
v 49.247093200683594 12 -25.945978164672852
v 47.724998474121094 12 -25.945978164672852
v 47.724998474121094 10.5 -25.945978164672852
v 48.486045837402344 12 -25.945978164672852
v 49.247093200683594 10.5 -25.945978164672852
v 49.247093200683594 12 -27.045976638793945
v 49.247093200683594 10.5 -27.045976638793945
v 47.724998474121094 12 -27.045976638793945
v 48.486045837402344 12 -27.045976638793945
v 47.724998474121094 10.5 -27.045976638793945
f 2869 2873 2871 2870 2872 2868
f 2872 2870 2878 2874 2877 2875 2876 2868
f 2878 2870 2871 2880 2879 2874
f 2873 2869 2883 2881 2882 2879 2880 2871
f 2883 2869 2868 2876 2875 2881
f 2881 2875 2877 2874 2879 2882
g bathroom_42
v 47.724998474121094 9 -24.630142211914062
v 47.724998474121094 9 -25.945978164672852
v 49.247093200683594 9 -24.630142211914062
v 49.247093200683594 9 -25.945978164672852
v 48.486045837402344 9 -24.630142211914062
v 49.247093200683594 9 -25.288061141967773
v 48.486045837402344 9 -25.945978164672852
v 47.724998474121094 9 -25.288061141967773
v 49.247093200683594 12 -24.630142211914062
v 47.724998474121094 12 -24.630142211914062
v 47.724998474121094 10.5 -24.630142211914062
v 48.486045837402344 12 -24.630142211914062
v 49.247093200683594 10.5 -24.630142211914062
v 49.247093200683594 12 -25.945978164672852
v 49.247093200683594 10.5 -25.945978164672852
v 49.247093200683594 12 -25.288061141967773
v 47.724998474121094 12 -25.945978164672852
v 48.486045837402344 12 -25.945978164672852
v 47.724998474121094 10.5 -25.945978164672852
v 47.724998474121094 12 -25.288061141967773
f 2891 2885 2890 2887 2889 2886 2888 2884
f 2888 2886 2896 2892 2895 2893 2894 2884
f 2889 2887 2898 2897 2899 2892 2896 2886
f 2890 2885 2902 2900 2901 2897 2898 2887
f 2891 2884 2894 2893 2903 2900 2902 2885
f 2899 2897 2901 2900 2903 2893 2895 2892
g bathroom_43
v 47.724998474121094 12 -24.630142211914062
v 47.724998474121094 12 -27.045976638793945
v 48.643291473388672 12 -24.630142211914062
v 48.643291473388672 12 -27.045976638793945
v 48.643291473388672 12 -25.83806037902832
v 47.724998474121094 12 -25.83806037902832
v 48.643291473388672 15 -24.630142211914062
v 47.724998474121094 15 -24.630142211914062
v 47.724998474121094 13.5 -24.630142211914062
v 48.643291473388672 13.5 -24.630142211914062
v 48.643291473388672 15 -27.045976638793945
v 48.643291473388672 15 -25.83806037902832
v 48.643291473388672 13.5 -27.045976638793945
v 47.724998474121094 15 -27.045976638793945
v 47.724998474121094 13.5 -27.045976638793945
v 47.724998474121094 15 -25.83806037902832
f 2908 2906 2904 2909 2905 2907
f 2912 2904 2906 2913 2910 2911
f 2908 2907 2916 2914 2915 2910 2913 2906
f 2916 2907 2905 2918 2917 2914
f 2909 2904 2912 2911 2919 2917 2918 2905
f 2919 2911 2910 2915 2914 2917
g bathroom_44
v 47.724998474121094 6 -24.630142211914062
v 47.724998474121094 6 -27.045976638793945
v 48.639884948730469 6 -24.630142211914062
v 48.639884948730469 6 -27.045976638793945
v 48.639884948730469 6 -25.83806037902832
v 47.724998474121094 6 -25.83806037902832
v 48.639884948730469 9 -24.630142211914062
v 47.724998474121094 9 -24.630142211914062
v 47.724998474121094 7.5 -24.630142211914062
v 48.639884948730469 7.5 -24.630142211914062
v 48.639884948730469 9 -27.045976638793945
v 48.639884948730469 9 -25.83806037902832
v 48.639884948730469 7.5 -27.045976638793945
v 47.724998474121094 9 -27.045976638793945
v 47.724998474121094 7.5 -27.045976638793945
v 47.724998474121094 9 -25.83806037902832
f 2924 2922 2920 2925 2921 2923
f 2928 2920 2922 2929 2926 2927
f 2924 2923 2932 2930 2931 2926 2929 2922
f 2932 2923 2921 2934 2933 2930
f 2928 2927 2935 2933 2934 2921 2925 2920
f 2935 2927 2926 2931 2930 2933
g stairs_31
v 49.247093200683594 15 -29.198776245117188
v 49.247093200683594 15 -27.045976638793945
v 50.073028564453125 15 -29.198776245117188
v 50.073028564453125 15 -27.045976638793945
v 49.247093200683594 15 -28.122377395629883
v 50.073028564453125 15 -28.122377395629883
v 49.247093200683594 9 -27.045976638793945
v 49.247093200683594 9 -29.198776245117188
v 50.073028564453125 9 -27.045976638793945
v 50.073028564453125 9 -29.198776245117188
v 50.073028564453125 9 -28.122377395629883
v 49.247093200683594 9 -28.122377395629883
v 49.247093200683594 13 -27.045976638793945
v 49.247093200683594 11 -27.045976638793945
v 50.073028564453125 11 -27.045976638793945
v 50.073028564453125 13 -27.045976638793945
v 49.247093200683594 13 -29.198776245117188
v 49.247093200683594 11 -29.198776245117188
v 50.073028564453125 13 -29.198776245117188
v 50.073028564453125 11 -29.198776245117188
f 2941 2938 2936 2940 2937 2939
f 2946 2944 2942 2947 2943 2945
f 2949 2942 2944 2950 2951 2939 2937 2948
f 2953 2943 2947 2942 2949 2948 2937 2940 2936 2952
f 2955 2945 2943 2953 2952 2936 2938 2954
f 2951 2950 2944 2946 2945 2955 2954 2938 2941 2939
g stairs_32
v 50.073028564453125 11.199999809265137 -29.198776245117188
v 50.073028564453125 11.199999809265137 -27.045976638793945
v 51.125 11.199999809265137 -29.198776245117188
v 51.125 11.199999809265137 -27.045976638793945
v 50.073028564453125 11.199999809265137 -28.122377395629883
v 51.125 11.199999809265137 -28.122377395629883
v 50.073028564453125 15 -27.045976638793945
v 51.125 15 -27.045976638793945
v 51.125 13.100000381469727 -27.045976638793945
v 50.073028564453125 13.100000381469727 -27.045976638793945
v 50.073028564453125 15 -29.198776245117188
v 50.073028564453125 15 -28.122377395629883
v 50.073028564453125 13.100000381469727 -29.198776245117188
v 51.125 15 -29.198776245117188
v 51.125 13.100000381469727 -29.198776245117188
v 51.125 15 -28.122377395629883
f 2960 2956 2958 2961 2959 2957
f 2965 2957 2959 2964 2963 2962
f 2968 2956 2960 2957 2965 2962 2967 2966
f 2970 2958 2956 2968 2966 2969
f 2971 2963 2964 2959 2961 2958 2970 2969
f 2971 2969 2966 2967 2962 2963
g stairs_33
v 50.073028564453125 11.199999809265137 -27.045976638793945
v 50.073028564453125 11.199999809265137 -31.351573944091797
v 51.125 11.199999809265137 -27.045976638793945
v 51.125 11.199999809265137 -31.351573944091797
v 51.125 11.199999809265137 -29.198776245117188
v 50.073028564453125 11.199999809265137 -29.198776245117188
v 50.073028564453125 6 -27.045976638793945
v 50.073028564453125 6 -31.351573944091797
v 51.125 6 -27.045976638793945
v 51.125 6 -31.351573944091797
v 51.125 6 -29.198776245117188
v 50.073028564453125 6 -29.198776245117188
v 51.125 8.6000003814697266 -27.045976638793945
v 50.073028564453125 8.6000003814697266 -27.045976638793945
v 51.125 8.6000003814697266 -31.351573944091797
v 50.073028564453125 8.6000003814697266 -31.351573944091797
f 2977 2972 2974 2976 2975 2973
f 2982 2980 2978 2983 2979 2981
f 2985 2978 2980 2984 2974 2972
f 2986 2975 2976 2974 2984 2980 2982 2981
f 2986 2981 2979 2987 2973 2975
f 2983 2978 2985 2972 2977 2973 2987 2979
g corridor_22
v 49.247093200683594 9 -24.630142211914062
v 49.247093200683594 9 -27.045976638793945
v 50.073028564453125 9 -24.630142211914062
v 50.073028564453125 9 -27.045976638793945
v 50.073028564453125 9 -25.83806037902832
v 49.247093200683594 9 -25.83806037902832
v 50.073028564453125 12 -24.630142211914062
v 49.247093200683594 12 -24.630142211914062
v 49.247093200683594 10.5 -24.630142211914062
v 50.073028564453125 10.5 -24.630142211914062
v 50.073028564453125 12 -27.045976638793945
v 50.073028564453125 12 -25.83806037902832
v 50.073028564453125 10.5 -27.045976638793945
v 49.247093200683594 12 -27.045976638793945
v 49.247093200683594 10.5 -27.045976638793945
v 49.247093200683594 12 -25.83806037902832
f 2992 2990 2988 2993 2989 2991
f 2996 2988 2990 2997 2994 2995
f 2992 2991 3000 2998 2999 2994 2997 2990
f 3000 2991 2989 3002 3001 2998
f 2993 2988 2996 2995 3003 3001 3002 2989
f 3003 2995 2994 2999 2998 3001
g corridor_23
v 50.073028564453125 9 -24.630142211914062
v 50.073028564453125 9 -27.045976638793945
v 51.125 9 -24.630142211914062
v 51.125 9 -27.045976638793945
v 51.125 9 -25.83806037902832
v 50.073028564453125 9 -25.83806037902832
v 51.125 12 -24.630142211914062
v 50.073028564453125 12 -24.630142211914062
v 50.073028564453125 10.5 -24.630142211914062
v 51.125 10.5 -24.630142211914062
v 51.125 12 -27.045976638793945
v 51.125 12 -25.83806037902832
v 51.125 10.5 -27.045976638793945
v 50.073028564453125 12 -27.045976638793945
v 50.073028564453125 10.5 -27.045976638793945
v 50.073028564453125 12 -25.83806037902832
f 3008 3006 3004 3009 3005 3007
f 3012 3004 3006 3013 3010 3011
f 3008 3007 3016 3014 3015 3010 3013 3006
f 3016 3007 3005 3018 3017 3014
f 3009 3004 3012 3011 3019 3017 3018 3005
f 3019 3011 3010 3015 3014 3017
g bedroom_21
v 47.724998474121094 12 -24.630142211914062
v 47.724998474121094 12 -23.388059616088867
v 47.724998474121094 12 -22.145977020263672
v 49.424999237060547 12 -22.145977020263672
v 51.125 12 -22.145977020263672
v 51.125 12 -24.595977783203125
v 51.125 12 -27.045976638793945
v 49.884147644042969 12 -27.045976638793945
v 48.643291473388672 12 -27.045976638793945
v 48.643291473388672 12 -25.83806037902832
v 48.643291473388672 12 -24.630142211914062
v 47.724998474121094 15 -22.145977020263672
v 47.724998474121094 15 -24.630142211914062
v 47.724998474121094 13.5 -24.630142211914062
v 47.724998474121094 15 -23.388059616088867
v 47.724998474121094 13.5 -22.145977020263672
v 51.125 15 -22.145977020263672
v 49.424999237060547 15 -22.145977020263672
v 51.125 13.5 -22.145977020263672
v 51.125 15 -27.045976638793945
v 51.125 15 -24.595977783203125
v 51.125 13.5 -27.045976638793945
v 48.643291473388672 15 -27.045976638793945
v 49.884147644042969 15 -27.045976638793945
v 48.643291473388672 13.5 -27.045976638793945
v 48.643291473388672 15 -24.630142211914062
v 48.643291473388672 15 -25.83806037902832
v 48.643291473388672 13.5 -24.630142211914062
f 3021 3020 3030 3029 3028 3027 3026 3025 3024 3023 3022
f 3021 3022 3035 3031 3034 3032 3033 3020
f 3023 3024 3038 3036 3037 3031 3035 3022
f 3025 3026 3041 3039 3040 3036 3038 3024
f 3027 3028 3044 3042 3043 3039 3041 3026
f 3029 3030 3047 3045 3046 3042 3044 3028
f 3047 3030 3020 3033 3032 3045
f 3045 3032 3034 3031 3037 3036 3040 3039 3043 3042 3046
g bedroom_22
v 47.724998474121094 6 -22.145977020263672
v 51.125 6 -27.045976638793945
v 51.125 6 -22.145977020263672
v 51.125 6 -24.595977783203125
v 49.424999237060547 6 -22.145977020263672
v 47.724998474121094 6 -23.388059616088867
v 47.724998474121094 6 -24.630142211914062
v 48.639884948730469 6 -24.630142211914062
v 48.639884948730469 6 -25.83806037902832
v 48.639884948730469 6 -27.045976638793945
v 49.882442474365234 6 -27.045976638793945
v 51.125 9 -22.145977020263672
v 51.125 9 -27.045976638793945
v 51.125 7.5 -27.045976638793945
v 51.125 9 -24.595977783203125
v 51.125 7.5 -22.145977020263672
v 47.724998474121094 9 -22.145977020263672
v 49.424999237060547 9 -22.145977020263672
v 47.724998474121094 7.5 -22.145977020263672
v 47.724998474121094 9 -24.630142211914062
v 47.724998474121094 9 -23.388059616088867
v 47.724998474121094 7.5 -24.630142211914062
v 48.639884948730469 9 -24.630142211914062
v 48.639884948730469 7.5 -24.630142211914062
v 48.639884948730469 9 -27.045976638793945
v 48.639884948730469 9 -25.83806037902832
v 48.639884948730469 7.5 -27.045976638793945
v 49.882442474365234 9 -27.045976638793945
f 3056 3057 3058 3049 3051 3050 3052 3048 3053 3054 3055
f 3061 3060 3062 3059 3063 3050 3051 3049
f 3066 3048 3052 3050 3063 3059 3065 3064
f 3069 3054 3053 3048 3066 3064 3068 3067
f 3071 3055 3054 3069 3067 3070
f 3074 3057 3056 3055 3071 3070 3073 3072
f 3061 3049 3058 3057 3074 3072 3075 3060
f 3075 3072 3073 3070 3067 3068 3064 3065 3059 3062 3060
g kitchen_21
v 51.125 6 -31.351573944091797
v 51.125 11.199999809265137 -31.351573944091797
v 53.473026275634766 6 -31.351573944091797
v 53.473026275634766 11.199999809265137 -31.351573944091797
v 53.473026275634766 8.6000003814697266 -31.351573944091797
v 51.125 8.6000003814697266 -31.351573944091797
v 51.125 6 -27.045976638793945
v 53.473026275634766 6 -27.045976638793945
v 53.473026275634766 6 -29.198776245117188
v 51.125 6 -29.198776245117188
v 53.473026275634766 9 -27.045976638793945
v 53.473026275634766 9 -28.122377395629883
v 53.473026275634766 9 -29.198776245117188
v 53.473026275634766 11.199999809265137 -29.198776245117188
v 53.473026275634766 10.100000381469727 -29.198776245117188
v 52.6470947265625 9 -29.198776245117188
v 52.6470947265625 11.199999809265137 -29.198776245117188
v 52.6470947265625 9 -27.045976638793945
v 52.6470947265625 11.199999809265137 -27.045976638793945
v 52.6470947265625 10.100000381469727 -27.045976638793945
v 52.6470947265625 11.199999809265137 -28.122377395629883
v 52.6470947265625 9 -28.122377395629883
v 52.6470947265625 10.100000381469727 -29.198776245117188
v 51.125 11.199999809265137 -27.045976638793945
v 51.125 8.6000003814697266 -27.045976638793945
v 51.125 11.199999809265137 -29.198776245117188
f 3080 3078 3076 3081 3077 3079
f 3084 3083 3082 3085 3076 3078
f 3084 3078 3080 3079 3089 3090 3088 3087 3086 3083
f 3098 3092 3096 3094 3095 3093 3097 3091
f 3097 3093 3086 3087 3088 3091
f 3098 3091 3088 3090 3089 3092
f 3083 3086 3093 3095 3094 3099 3100 3082
f 3085 3082 3100 3099 3101 3077 3081 3076
f 3096 3092 3089 3079 3077 3101 3099 3094
g kitchen_22
v 51.125 11.199999809265137 -27.045976638793945
v 51.125 15 -27.045976638793945
v 52.6470947265625 11.199999809265137 -27.045976638793945
v 52.6470947265625 15 -27.045976638793945
v 52.6470947265625 13.100000381469727 -27.045976638793945
v 51.125 13.100000381469727 -27.045976638793945
v 52.6470947265625 11.199999809265137 -29.198776245117188
v 52.6470947265625 15 -29.198776245117188
v 52.6470947265625 13.100000381469727 -29.198776245117188
v 54.525001525878906 11.199999809265137 -31.351573944091797
v 54.525001525878906 15 -31.351573944091797
v 51.125 11.199999809265137 -31.351573944091797
v 51.125 15 -31.351573944091797
v 52.825000762939453 11.199999809265137 -31.351573944091797
v 51.125 13.100000381469727 -31.351573944091797
v 52.825000762939453 15 -31.351573944091797
v 54.525001525878906 13.100000381469727 -31.351573944091797
v 54.525001525878906 11.199999809265137 -29.198776245117188
v 54.525001525878906 15 -29.198776245117188
v 54.525001525878906 13.100000381469727 -29.198776245117188
v 51.125 11.199999809265137 -29.198776245117188
v 51.125 15 -29.198776245117188
f 3107 3102 3104 3106 3105 3103
f 3106 3104 3108 3110 3109 3105
f 3118 3111 3115 3113 3116 3114 3117 3112
f 3121 3119 3111 3118 3112 3120
f 3121 3120 3109 3110 3108 3119
f 3122 3113 3115 3111 3119 3108 3104 3102
f 3116 3113 3122 3102 3107 3103 3123 3114
f 3114 3123 3103 3105 3109 3120 3112 3117
g bathroom_45
v 51.125 9 -25.945978164672852
v 51.125 9 -27.045976638793945
v 52.6470947265625 9 -25.945978164672852
v 52.6470947265625 9 -27.045976638793945
v 51.88604736328125 9 -25.945978164672852
v 51.88604736328125 9 -27.045976638793945
v 52.6470947265625 12 -25.945978164672852
v 51.125 12 -25.945978164672852
v 51.125 10.5 -25.945978164672852
v 51.88604736328125 12 -25.945978164672852
v 52.6470947265625 10.5 -25.945978164672852
v 52.6470947265625 12 -27.045976638793945
v 52.6470947265625 10.5 -27.045976638793945
v 51.125 12 -27.045976638793945
v 51.88604736328125 12 -27.045976638793945
v 51.125 10.5 -27.045976638793945
f 3125 3129 3127 3126 3128 3124
f 3128 3126 3134 3130 3133 3131 3132 3124
f 3134 3126 3127 3136 3135 3130
f 3129 3125 3139 3137 3138 3135 3136 3127
f 3139 3125 3124 3132 3131 3137
f 3137 3131 3133 3130 3135 3138
g bathroom_46
v 51.125 9 -24.630142211914062
v 51.125 9 -25.945978164672852
v 52.6470947265625 9 -24.630142211914062
v 52.6470947265625 9 -25.945978164672852
v 51.88604736328125 9 -24.630142211914062
v 52.6470947265625 9 -25.288061141967773
v 51.88604736328125 9 -25.945978164672852
v 51.125 9 -25.288061141967773
v 52.6470947265625 12 -24.630142211914062
v 51.125 12 -24.630142211914062
v 51.125 10.5 -24.630142211914062
v 51.88604736328125 12 -24.630142211914062
v 52.6470947265625 10.5 -24.630142211914062
v 52.6470947265625 12 -25.945978164672852
v 52.6470947265625 10.5 -25.945978164672852
v 52.6470947265625 12 -25.288061141967773
v 51.125 12 -25.945978164672852
v 51.88604736328125 12 -25.945978164672852
v 51.125 10.5 -25.945978164672852
v 51.125 12 -25.288061141967773
f 3147 3141 3146 3143 3145 3142 3144 3140
f 3144 3142 3152 3148 3151 3149 3150 3140
f 3145 3143 3154 3153 3155 3148 3152 3142
f 3146 3141 3158 3156 3157 3153 3154 3143
f 3147 3140 3150 3149 3159 3156 3158 3141
f 3155 3153 3157 3156 3159 3149 3151 3148
g bathroom_47
v 51.125 12 -24.630142211914062
v 51.125 12 -27.045976638793945
v 52.043292999267578 12 -24.630142211914062
v 52.043292999267578 12 -27.045976638793945
v 52.043292999267578 12 -25.83806037902832
v 51.125 12 -25.83806037902832
v 52.043292999267578 15 -24.630142211914062
v 51.125 15 -24.630142211914062
v 51.125 13.5 -24.630142211914062
v 52.043292999267578 13.5 -24.630142211914062
v 52.043292999267578 15 -27.045976638793945
v 52.043292999267578 15 -25.83806037902832
v 52.043292999267578 13.5 -27.045976638793945
v 51.125 15 -27.045976638793945
v 51.125 13.5 -27.045976638793945
v 51.125 15 -25.83806037902832
f 3164 3162 3160 3165 3161 3163
f 3168 3160 3162 3169 3166 3167
f 3164 3163 3172 3170 3171 3166 3169 3162
f 3172 3163 3161 3174 3173 3170
f 3165 3160 3168 3167 3175 3173 3174 3161
f 3175 3167 3166 3171 3170 3173
g bathroom_48
v 51.125 6 -24.630142211914062
v 51.125 6 -27.045976638793945
v 52.039882659912109 6 -24.630142211914062
v 52.039882659912109 6 -27.045976638793945
v 52.039882659912109 6 -25.83806037902832
v 51.125 6 -25.83806037902832
v 52.039882659912109 9 -24.630142211914062
v 51.125 9 -24.630142211914062
v 51.125 7.5 -24.630142211914062
v 52.039882659912109 7.5 -24.630142211914062
v 52.039882659912109 9 -27.045976638793945
v 52.039882659912109 9 -25.83806037902832
v 52.039882659912109 7.5 -27.045976638793945
v 51.125 9 -27.045976638793945
v 51.125 7.5 -27.045976638793945
v 51.125 9 -25.83806037902832
f 3180 3178 3176 3181 3177 3179
f 3184 3176 3178 3185 3182 3183
f 3180 3179 3188 3186 3187 3182 3185 3178
f 3188 3179 3177 3190 3189 3186
f 3184 3183 3191 3189 3190 3177 3181 3176
f 3191 3183 3182 3187 3186 3189
g stairs_34
v 52.6470947265625 15 -29.198776245117188
v 52.6470947265625 15 -27.045976638793945
v 53.473026275634766 15 -29.198776245117188
v 53.473026275634766 15 -27.045976638793945
v 52.6470947265625 15 -28.122377395629883
v 53.473026275634766 15 -28.122377395629883
v 52.6470947265625 9 -27.045976638793945
v 52.6470947265625 9 -29.198776245117188
v 53.473026275634766 9 -27.045976638793945
v 53.473026275634766 9 -29.198776245117188
v 53.473026275634766 9 -28.122377395629883
v 52.6470947265625 9 -28.122377395629883
v 52.6470947265625 13 -27.045976638793945
v 52.6470947265625 11 -27.045976638793945
v 53.473026275634766 11 -27.045976638793945
v 53.473026275634766 13 -27.045976638793945
v 52.6470947265625 13 -29.198776245117188
v 52.6470947265625 11 -29.198776245117188
v 53.473026275634766 13 -29.198776245117188
v 53.473026275634766 11 -29.198776245117188
f 3197 3194 3192 3196 3193 3195
f 3202 3200 3198 3203 3199 3201
f 3205 3198 3200 3206 3207 3195 3193 3204
f 3209 3199 3203 3198 3205 3204 3193 3196 3192 3208
f 3211 3201 3199 3209 3208 3192 3194 3210
f 3207 3206 3200 3202 3201 3211 3210 3194 3197 3195
g stairs_35
v 53.473026275634766 11.199999809265137 -29.198776245117188
v 53.473026275634766 11.199999809265137 -27.045976638793945
v 54.525001525878906 11.199999809265137 -29.198776245117188
v 54.525001525878906 11.199999809265137 -27.045976638793945
v 53.473026275634766 11.199999809265137 -28.122377395629883
v 54.525001525878906 11.199999809265137 -28.122377395629883
v 53.473026275634766 15 -27.045976638793945
v 54.525001525878906 15 -27.045976638793945
v 54.525001525878906 13.100000381469727 -27.045976638793945
v 53.473026275634766 13.100000381469727 -27.045976638793945
v 53.473026275634766 15 -29.198776245117188
v 53.473026275634766 15 -28.122377395629883
v 53.473026275634766 13.100000381469727 -29.198776245117188
v 54.525001525878906 15 -29.198776245117188
v 54.525001525878906 13.100000381469727 -29.198776245117188
v 54.525001525878906 15 -28.122377395629883
f 3216 3212 3214 3217 3215 3213
f 3221 3213 3215 3220 3219 3218
f 3224 3212 3216 3213 3221 3218 3223 3222
f 3226 3214 3212 3224 3222 3225
f 3227 3219 3220 3215 3217 3214 3226 3225
f 3227 3225 3222 3223 3218 3219
g stairs_36
v 53.473026275634766 11.199999809265137 -27.045976638793945
v 53.473026275634766 11.199999809265137 -31.351573944091797
v 54.525001525878906 11.199999809265137 -27.045976638793945
v 54.525001525878906 11.199999809265137 -31.351573944091797
v 54.525001525878906 11.199999809265137 -29.198776245117188
v 53.473026275634766 11.199999809265137 -29.198776245117188
v 53.473026275634766 6 -27.045976638793945
v 53.473026275634766 6 -31.351573944091797
v 54.525001525878906 6 -27.045976638793945
v 54.525001525878906 6 -31.351573944091797
v 54.525001525878906 6 -29.198776245117188
v 53.473026275634766 6 -29.198776245117188
v 54.525001525878906 8.6000003814697266 -27.045976638793945
v 53.473026275634766 8.6000003814697266 -27.045976638793945
v 54.525001525878906 8.6000003814697266 -31.351573944091797
v 53.473026275634766 8.6000003814697266 -31.351573944091797
f 3233 3228 3230 3232 3231 3229
f 3238 3236 3234 3239 3235 3237
f 3241 3234 3236 3240 3230 3228
f 3242 3231 3232 3230 3240 3236 3238 3237
f 3242 3237 3235 3243 3229 3231
f 3239 3234 3241 3228 3233 3229 3243 3235
g corridor_24
v 52.6470947265625 9 -24.630142211914062
v 52.6470947265625 9 -27.045976638793945
v 53.473026275634766 9 -24.630142211914062
v 53.473026275634766 9 -27.045976638793945
v 53.473026275634766 9 -25.83806037902832
v 52.6470947265625 9 -25.83806037902832
v 53.473026275634766 12 -24.630142211914062
v 52.6470947265625 12 -24.630142211914062
v 52.6470947265625 10.5 -24.630142211914062
v 53.473026275634766 10.5 -24.630142211914062
v 53.473026275634766 12 -27.045976638793945
v 53.473026275634766 12 -25.83806037902832
v 53.473026275634766 10.5 -27.045976638793945
v 52.6470947265625 12 -27.045976638793945
v 52.6470947265625 10.5 -27.045976638793945
v 52.6470947265625 12 -25.83806037902832
f 3248 3246 3244 3249 3245 3247
f 3252 3244 3246 3253 3250 3251
f 3248 3247 3256 3254 3255 3250 3253 3246
f 3256 3247 3245 3258 3257 3254
f 3249 3244 3252 3251 3259 3257 3258 3245
f 3259 3251 3250 3255 3254 3257
g corridor_25
v 53.473026275634766 9 -24.630142211914062
v 53.473026275634766 9 -27.045976638793945
v 54.525001525878906 9 -24.630142211914062
v 54.525001525878906 9 -27.045976638793945
v 54.525001525878906 9 -25.83806037902832
v 53.473026275634766 9 -25.83806037902832
v 54.525001525878906 12 -24.630142211914062
v 53.473026275634766 12 -24.630142211914062
v 53.473026275634766 10.5 -24.630142211914062
v 54.525001525878906 10.5 -24.630142211914062
v 54.525001525878906 12 -27.045976638793945
v 54.525001525878906 12 -25.83806037902832
v 54.525001525878906 10.5 -27.045976638793945
v 53.473026275634766 12 -27.045976638793945
v 53.473026275634766 10.5 -27.045976638793945
v 53.473026275634766 12 -25.83806037902832
f 3264 3262 3260 3265 3261 3263
f 3268 3260 3262 3269 3266 3267
f 3264 3263 3272 3270 3271 3266 3269 3262
f 3272 3263 3261 3274 3273 3270
f 3265 3260 3268 3267 3275 3273 3274 3261
f 3275 3267 3266 3271 3270 3273
g bedroom_23
v 51.125 12 -24.630142211914062
v 51.125 12 -23.388059616088867
v 51.125 12 -22.145977020263672
v 52.825000762939453 12 -22.145977020263672
v 54.525001525878906 12 -22.145977020263672
v 54.525001525878906 12 -24.595977783203125
v 54.525001525878906 12 -27.045976638793945
v 53.284145355224609 12 -27.045976638793945
v 52.043292999267578 12 -27.045976638793945
v 52.043292999267578 12 -25.83806037902832
v 52.043292999267578 12 -24.630142211914062
v 51.125 15 -22.145977020263672
v 51.125 15 -24.630142211914062
v 51.125 13.5 -24.630142211914062
v 51.125 15 -23.388059616088867
v 51.125 13.5 -22.145977020263672
v 54.525001525878906 15 -22.145977020263672
v 52.825000762939453 15 -22.145977020263672
v 54.525001525878906 13.5 -22.145977020263672
v 54.525001525878906 15 -27.045976638793945
v 54.525001525878906 15 -24.595977783203125
v 54.525001525878906 13.5 -27.045976638793945
v 52.043292999267578 15 -27.045976638793945
v 53.284145355224609 15 -27.045976638793945
v 52.043292999267578 13.5 -27.045976638793945
v 52.043292999267578 15 -24.630142211914062
v 52.043292999267578 15 -25.83806037902832
v 52.043292999267578 13.5 -24.630142211914062
f 3277 3276 3286 3285 3284 3283 3282 3281 3280 3279 3278
f 3277 3278 3291 3287 3290 3288 3289 3276
f 3279 3280 3294 3292 3293 3287 3291 3278
f 3281 3282 3297 3295 3296 3292 3294 3280
f 3283 3284 3300 3298 3299 3295 3297 3282
f 3285 3286 3303 3301 3302 3298 3300 3284
f 3303 3286 3276 3289 3288 3301
f 3301 3288 3290 3287 3293 3292 3296 3295 3299 3298 3302
g bedroom_24
v 51.125 6 -22.145977020263672
v 54.525001525878906 6 -27.045976638793945
v 54.525001525878906 6 -22.145977020263672
v 54.525001525878906 6 -24.595977783203125
v 52.825000762939453 6 -22.145977020263672
v 51.125 6 -23.388059616088867
v 51.125 6 -24.630142211914062
v 52.039882659912109 6 -24.630142211914062
v 52.039882659912109 6 -25.83806037902832
v 52.039882659912109 6 -27.045976638793945
v 53.282444000244141 6 -27.045976638793945
v 54.525001525878906 9 -22.145977020263672
v 54.525001525878906 9 -27.045976638793945
v 54.525001525878906 7.5 -27.045976638793945
v 54.525001525878906 9 -24.595977783203125
v 54.525001525878906 7.5 -22.145977020263672
v 51.125 9 -22.145977020263672
v 52.825000762939453 9 -22.145977020263672
v 51.125 7.5 -22.145977020263672
v 51.125 9 -24.630142211914062
v 51.125 9 -23.388059616088867
v 51.125 7.5 -24.630142211914062
v 52.039882659912109 9 -24.630142211914062
v 52.039882659912109 7.5 -24.630142211914062
v 52.039882659912109 9 -27.045976638793945
v 52.039882659912109 9 -25.83806037902832
v 52.039882659912109 7.5 -27.045976638793945
v 53.282444000244141 9 -27.045976638793945
f 3312 3313 3314 3305 3307 3306 3308 3304 3309 3310 3311
f 3317 3316 3318 3315 3319 3306 3307 3305
f 3322 3304 3308 3306 3319 3315 3321 3320
f 3325 3310 3309 3304 3322 3320 3324 3323
f 3327 3311 3310 3325 3323 3326
f 3330 3313 3312 3311 3327 3326 3329 3328
f 3317 3305 3314 3313 3330 3328 3331 3316
f 3331 3328 3329 3326 3323 3324 3320 3321 3315 3318 3316
g kitchen_23
v 54.525001525878906 6 -31.351573944091797
v 54.525001525878906 11.199999809265137 -31.351573944091797
v 56.873027801513672 6 -31.351573944091797
v 56.873027801513672 11.199999809265137 -31.351573944091797
v 56.873027801513672 8.6000003814697266 -31.351573944091797
v 54.525001525878906 8.6000003814697266 -31.351573944091797
v 54.525001525878906 6 -27.045976638793945
v 56.873027801513672 6 -27.045976638793945
v 56.873027801513672 6 -29.198776245117188
v 54.525001525878906 6 -29.198776245117188
v 56.873027801513672 9 -27.045976638793945
v 56.873027801513672 9 -28.122377395629883
v 56.873027801513672 9 -29.198776245117188
v 56.873027801513672 11.199999809265137 -29.198776245117188
v 56.873027801513672 10.100000381469727 -29.198776245117188
v 56.047096252441406 9 -29.198776245117188
v 56.047096252441406 11.199999809265137 -29.198776245117188
v 56.047096252441406 9 -27.045976638793945
v 56.047096252441406 11.199999809265137 -27.045976638793945
v 56.047096252441406 10.100000381469727 -27.045976638793945
v 56.047096252441406 11.199999809265137 -28.122377395629883
v 56.047096252441406 9 -28.122377395629883
v 56.047096252441406 10.100000381469727 -29.198776245117188
v 54.525001525878906 11.199999809265137 -27.045976638793945
v 54.525001525878906 8.6000003814697266 -27.045976638793945
v 54.525001525878906 11.199999809265137 -29.198776245117188
f 3336 3334 3332 3337 3333 3335
f 3340 3339 3338 3341 3332 3334
f 3340 3334 3336 3335 3345 3346 3344 3343 3342 3339
f 3354 3348 3352 3350 3351 3349 3353 3347
f 3353 3349 3342 3343 3344 3347
f 3354 3347 3344 3346 3345 3348
f 3339 3342 3349 3351 3350 3355 3356 3338
f 3341 3338 3356 3355 3357 3333 3337 3332
f 3352 3348 3345 3335 3333 3357 3355 3350
g kitchen_24
v 54.525001525878906 11.199999809265137 -27.045976638793945
v 54.525001525878906 15 -27.045976638793945
v 56.047096252441406 11.199999809265137 -27.045976638793945
v 56.047096252441406 15 -27.045976638793945
v 56.047096252441406 13.100000381469727 -27.045976638793945
v 54.525001525878906 13.100000381469727 -27.045976638793945
v 56.047096252441406 11.199999809265137 -29.198776245117188
v 56.047096252441406 15 -29.198776245117188
v 56.047096252441406 13.100000381469727 -29.198776245117188
v 57.924999237060547 11.199999809265137 -31.351573944091797
v 57.924999237060547 15 -31.351573944091797
v 54.525001525878906 11.199999809265137 -31.351573944091797
v 54.525001525878906 15 -31.351573944091797
v 56.224998474121094 11.199999809265137 -31.351573944091797
v 54.525001525878906 13.100000381469727 -31.351573944091797
v 56.224998474121094 15 -31.351573944091797
v 57.924999237060547 13.100000381469727 -31.351573944091797
v 57.924999237060547 11.199999809265137 -29.198776245117188
v 57.924999237060547 15 -29.198776245117188
v 57.924999237060547 13.100000381469727 -29.198776245117188
v 54.525001525878906 11.199999809265137 -29.198776245117188
v 54.525001525878906 15 -29.198776245117188
f 3363 3358 3360 3362 3361 3359
f 3362 3360 3364 3366 3365 3361
f 3374 3367 3371 3369 3372 3370 3373 3368
f 3377 3375 3367 3374 3368 3376
f 3377 3376 3365 3366 3364 3375
f 3378 3369 3371 3367 3375 3364 3360 3358
f 3372 3369 3378 3358 3363 3359 3379 3370
f 3370 3379 3359 3361 3365 3376 3368 3373
g bathroom_49
v 54.525001525878906 9 -25.945978164672852
v 54.525001525878906 9 -27.045976638793945
v 56.047096252441406 9 -25.945978164672852
v 56.047096252441406 9 -27.045976638793945
v 55.286048889160156 9 -25.945978164672852
v 55.286048889160156 9 -27.045976638793945
v 56.047096252441406 12 -25.945978164672852
v 54.525001525878906 12 -25.945978164672852
v 54.525001525878906 10.5 -25.945978164672852
v 55.286048889160156 12 -25.945978164672852
v 56.047096252441406 10.5 -25.945978164672852
v 56.047096252441406 12 -27.045976638793945
v 56.047096252441406 10.5 -27.045976638793945
v 54.525001525878906 12 -27.045976638793945
v 55.286048889160156 12 -27.045976638793945
v 54.525001525878906 10.5 -27.045976638793945
f 3381 3385 3383 3382 3384 3380
f 3384 3382 3390 3386 3389 3387 3388 3380
f 3390 3382 3383 3392 3391 3386
f 3385 3381 3395 3393 3394 3391 3392 3383
f 3395 3381 3380 3388 3387 3393
f 3393 3387 3389 3386 3391 3394
g bathroom_50
v 54.525001525878906 9 -24.630142211914062
v 54.525001525878906 9 -25.945978164672852
v 56.047096252441406 9 -24.630142211914062
v 56.047096252441406 9 -25.945978164672852
v 55.286048889160156 9 -24.630142211914062
v 56.047096252441406 9 -25.288061141967773
v 55.286048889160156 9 -25.945978164672852
v 54.525001525878906 9 -25.288061141967773
v 56.047096252441406 12 -24.630142211914062
v 54.525001525878906 12 -24.630142211914062
v 54.525001525878906 10.5 -24.630142211914062
v 55.286048889160156 12 -24.630142211914062
v 56.047096252441406 10.5 -24.630142211914062
v 56.047096252441406 12 -25.945978164672852
v 56.047096252441406 10.5 -25.945978164672852
v 56.047096252441406 12 -25.288061141967773
v 54.525001525878906 12 -25.945978164672852
v 55.286048889160156 12 -25.945978164672852
v 54.525001525878906 10.5 -25.945978164672852
v 54.525001525878906 12 -25.288061141967773
f 3403 3397 3402 3399 3401 3398 3400 3396
f 3400 3398 3408 3404 3407 3405 3406 3396
f 3401 3399 3410 3409 3411 3404 3408 3398
f 3402 3397 3414 3412 3413 3409 3410 3399
f 3403 3396 3406 3405 3415 3412 3414 3397
f 3411 3409 3413 3412 3415 3405 3407 3404
g bathroom_51
v 54.525001525878906 12 -24.630142211914062
v 54.525001525878906 12 -27.045976638793945
v 55.443290710449219 12 -24.630142211914062
v 55.443290710449219 12 -27.045976638793945
v 55.443290710449219 12 -25.83806037902832
v 54.525001525878906 12 -25.83806037902832
v 55.443290710449219 15 -24.630142211914062
v 54.525001525878906 15 -24.630142211914062
v 54.525001525878906 13.5 -24.630142211914062
v 55.443290710449219 13.5 -24.630142211914062
v 55.443290710449219 15 -27.045976638793945
v 55.443290710449219 15 -25.83806037902832
v 55.443290710449219 13.5 -27.045976638793945
v 54.525001525878906 15 -27.045976638793945
v 54.525001525878906 13.5 -27.045976638793945
v 54.525001525878906 15 -25.83806037902832
f 3420 3418 3416 3421 3417 3419
f 3424 3416 3418 3425 3422 3423
f 3420 3419 3428 3426 3427 3422 3425 3418
f 3428 3419 3417 3430 3429 3426
f 3421 3416 3424 3423 3431 3429 3430 3417
f 3431 3423 3422 3427 3426 3429
g bathroom_52
v 54.525001525878906 6 -24.630142211914062
v 54.525001525878906 6 -27.045976638793945
v 55.439884185791016 6 -24.630142211914062
v 55.439884185791016 6 -27.045976638793945
v 55.439884185791016 6 -25.83806037902832
v 54.525001525878906 6 -25.83806037902832
v 55.439884185791016 9 -24.630142211914062
v 54.525001525878906 9 -24.630142211914062
v 54.525001525878906 7.5 -24.630142211914062
v 55.439884185791016 7.5 -24.630142211914062
v 55.439884185791016 9 -27.045976638793945
v 55.439884185791016 9 -25.83806037902832
v 55.439884185791016 7.5 -27.045976638793945
v 54.525001525878906 9 -27.045976638793945
v 54.525001525878906 7.5 -27.045976638793945
v 54.525001525878906 9 -25.83806037902832
f 3436 3434 3432 3437 3433 3435
f 3440 3432 3434 3441 3438 3439
f 3436 3435 3444 3442 3443 3438 3441 3434
f 3444 3435 3433 3446 3445 3442
f 3440 3439 3447 3445 3446 3433 3437 3432
f 3447 3439 3438 3443 3442 3445
g stairs_37
v 56.047096252441406 15 -29.198776245117188
v 56.047096252441406 15 -27.045976638793945
v 56.873027801513672 15 -29.198776245117188
v 56.873027801513672 15 -27.045976638793945
v 56.047096252441406 15 -28.122377395629883
v 56.873027801513672 15 -28.122377395629883
v 56.047096252441406 9 -27.045976638793945
v 56.047096252441406 9 -29.198776245117188
v 56.873027801513672 9 -27.045976638793945
v 56.873027801513672 9 -29.198776245117188
v 56.873027801513672 9 -28.122377395629883
v 56.047096252441406 9 -28.122377395629883
v 56.047096252441406 13 -27.045976638793945
v 56.047096252441406 11 -27.045976638793945
v 56.873027801513672 11 -27.045976638793945
v 56.873027801513672 13 -27.045976638793945
v 56.047096252441406 13 -29.198776245117188
v 56.047096252441406 11 -29.198776245117188
v 56.873027801513672 13 -29.198776245117188
v 56.873027801513672 11 -29.198776245117188
f 3453 3450 3448 3452 3449 3451
f 3458 3456 3454 3459 3455 3457
f 3461 3454 3456 3462 3463 3451 3449 3460
f 3465 3455 3459 3454 3461 3460 3449 3452 3448 3464
f 3467 3457 3455 3465 3464 3448 3450 3466
f 3463 3462 3456 3458 3457 3467 3466 3450 3453 3451
g stairs_38
v 56.873027801513672 11.199999809265137 -29.198776245117188
v 56.873027801513672 11.199999809265137 -27.045976638793945
v 57.924999237060547 11.199999809265137 -29.198776245117188
v 57.924999237060547 11.199999809265137 -27.045976638793945
v 56.873027801513672 11.199999809265137 -28.122377395629883
v 57.924999237060547 11.199999809265137 -28.122377395629883
v 56.873027801513672 15 -27.045976638793945
v 57.924999237060547 15 -27.045976638793945
v 57.924999237060547 13.100000381469727 -27.045976638793945
v 56.873027801513672 13.100000381469727 -27.045976638793945
v 56.873027801513672 15 -29.198776245117188
v 56.873027801513672 15 -28.122377395629883
v 56.873027801513672 13.100000381469727 -29.198776245117188
v 57.924999237060547 15 -29.198776245117188
v 57.924999237060547 13.100000381469727 -29.198776245117188
v 57.924999237060547 15 -28.122377395629883
f 3472 3468 3470 3473 3471 3469
f 3477 3469 3471 3476 3475 3474
f 3480 3468 3472 3469 3477 3474 3479 3478
f 3482 3470 3468 3480 3478 3481
f 3483 3475 3476 3471 3473 3470 3482 3481
f 3483 3481 3478 3479 3474 3475
g stairs_39
v 56.873027801513672 11.199999809265137 -27.045976638793945
v 56.873027801513672 11.199999809265137 -31.351573944091797
v 57.924999237060547 11.199999809265137 -27.045976638793945
v 57.924999237060547 11.199999809265137 -31.351573944091797
v 57.924999237060547 11.199999809265137 -29.198776245117188
v 56.873027801513672 11.199999809265137 -29.198776245117188
v 56.873027801513672 6 -27.045976638793945
v 56.873027801513672 6 -31.351573944091797
v 57.924999237060547 6 -27.045976638793945
v 57.924999237060547 6 -31.351573944091797
v 57.924999237060547 6 -29.198776245117188
v 56.873027801513672 6 -29.198776245117188
v 57.924999237060547 8.6000003814697266 -27.045976638793945
v 56.873027801513672 8.6000003814697266 -27.045976638793945
v 57.924999237060547 8.6000003814697266 -31.351573944091797
v 56.873027801513672 8.6000003814697266 -31.351573944091797
f 3489 3484 3486 3488 3487 3485
f 3494 3492 3490 3495 3491 3493
f 3497 3490 3492 3496 3486 3484
f 3498 3487 3488 3486 3496 3492 3494 3493
f 3498 3493 3491 3499 3485 3487
f 3495 3490 3497 3484 3489 3485 3499 3491
g corridor_26
v 56.047096252441406 9 -24.630142211914062
v 56.047096252441406 9 -27.045976638793945
v 56.873027801513672 9 -24.630142211914062
v 56.873027801513672 9 -27.045976638793945
v 56.873027801513672 9 -25.83806037902832
v 56.047096252441406 9 -25.83806037902832
v 56.873027801513672 12 -24.630142211914062
v 56.047096252441406 12 -24.630142211914062
v 56.047096252441406 10.5 -24.630142211914062
v 56.873027801513672 10.5 -24.630142211914062
v 56.873027801513672 12 -27.045976638793945
v 56.873027801513672 12 -25.83806037902832
v 56.873027801513672 10.5 -27.045976638793945
v 56.047096252441406 12 -27.045976638793945
v 56.047096252441406 10.5 -27.045976638793945
v 56.047096252441406 12 -25.83806037902832
f 3504 3502 3500 3505 3501 3503
f 3508 3500 3502 3509 3506 3507
f 3504 3503 3512 3510 3511 3506 3509 3502
f 3512 3503 3501 3514 3513 3510
f 3505 3500 3508 3507 3515 3513 3514 3501
f 3515 3507 3506 3511 3510 3513
g corridor_27
v 56.873027801513672 9 -24.630142211914062
v 56.873027801513672 9 -27.045976638793945
v 57.924999237060547 9 -24.630142211914062
v 57.924999237060547 9 -27.045976638793945
v 57.924999237060547 9 -25.83806037902832
v 56.873027801513672 9 -25.83806037902832
v 57.924999237060547 12 -24.630142211914062
v 56.873027801513672 12 -24.630142211914062
v 56.873027801513672 10.5 -24.630142211914062
v 57.924999237060547 10.5 -24.630142211914062
v 57.924999237060547 12 -27.045976638793945
v 57.924999237060547 12 -25.83806037902832
v 57.924999237060547 10.5 -27.045976638793945
v 56.873027801513672 12 -27.045976638793945
v 56.873027801513672 10.5 -27.045976638793945
v 56.873027801513672 12 -25.83806037902832
f 3520 3518 3516 3521 3517 3519
f 3524 3516 3518 3525 3522 3523
f 3520 3519 3528 3526 3527 3522 3525 3518
f 3528 3519 3517 3530 3529 3526
f 3521 3516 3524 3523 3531 3529 3530 3517
f 3531 3523 3522 3527 3526 3529
g bedroom_25
v 54.525001525878906 12 -24.630142211914062
v 54.525001525878906 12 -23.388059616088867
v 54.525001525878906 12 -22.145977020263672
v 56.224998474121094 12 -22.145977020263672
v 57.924999237060547 12 -22.145977020263672
v 57.924999237060547 12 -24.595977783203125
v 57.924999237060547 12 -27.045976638793945
v 56.684146881103516 12 -27.045976638793945
v 55.443290710449219 12 -27.045976638793945
v 55.443290710449219 12 -25.83806037902832
v 55.443290710449219 12 -24.630142211914062
v 54.525001525878906 15 -22.145977020263672
v 54.525001525878906 15 -24.630142211914062
v 54.525001525878906 13.5 -24.630142211914062
v 54.525001525878906 15 -23.388059616088867
v 54.525001525878906 13.5 -22.145977020263672
v 57.924999237060547 15 -22.145977020263672
v 56.224998474121094 15 -22.145977020263672
v 57.924999237060547 13.5 -22.145977020263672
v 57.924999237060547 15 -27.045976638793945
v 57.924999237060547 15 -24.595977783203125
v 57.924999237060547 13.5 -27.045976638793945
v 55.443290710449219 15 -27.045976638793945
v 56.684146881103516 15 -27.045976638793945
v 55.443290710449219 13.5 -27.045976638793945
v 55.443290710449219 15 -24.630142211914062
v 55.443290710449219 15 -25.83806037902832
v 55.443290710449219 13.5 -24.630142211914062
f 3533 3532 3542 3541 3540 3539 3538 3537 3536 3535 3534
f 3533 3534 3547 3543 3546 3544 3545 3532
f 3535 3536 3550 3548 3549 3543 3547 3534
f 3537 3538 3553 3551 3552 3548 3550 3536
f 3539 3540 3556 3554 3555 3551 3553 3538
f 3541 3542 3559 3557 3558 3554 3556 3540
f 3559 3542 3532 3545 3544 3557
f 3557 3544 3546 3543 3549 3548 3552 3551 3555 3554 3558
g bedroom_26
v 54.525001525878906 6 -22.145977020263672
v 57.924999237060547 6 -27.045976638793945
v 57.924999237060547 6 -22.145977020263672
v 57.924999237060547 6 -24.595977783203125
v 56.224998474121094 6 -22.145977020263672
v 54.525001525878906 6 -23.388059616088867
v 54.525001525878906 6 -24.630142211914062
v 55.439884185791016 6 -24.630142211914062
v 55.439884185791016 6 -25.83806037902832
v 55.439884185791016 6 -27.045976638793945
v 56.682441711425781 6 -27.045976638793945
v 57.924999237060547 9 -22.145977020263672
v 57.924999237060547 9 -27.045976638793945
v 57.924999237060547 7.5 -27.045976638793945
v 57.924999237060547 9 -24.595977783203125
v 57.924999237060547 7.5 -22.145977020263672
v 54.525001525878906 9 -22.145977020263672
v 56.224998474121094 9 -22.145977020263672
v 54.525001525878906 7.5 -22.145977020263672
v 54.525001525878906 9 -24.630142211914062
v 54.525001525878906 9 -23.388059616088867
v 54.525001525878906 7.5 -24.630142211914062
v 55.439884185791016 9 -24.630142211914062
v 55.439884185791016 7.5 -24.630142211914062
v 55.439884185791016 9 -27.045976638793945
v 55.439884185791016 9 -25.83806037902832
v 55.439884185791016 7.5 -27.045976638793945
v 56.682441711425781 9 -27.045976638793945
f 3568 3569 3570 3561 3563 3562 3564 3560 3565 3566 3567
f 3573 3572 3574 3571 3575 3562 3563 3561
f 3578 3560 3564 3562 3575 3571 3577 3576
f 3581 3566 3565 3560 3578 3576 3580 3579
f 3583 3567 3566 3581 3579 3582
f 3586 3569 3568 3567 3583 3582 3585 3584
f 3573 3561 3570 3569 3586 3584 3587 3572
f 3587 3584 3585 3582 3579 3580 3576 3577 3571 3574 3572
g kitchen_25
v 57.924999237060547 6 -31.351573944091797
v 57.924999237060547 11.199999809265137 -31.351573944091797
v 60.273025512695312 6 -31.351573944091797
v 60.273025512695312 11.199999809265137 -31.351573944091797
v 60.273025512695312 8.6000003814697266 -31.351573944091797
v 57.924999237060547 8.6000003814697266 -31.351573944091797
v 57.924999237060547 6 -27.045976638793945
v 60.273025512695312 6 -27.045976638793945
v 60.273025512695312 6 -29.198776245117188
v 57.924999237060547 6 -29.198776245117188
v 60.273025512695312 9 -27.045976638793945
v 60.273025512695312 9 -28.122377395629883
v 60.273025512695312 9 -29.198776245117188
v 60.273025512695312 11.199999809265137 -29.198776245117188
v 60.273025512695312 10.100000381469727 -29.198776245117188
v 59.447093963623047 9 -29.198776245117188
v 59.447093963623047 11.199999809265137 -29.198776245117188
v 59.447093963623047 9 -27.045976638793945
v 59.447093963623047 11.199999809265137 -27.045976638793945
v 59.447093963623047 10.100000381469727 -27.045976638793945
v 59.447093963623047 11.199999809265137 -28.122377395629883
v 59.447093963623047 9 -28.122377395629883
v 59.447093963623047 10.100000381469727 -29.198776245117188
v 57.924999237060547 11.199999809265137 -27.045976638793945
v 57.924999237060547 8.6000003814697266 -27.045976638793945
v 57.924999237060547 11.199999809265137 -29.198776245117188
f 3592 3590 3588 3593 3589 3591
f 3596 3595 3594 3597 3588 3590
f 3596 3590 3592 3591 3601 3602 3600 3599 3598 3595
f 3610 3604 3608 3606 3607 3605 3609 3603
f 3609 3605 3598 3599 3600 3603
f 3610 3603 3600 3602 3601 3604
f 3595 3598 3605 3607 3606 3611 3612 3594
f 3597 3594 3612 3611 3613 3589 3593 3588
f 3608 3604 3601 3591 3589 3613 3611 3606
g kitchen_26
v 57.924999237060547 11.199999809265137 -27.045976638793945
v 57.924999237060547 15 -27.045976638793945
v 59.447093963623047 11.199999809265137 -27.045976638793945
v 59.447093963623047 15 -27.045976638793945
v 59.447093963623047 13.100000381469727 -27.045976638793945
v 57.924999237060547 13.100000381469727 -27.045976638793945
v 59.447093963623047 11.199999809265137 -29.198776245117188
v 59.447093963623047 15 -29.198776245117188
v 59.447093963623047 13.100000381469727 -29.198776245117188
v 61.325000762939453 11.199999809265137 -31.351573944091797
v 61.325000762939453 15 -31.351573944091797
v 57.924999237060547 11.199999809265137 -31.351573944091797
v 57.924999237060547 15 -31.351573944091797
v 59.625 11.199999809265137 -31.351573944091797
v 57.924999237060547 13.100000381469727 -31.351573944091797
v 59.625 15 -31.351573944091797
v 61.325000762939453 13.100000381469727 -31.351573944091797
v 61.325000762939453 11.199999809265137 -29.198776245117188
v 61.325000762939453 15 -29.198776245117188
v 61.325000762939453 13.100000381469727 -29.198776245117188
v 57.924999237060547 11.199999809265137 -29.198776245117188
v 57.924999237060547 15 -29.198776245117188
f 3619 3614 3616 3618 3617 3615
f 3618 3616 3620 3622 3621 3617
f 3630 3623 3627 3625 3628 3626 3629 3624
f 3633 3631 3623 3630 3624 3632
f 3633 3632 3621 3622 3620 3631
f 3634 3625 3627 3623 3631 3620 3616 3614
f 3628 3625 3634 3614 3619 3615 3635 3626
f 3626 3635 3615 3617 3621 3632 3624 3629
g bathroom_53
v 57.924999237060547 9 -25.945978164672852
v 57.924999237060547 9 -27.045976638793945
v 59.447093963623047 9 -25.945978164672852
v 59.447093963623047 9 -27.045976638793945
v 58.686046600341797 9 -25.945978164672852
v 58.686046600341797 9 -27.045976638793945
v 59.447093963623047 12 -25.945978164672852
v 57.924999237060547 12 -25.945978164672852
v 57.924999237060547 10.5 -25.945978164672852
v 58.686046600341797 12 -25.945978164672852
v 59.447093963623047 10.5 -25.945978164672852
v 59.447093963623047 12 -27.045976638793945
v 59.447093963623047 10.5 -27.045976638793945
v 57.924999237060547 12 -27.045976638793945
v 58.686046600341797 12 -27.045976638793945
v 57.924999237060547 10.5 -27.045976638793945
f 3637 3641 3639 3638 3640 3636
f 3640 3638 3646 3642 3645 3643 3644 3636
f 3646 3638 3639 3648 3647 3642
f 3641 3637 3651 3649 3650 3647 3648 3639
f 3651 3637 3636 3644 3643 3649
f 3649 3643 3645 3642 3647 3650
g bathroom_54
v 57.924999237060547 9 -24.630142211914062
v 57.924999237060547 9 -25.945978164672852
v 59.447093963623047 9 -24.630142211914062
v 59.447093963623047 9 -25.945978164672852
v 58.686046600341797 9 -24.630142211914062
v 59.447093963623047 9 -25.288061141967773
v 58.686046600341797 9 -25.945978164672852
v 57.924999237060547 9 -25.288061141967773
v 59.447093963623047 12 -24.630142211914062
v 57.924999237060547 12 -24.630142211914062
v 57.924999237060547 10.5 -24.630142211914062
v 58.686046600341797 12 -24.630142211914062
v 59.447093963623047 10.5 -24.630142211914062
v 59.447093963623047 12 -25.945978164672852
v 59.447093963623047 10.5 -25.945978164672852
v 59.447093963623047 12 -25.288061141967773
v 57.924999237060547 12 -25.945978164672852
v 58.686046600341797 12 -25.945978164672852
v 57.924999237060547 10.5 -25.945978164672852
v 57.924999237060547 12 -25.288061141967773
f 3659 3653 3658 3655 3657 3654 3656 3652
f 3656 3654 3664 3660 3663 3661 3662 3652
f 3657 3655 3666 3665 3667 3660 3664 3654
f 3658 3653 3670 3668 3669 3665 3666 3655
f 3659 3652 3662 3661 3671 3668 3670 3653
f 3667 3665 3669 3668 3671 3661 3663 3660
g bathroom_55
v 57.924999237060547 12 -24.630142211914062
v 57.924999237060547 12 -27.045976638793945
v 58.843292236328125 12 -24.630142211914062
v 58.843292236328125 12 -27.045976638793945
v 58.843292236328125 12 -25.83806037902832
v 57.924999237060547 12 -25.83806037902832
v 58.843292236328125 15 -24.630142211914062
v 57.924999237060547 15 -24.630142211914062
v 57.924999237060547 13.5 -24.630142211914062
v 58.843292236328125 13.5 -24.630142211914062
v 58.843292236328125 15 -27.045976638793945
v 58.843292236328125 15 -25.83806037902832
v 58.843292236328125 13.5 -27.045976638793945
v 57.924999237060547 15 -27.045976638793945
v 57.924999237060547 13.5 -27.045976638793945
v 57.924999237060547 15 -25.83806037902832
f 3676 3674 3672 3677 3673 3675
f 3680 3672 3674 3681 3678 3679
f 3676 3675 3684 3682 3683 3678 3681 3674
f 3684 3675 3673 3686 3685 3682
f 3677 3672 3680 3679 3687 3685 3686 3673
f 3687 3679 3678 3683 3682 3685
g bathroom_56
v 57.924999237060547 6 -24.630142211914062
v 57.924999237060547 6 -27.045976638793945
v 58.839885711669922 6 -24.630142211914062
v 58.839885711669922 6 -27.045976638793945
v 58.839885711669922 6 -25.83806037902832
v 57.924999237060547 6 -25.83806037902832
v 58.839885711669922 9 -24.630142211914062
v 57.924999237060547 9 -24.630142211914062
v 57.924999237060547 7.5 -24.630142211914062
v 58.839885711669922 7.5 -24.630142211914062
v 58.839885711669922 9 -27.045976638793945
v 58.839885711669922 9 -25.83806037902832
v 58.839885711669922 7.5 -27.045976638793945
v 57.924999237060547 9 -27.045976638793945
v 57.924999237060547 7.5 -27.045976638793945
v 57.924999237060547 9 -25.83806037902832
f 3692 3690 3688 3693 3689 3691
f 3696 3688 3690 3697 3694 3695
f 3692 3691 3700 3698 3699 3694 3697 3690
f 3700 3691 3689 3702 3701 3698
f 3696 3695 3703 3701 3702 3689 3693 3688
f 3703 3695 3694 3699 3698 3701
g stairs_40
v 59.447093963623047 15 -29.198776245117188
v 59.447093963623047 15 -27.045976638793945
v 60.273025512695312 15 -29.198776245117188
v 60.273025512695312 15 -27.045976638793945
v 59.447093963623047 15 -28.122377395629883
v 60.273025512695312 15 -28.122377395629883
v 59.447093963623047 9 -27.045976638793945
v 59.447093963623047 9 -29.198776245117188
v 60.273025512695312 9 -27.045976638793945
v 60.273025512695312 9 -29.198776245117188
v 60.273025512695312 9 -28.122377395629883
v 59.447093963623047 9 -28.122377395629883
v 59.447093963623047 13 -27.045976638793945
v 59.447093963623047 11 -27.045976638793945
v 60.273025512695312 11 -27.045976638793945
v 60.273025512695312 13 -27.045976638793945
v 59.447093963623047 13 -29.198776245117188
v 59.447093963623047 11 -29.198776245117188
v 60.273025512695312 13 -29.198776245117188
v 60.273025512695312 11 -29.198776245117188
f 3709 3706 3704 3708 3705 3707
f 3714 3712 3710 3715 3711 3713
f 3717 3710 3712 3718 3719 3707 3705 3716
f 3721 3711 3715 3710 3717 3716 3705 3708 3704 3720
f 3723 3713 3711 3721 3720 3704 3706 3722
f 3719 3718 3712 3714 3713 3723 3722 3706 3709 3707
g stairs_41
v 60.273025512695312 11.199999809265137 -29.198776245117188
v 60.273025512695312 11.199999809265137 -27.045976638793945
v 61.325000762939453 11.199999809265137 -29.198776245117188
v 61.325000762939453 11.199999809265137 -27.045976638793945
v 60.273025512695312 11.199999809265137 -28.122377395629883
v 61.325000762939453 11.199999809265137 -28.122377395629883
v 60.273025512695312 15 -27.045976638793945
v 61.325000762939453 15 -27.045976638793945
v 61.325000762939453 13.100000381469727 -27.045976638793945
v 60.273025512695312 13.100000381469727 -27.045976638793945
v 60.273025512695312 15 -29.198776245117188
v 60.273025512695312 15 -28.122377395629883
v 60.273025512695312 13.100000381469727 -29.198776245117188
v 61.325000762939453 15 -29.198776245117188
v 61.325000762939453 13.100000381469727 -29.198776245117188
v 61.325000762939453 15 -28.122377395629883
f 3728 3724 3726 3729 3727 3725
f 3733 3725 3727 3732 3731 3730
f 3736 3724 3728 3725 3733 3730 3735 3734
f 3738 3726 3724 3736 3734 3737
f 3739 3731 3732 3727 3729 3726 3738 3737
f 3739 3737 3734 3735 3730 3731
g stairs_42
v 60.273025512695312 11.199999809265137 -27.045976638793945
v 60.273025512695312 11.199999809265137 -31.351573944091797
v 61.325000762939453 11.199999809265137 -27.045976638793945
v 61.325000762939453 11.199999809265137 -31.351573944091797
v 61.325000762939453 11.199999809265137 -29.198776245117188
v 60.273025512695312 11.199999809265137 -29.198776245117188
v 60.273025512695312 6 -27.045976638793945
v 60.273025512695312 6 -31.351573944091797
v 61.325000762939453 6 -27.045976638793945
v 61.325000762939453 6 -31.351573944091797
v 61.325000762939453 6 -29.198776245117188
v 60.273025512695312 6 -29.198776245117188
v 61.325000762939453 8.6000003814697266 -27.045976638793945
v 60.273025512695312 8.6000003814697266 -27.045976638793945
v 61.325000762939453 8.6000003814697266 -31.351573944091797
v 60.273025512695312 8.6000003814697266 -31.351573944091797
f 3745 3740 3742 3744 3743 3741
f 3750 3748 3746 3751 3747 3749
f 3753 3746 3748 3752 3742 3740
f 3754 3743 3744 3742 3752 3748 3750 3749
f 3754 3749 3747 3755 3741 3743
f 3751 3746 3753 3740 3745 3741 3755 3747
g corridor_28
v 59.447093963623047 9 -24.630142211914062
v 59.447093963623047 9 -27.045976638793945
v 60.273025512695312 9 -24.630142211914062
v 60.273025512695312 9 -27.045976638793945
v 60.273025512695312 9 -25.83806037902832
v 59.447093963623047 9 -25.83806037902832
v 60.273025512695312 12 -24.630142211914062
v 59.447093963623047 12 -24.630142211914062
v 59.447093963623047 10.5 -24.630142211914062
v 60.273025512695312 10.5 -24.630142211914062
v 60.273025512695312 12 -27.045976638793945
v 60.273025512695312 12 -25.83806037902832
v 60.273025512695312 10.5 -27.045976638793945
v 59.447093963623047 12 -27.045976638793945
v 59.447093963623047 10.5 -27.045976638793945
v 59.447093963623047 12 -25.83806037902832
f 3760 3758 3756 3761 3757 3759
f 3764 3756 3758 3765 3762 3763
f 3760 3759 3768 3766 3767 3762 3765 3758
f 3768 3759 3757 3770 3769 3766
f 3761 3756 3764 3763 3771 3769 3770 3757
f 3771 3763 3762 3767 3766 3769
g corridor_29
v 60.273025512695312 9 -24.630142211914062
v 60.273025512695312 9 -27.045976638793945
v 61.325000762939453 9 -24.630142211914062
v 61.325000762939453 9 -27.045976638793945
v 61.325000762939453 9 -25.83806037902832
v 60.273025512695312 9 -25.83806037902832
v 61.325000762939453 12 -24.630142211914062
v 60.273025512695312 12 -24.630142211914062
v 60.273025512695312 10.5 -24.630142211914062
v 61.325000762939453 10.5 -24.630142211914062
v 61.325000762939453 12 -27.045976638793945
v 61.325000762939453 12 -25.83806037902832
v 61.325000762939453 10.5 -27.045976638793945
v 60.273025512695312 12 -27.045976638793945
v 60.273025512695312 10.5 -27.045976638793945
v 60.273025512695312 12 -25.83806037902832
f 3776 3774 3772 3777 3773 3775
f 3780 3772 3774 3781 3778 3779
f 3776 3775 3784 3782 3783 3778 3781 3774
f 3784 3775 3773 3786 3785 3782
f 3777 3772 3780 3779 3787 3785 3786 3773
f 3787 3779 3778 3783 3782 3785
g bedroom_27
v 57.924999237060547 12 -24.630142211914062
v 57.924999237060547 12 -23.388059616088867
v 57.924999237060547 12 -22.145977020263672
v 59.625 12 -22.145977020263672
v 61.325000762939453 12 -22.145977020263672
v 61.325000762939453 12 -24.595977783203125
v 61.325000762939453 12 -27.045976638793945
v 60.084144592285156 12 -27.045976638793945
v 58.843292236328125 12 -27.045976638793945
v 58.843292236328125 12 -25.83806037902832
v 58.843292236328125 12 -24.630142211914062
v 57.924999237060547 15 -22.145977020263672
v 57.924999237060547 15 -24.630142211914062
v 57.924999237060547 13.5 -24.630142211914062
v 57.924999237060547 15 -23.388059616088867
v 57.924999237060547 13.5 -22.145977020263672
v 61.325000762939453 15 -22.145977020263672
v 59.625 15 -22.145977020263672
v 61.325000762939453 13.5 -22.145977020263672
v 61.325000762939453 15 -27.045976638793945
v 61.325000762939453 15 -24.595977783203125
v 61.325000762939453 13.5 -27.045976638793945
v 58.843292236328125 15 -27.045976638793945
v 60.084144592285156 15 -27.045976638793945
v 58.843292236328125 13.5 -27.045976638793945
v 58.843292236328125 15 -24.630142211914062
v 58.843292236328125 15 -25.83806037902832
v 58.843292236328125 13.5 -24.630142211914062
f 3789 3788 3798 3797 3796 3795 3794 3793 3792 3791 3790
f 3789 3790 3803 3799 3802 3800 3801 3788
f 3791 3792 3806 3804 3805 3799 3803 3790
f 3793 3794 3809 3807 3808 3804 3806 3792
f 3795 3796 3812 3810 3811 3807 3809 3794
f 3797 3798 3815 3813 3814 3810 3812 3796
f 3815 3798 3788 3801 3800 3813
f 3813 3800 3802 3799 3805 3804 3808 3807 3811 3810 3814
g bedroom_28
v 57.924999237060547 6 -22.145977020263672
v 61.325000762939453 6 -27.045976638793945
v 61.325000762939453 6 -22.145977020263672
v 61.325000762939453 6 -24.595977783203125
v 59.625 6 -22.145977020263672
v 57.924999237060547 6 -23.388059616088867
v 57.924999237060547 6 -24.630142211914062
v 58.839885711669922 6 -24.630142211914062
v 58.839885711669922 6 -25.83806037902832
v 58.839885711669922 6 -27.045976638793945
v 60.082443237304688 6 -27.045976638793945
v 61.325000762939453 9 -22.145977020263672
v 61.325000762939453 9 -27.045976638793945
v 61.325000762939453 7.5 -27.045976638793945
v 61.325000762939453 9 -24.595977783203125
v 61.325000762939453 7.5 -22.145977020263672
v 57.924999237060547 9 -22.145977020263672
v 59.625 9 -22.145977020263672
v 57.924999237060547 7.5 -22.145977020263672
v 57.924999237060547 9 -24.630142211914062
v 57.924999237060547 9 -23.388059616088867
v 57.924999237060547 7.5 -24.630142211914062
v 58.839885711669922 9 -24.630142211914062
v 58.839885711669922 7.5 -24.630142211914062
v 58.839885711669922 9 -27.045976638793945
v 58.839885711669922 9 -25.83806037902832
v 58.839885711669922 7.5 -27.045976638793945
v 60.082443237304688 9 -27.045976638793945
f 3824 3825 3826 3817 3819 3818 3820 3816 3821 3822 3823
f 3829 3828 3830 3827 3831 3818 3819 3817
f 3834 3816 3820 3818 3831 3827 3833 3832
f 3837 3822 3821 3816 3834 3832 3836 3835
f 3839 3823 3822 3837 3835 3838
f 3842 3825 3824 3823 3839 3838 3841 3840
f 3829 3817 3826 3825 3842 3840 3843 3828
f 3843 3840 3841 3838 3835 3836 3832 3833 3827 3830 3828
g kitchen_27
v 61.325000762939453 6 -31.351573944091797
v 61.325000762939453 11.199999809265137 -31.351573944091797
v 63.673027038574219 6 -31.351573944091797
v 63.673027038574219 11.199999809265137 -31.351573944091797
v 63.673027038574219 8.6000003814697266 -31.351573944091797
v 61.325000762939453 8.6000003814697266 -31.351573944091797
v 61.325000762939453 6 -27.045976638793945
v 63.673027038574219 6 -27.045976638793945
v 63.673027038574219 6 -29.198776245117188
v 61.325000762939453 6 -29.198776245117188
v 63.673027038574219 9 -27.045976638793945
v 63.673027038574219 9 -28.122377395629883
v 63.673027038574219 9 -29.198776245117188
v 63.673027038574219 11.199999809265137 -29.198776245117188
v 63.673027038574219 10.100000381469727 -29.198776245117188
v 62.847095489501953 9 -29.198776245117188
v 62.847095489501953 11.199999809265137 -29.198776245117188
v 62.847095489501953 9 -27.045976638793945
v 62.847095489501953 11.199999809265137 -27.045976638793945
v 62.847095489501953 10.100000381469727 -27.045976638793945
v 62.847095489501953 11.199999809265137 -28.122377395629883
v 62.847095489501953 9 -28.122377395629883
v 62.847095489501953 10.100000381469727 -29.198776245117188
v 61.325000762939453 11.199999809265137 -27.045976638793945
v 61.325000762939453 8.6000003814697266 -27.045976638793945
v 61.325000762939453 11.199999809265137 -29.198776245117188
f 3848 3846 3844 3849 3845 3847
f 3852 3851 3850 3853 3844 3846
f 3852 3846 3848 3847 3857 3858 3856 3855 3854 3851
f 3866 3860 3864 3862 3863 3861 3865 3859
f 3865 3861 3854 3855 3856 3859
f 3866 3859 3856 3858 3857 3860
f 3851 3854 3861 3863 3862 3867 3868 3850
f 3853 3850 3868 3867 3869 3845 3849 3844
f 3864 3860 3857 3847 3845 3869 3867 3862
g kitchen_28
v 61.325000762939453 11.199999809265137 -27.045976638793945
v 61.325000762939453 15 -27.045976638793945
v 62.847095489501953 11.199999809265137 -27.045976638793945
v 62.847095489501953 15 -27.045976638793945
v 62.847095489501953 13.100000381469727 -27.045976638793945
v 61.325000762939453 13.100000381469727 -27.045976638793945
v 62.847095489501953 11.199999809265137 -29.198776245117188
v 62.847095489501953 15 -29.198776245117188
v 62.847095489501953 13.100000381469727 -29.198776245117188
v 64.724998474121094 11.199999809265137 -31.351573944091797
v 64.724998474121094 15 -31.351573944091797
v 61.325000762939453 11.199999809265137 -31.351573944091797
v 61.325000762939453 15 -31.351573944091797
v 63.025001525878906 11.199999809265137 -31.351573944091797
v 61.325000762939453 13.100000381469727 -31.351573944091797
v 63.025001525878906 15 -31.351573944091797
v 64.724998474121094 13.100000381469727 -31.351573944091797
v 64.724998474121094 11.199999809265137 -29.198776245117188
v 64.724998474121094 15 -29.198776245117188
v 64.724998474121094 13.100000381469727 -29.198776245117188
v 61.325000762939453 11.199999809265137 -29.198776245117188
v 61.325000762939453 15 -29.198776245117188
f 3875 3870 3872 3874 3873 3871
f 3874 3872 3876 3878 3877 3873
f 3886 3879 3883 3881 3884 3882 3885 3880
f 3889 3887 3879 3886 3880 3888
f 3889 3888 3877 3878 3876 3887
f 3890 3881 3883 3879 3887 3876 3872 3870
f 3884 3881 3890 3870 3875 3871 3891 3882
f 3882 3891 3871 3873 3877 3888 3880 3885
g bathroom_57
v 61.325000762939453 9 -25.945978164672852
v 61.325000762939453 9 -27.045976638793945
v 62.847095489501953 9 -25.945978164672852
v 62.847095489501953 9 -27.045976638793945
v 62.086048126220703 9 -25.945978164672852
v 62.086048126220703 9 -27.045976638793945
v 62.847095489501953 12 -25.945978164672852
v 61.325000762939453 12 -25.945978164672852
v 61.325000762939453 10.5 -25.945978164672852
v 62.086048126220703 12 -25.945978164672852
v 62.847095489501953 10.5 -25.945978164672852
v 62.847095489501953 12 -27.045976638793945
v 62.847095489501953 10.5 -27.045976638793945
v 61.325000762939453 12 -27.045976638793945
v 62.086048126220703 12 -27.045976638793945
v 61.325000762939453 10.5 -27.045976638793945
f 3893 3897 3895 3894 3896 3892
f 3896 3894 3902 3898 3901 3899 3900 3892
f 3902 3894 3895 3904 3903 3898
f 3897 3893 3907 3905 3906 3903 3904 3895
f 3907 3893 3892 3900 3899 3905
f 3905 3899 3901 3898 3903 3906
g bathroom_58
v 61.325000762939453 9 -24.630142211914062
v 61.325000762939453 9 -25.945978164672852
v 62.847095489501953 9 -24.630142211914062
v 62.847095489501953 9 -25.945978164672852
v 62.086048126220703 9 -24.630142211914062
v 62.847095489501953 9 -25.288061141967773
v 62.086048126220703 9 -25.945978164672852
v 61.325000762939453 9 -25.288061141967773
v 62.847095489501953 12 -24.630142211914062
v 61.325000762939453 12 -24.630142211914062
v 61.325000762939453 10.5 -24.630142211914062
v 62.086048126220703 12 -24.630142211914062
v 62.847095489501953 10.5 -24.630142211914062
v 62.847095489501953 12 -25.945978164672852
v 62.847095489501953 10.5 -25.945978164672852
v 62.847095489501953 12 -25.288061141967773
v 61.325000762939453 12 -25.945978164672852
v 62.086048126220703 12 -25.945978164672852
v 61.325000762939453 10.5 -25.945978164672852
v 61.325000762939453 12 -25.288061141967773
f 3915 3909 3914 3911 3913 3910 3912 3908
f 3912 3910 3920 3916 3919 3917 3918 3908
f 3913 3911 3922 3921 3923 3916 3920 3910
f 3914 3909 3926 3924 3925 3921 3922 3911
f 3915 3908 3918 3917 3927 3924 3926 3909
f 3923 3921 3925 3924 3927 3917 3919 3916
g bathroom_59
v 61.325000762939453 12 -24.630142211914062
v 61.325000762939453 12 -27.045976638793945
v 62.243293762207031 12 -24.630142211914062
v 62.243293762207031 12 -27.045976638793945
v 62.243293762207031 12 -25.83806037902832
v 61.325000762939453 12 -25.83806037902832
v 62.243293762207031 15 -24.630142211914062
v 61.325000762939453 15 -24.630142211914062
v 61.325000762939453 13.5 -24.630142211914062
v 62.243293762207031 13.5 -24.630142211914062
v 62.243293762207031 15 -27.045976638793945
v 62.243293762207031 15 -25.83806037902832
v 62.243293762207031 13.5 -27.045976638793945
v 61.325000762939453 15 -27.045976638793945
v 61.325000762939453 13.5 -27.045976638793945
v 61.325000762939453 15 -25.83806037902832
f 3932 3930 3928 3933 3929 3931
f 3936 3928 3930 3937 3934 3935
f 3932 3931 3940 3938 3939 3934 3937 3930
f 3940 3931 3929 3942 3941 3938
f 3933 3928 3936 3935 3943 3941 3942 3929
f 3943 3935 3934 3939 3938 3941
g bathroom_60
v 61.325000762939453 6 -24.630142211914062
v 61.325000762939453 6 -27.045976638793945
v 62.239883422851562 6 -24.630142211914062
v 62.239883422851562 6 -27.045976638793945
v 62.239883422851562 6 -25.83806037902832
v 61.325000762939453 6 -25.83806037902832
v 62.239883422851562 9 -24.630142211914062
v 61.325000762939453 9 -24.630142211914062
v 61.325000762939453 7.5 -24.630142211914062
v 62.239883422851562 7.5 -24.630142211914062
v 62.239883422851562 9 -27.045976638793945
v 62.239883422851562 9 -25.83806037902832
v 62.239883422851562 7.5 -27.045976638793945
v 61.325000762939453 9 -27.045976638793945
v 61.325000762939453 7.5 -27.045976638793945
v 61.325000762939453 9 -25.83806037902832
f 3948 3946 3944 3949 3945 3947
f 3952 3944 3946 3953 3950 3951
f 3948 3947 3956 3954 3955 3950 3953 3946
f 3956 3947 3945 3958 3957 3954
f 3952 3951 3959 3957 3958 3945 3949 3944
f 3959 3951 3950 3955 3954 3957
g stairs_43
v 62.847095489501953 15 -29.198776245117188
v 62.847095489501953 15 -27.045976638793945
v 63.673027038574219 15 -29.198776245117188
v 63.673027038574219 15 -27.045976638793945
v 62.847095489501953 15 -28.122377395629883
v 63.673027038574219 15 -28.122377395629883
v 62.847095489501953 9 -27.045976638793945
v 62.847095489501953 9 -29.198776245117188
v 63.673027038574219 9 -27.045976638793945
v 63.673027038574219 9 -29.198776245117188
v 63.673027038574219 9 -28.122377395629883
v 62.847095489501953 9 -28.122377395629883
v 62.847095489501953 13 -27.045976638793945
v 62.847095489501953 11 -27.045976638793945
v 63.673027038574219 11 -27.045976638793945
v 63.673027038574219 13 -27.045976638793945
v 62.847095489501953 13 -29.198776245117188
v 62.847095489501953 11 -29.198776245117188
v 63.673027038574219 13 -29.198776245117188
v 63.673027038574219 11 -29.198776245117188
f 3965 3962 3960 3964 3961 3963
f 3970 3968 3966 3971 3967 3969
f 3973 3966 3968 3974 3975 3963 3961 3972
f 3977 3967 3971 3966 3973 3972 3961 3964 3960 3976
f 3979 3969 3967 3977 3976 3960 3962 3978
f 3975 3974 3968 3970 3969 3979 3978 3962 3965 3963
g stairs_44
v 63.673027038574219 11.199999809265137 -29.198776245117188
v 63.673027038574219 11.199999809265137 -27.045976638793945
v 64.724998474121094 11.199999809265137 -29.198776245117188
v 64.724998474121094 11.199999809265137 -27.045976638793945
v 63.673027038574219 11.199999809265137 -28.122377395629883
v 64.724998474121094 11.199999809265137 -28.122377395629883
v 63.673027038574219 15 -27.045976638793945
v 64.724998474121094 15 -27.045976638793945
v 64.724998474121094 13.100000381469727 -27.045976638793945
v 63.673027038574219 13.100000381469727 -27.045976638793945
v 63.673027038574219 15 -29.198776245117188
v 63.673027038574219 15 -28.122377395629883
v 63.673027038574219 13.100000381469727 -29.198776245117188
v 64.724998474121094 15 -29.198776245117188
v 64.724998474121094 13.100000381469727 -29.198776245117188
v 64.724998474121094 15 -28.122377395629883
f 3984 3980 3982 3985 3983 3981
f 3989 3981 3983 3988 3987 3986
f 3992 3980 3984 3981 3989 3986 3991 3990
f 3994 3982 3980 3992 3990 3993
f 3995 3987 3988 3983 3985 3982 3994 3993
f 3995 3993 3990 3991 3986 3987
g stairs_45
v 63.673027038574219 11.199999809265137 -27.045976638793945
v 63.673027038574219 11.199999809265137 -31.351573944091797
v 64.724998474121094 11.199999809265137 -27.045976638793945
v 64.724998474121094 11.199999809265137 -31.351573944091797
v 64.724998474121094 11.199999809265137 -29.198776245117188
v 63.673027038574219 11.199999809265137 -29.198776245117188
v 63.673027038574219 6 -27.045976638793945
v 63.673027038574219 6 -31.351573944091797
v 64.724998474121094 6 -27.045976638793945
v 64.724998474121094 6 -31.351573944091797
v 64.724998474121094 6 -29.198776245117188
v 63.673027038574219 6 -29.198776245117188
v 64.724998474121094 8.6000003814697266 -27.045976638793945
v 63.673027038574219 8.6000003814697266 -27.045976638793945
v 64.724998474121094 8.6000003814697266 -31.351573944091797
v 63.673027038574219 8.6000003814697266 -31.351573944091797
f 4001 3996 3998 4000 3999 3997
f 4006 4004 4002 4007 4003 4005
f 4009 4002 4004 4008 3998 3996
f 4010 3999 4000 3998 4008 4004 4006 4005
f 4010 4005 4003 4011 3997 3999
f 4007 4002 4009 3996 4001 3997 4011 4003
g corridor_30
v 62.847095489501953 9 -24.630142211914062
v 62.847095489501953 9 -27.045976638793945
v 63.673027038574219 9 -24.630142211914062
v 63.673027038574219 9 -27.045976638793945
v 63.673027038574219 9 -25.83806037902832
v 62.847095489501953 9 -25.83806037902832
v 63.673027038574219 12 -24.630142211914062
v 62.847095489501953 12 -24.630142211914062
v 62.847095489501953 10.5 -24.630142211914062
v 63.673027038574219 10.5 -24.630142211914062
v 63.673027038574219 12 -27.045976638793945
v 63.673027038574219 12 -25.83806037902832
v 63.673027038574219 10.5 -27.045976638793945
v 62.847095489501953 12 -27.045976638793945
v 62.847095489501953 10.5 -27.045976638793945
v 62.847095489501953 12 -25.83806037902832
f 4016 4014 4012 4017 4013 4015
f 4020 4012 4014 4021 4018 4019
f 4016 4015 4024 4022 4023 4018 4021 4014
f 4024 4015 4013 4026 4025 4022
f 4017 4012 4020 4019 4027 4025 4026 4013
f 4027 4019 4018 4023 4022 4025
g corridor_31
v 63.673027038574219 9 -24.630142211914062
v 63.673027038574219 9 -27.045976638793945
v 64.724998474121094 9 -24.630142211914062
v 64.724998474121094 9 -27.045976638793945
v 64.724998474121094 9 -25.83806037902832
v 63.673027038574219 9 -25.83806037902832
v 64.724998474121094 12 -24.630142211914062
v 63.673027038574219 12 -24.630142211914062
v 63.673027038574219 10.5 -24.630142211914062
v 64.724998474121094 10.5 -24.630142211914062
v 64.724998474121094 12 -27.045976638793945
v 64.724998474121094 12 -25.83806037902832
v 64.724998474121094 10.5 -27.045976638793945
v 63.673027038574219 12 -27.045976638793945
v 63.673027038574219 10.5 -27.045976638793945
v 63.673027038574219 12 -25.83806037902832
f 4032 4030 4028 4033 4029 4031
f 4036 4028 4030 4037 4034 4035
f 4032 4031 4040 4038 4039 4034 4037 4030
f 4040 4031 4029 4042 4041 4038
f 4033 4028 4036 4035 4043 4041 4042 4029
f 4043 4035 4034 4039 4038 4041
g bedroom_29
v 61.325000762939453 12 -24.630142211914062
v 61.325000762939453 12 -23.388059616088867
v 61.325000762939453 12 -22.145977020263672
v 63.025001525878906 12 -22.145977020263672
v 64.724998474121094 12 -22.145977020263672
v 64.724998474121094 12 -24.595977783203125
v 64.724998474121094 12 -27.045976638793945
v 63.484146118164062 12 -27.045976638793945
v 62.243293762207031 12 -27.045976638793945
v 62.243293762207031 12 -25.83806037902832
v 62.243293762207031 12 -24.630142211914062
v 61.325000762939453 15 -22.145977020263672
v 61.325000762939453 15 -24.630142211914062
v 61.325000762939453 13.5 -24.630142211914062
v 61.325000762939453 15 -23.388059616088867
v 61.325000762939453 13.5 -22.145977020263672
v 64.724998474121094 15 -22.145977020263672
v 63.025001525878906 15 -22.145977020263672
v 64.724998474121094 13.5 -22.145977020263672
v 64.724998474121094 15 -27.045976638793945
v 64.724998474121094 15 -24.595977783203125
v 64.724998474121094 13.5 -27.045976638793945
v 62.243293762207031 15 -27.045976638793945
v 63.484146118164062 15 -27.045976638793945
v 62.243293762207031 13.5 -27.045976638793945
v 62.243293762207031 15 -24.630142211914062
v 62.243293762207031 15 -25.83806037902832
v 62.243293762207031 13.5 -24.630142211914062
f 4045 4044 4054 4053 4052 4051 4050 4049 4048 4047 4046
f 4045 4046 4059 4055 4058 4056 4057 4044
f 4047 4048 4062 4060 4061 4055 4059 4046
f 4049 4050 4065 4063 4064 4060 4062 4048
f 4051 4052 4068 4066 4067 4063 4065 4050
f 4053 4054 4071 4069 4070 4066 4068 4052
f 4071 4054 4044 4057 4056 4069
f 4069 4056 4058 4055 4061 4060 4064 4063 4067 4066 4070
g bedroom_30
v 61.325000762939453 6 -22.145977020263672
v 64.724998474121094 6 -27.045976638793945
v 64.724998474121094 6 -22.145977020263672
v 64.724998474121094 6 -24.595977783203125
v 63.025001525878906 6 -22.145977020263672
v 61.325000762939453 6 -23.388059616088867
v 61.325000762939453 6 -24.630142211914062
v 62.239883422851562 6 -24.630142211914062
v 62.239883422851562 6 -25.83806037902832
v 62.239883422851562 6 -27.045976638793945
v 63.482440948486328 6 -27.045976638793945
v 64.724998474121094 9 -22.145977020263672
v 64.724998474121094 9 -27.045976638793945
v 64.724998474121094 7.5 -27.045976638793945
v 64.724998474121094 9 -24.595977783203125
v 64.724998474121094 7.5 -22.145977020263672
v 61.325000762939453 9 -22.145977020263672
v 63.025001525878906 9 -22.145977020263672
v 61.325000762939453 7.5 -22.145977020263672
v 61.325000762939453 9 -24.630142211914062
v 61.325000762939453 9 -23.388059616088867
v 61.325000762939453 7.5 -24.630142211914062
v 62.239883422851562 9 -24.630142211914062
v 62.239883422851562 7.5 -24.630142211914062
v 62.239883422851562 9 -27.045976638793945
v 62.239883422851562 9 -25.83806037902832
v 62.239883422851562 7.5 -27.045976638793945
v 63.482440948486328 9 -27.045976638793945
f 4080 4081 4082 4073 4075 4074 4076 4072 4077 4078 4079
f 4085 4084 4086 4083 4087 4074 4075 4073
f 4090 4072 4076 4074 4087 4083 4089 4088
f 4093 4078 4077 4072 4090 4088 4092 4091
f 4095 4079 4078 4093 4091 4094
f 4098 4081 4080 4079 4095 4094 4097 4096
f 4085 4073 4082 4081 4098 4096 4099 4084
f 4099 4096 4097 4094 4091 4092 4088 4089 4083 4086 4084
g kitchen_29
v 64.724998474121094 6 -31.351573944091797
v 64.724998474121094 11.199999809265137 -31.351573944091797
v 67.073028564453125 6 -31.351573944091797
v 67.073028564453125 11.199999809265137 -31.351573944091797
v 67.073028564453125 8.6000003814697266 -31.351573944091797
v 64.724998474121094 8.6000003814697266 -31.351573944091797
v 64.724998474121094 6 -27.045976638793945
v 67.073028564453125 6 -27.045976638793945
v 67.073028564453125 6 -29.198776245117188
v 64.724998474121094 6 -29.198776245117188
v 67.073028564453125 9 -27.045976638793945
v 67.073028564453125 9 -28.122377395629883
v 67.073028564453125 9 -29.198776245117188
v 67.073028564453125 11.199999809265137 -29.198776245117188
v 67.073028564453125 10.100000381469727 -29.198776245117188
v 66.247093200683594 9 -29.198776245117188
v 66.247093200683594 11.199999809265137 -29.198776245117188
v 66.247093200683594 9 -27.045976638793945
v 66.247093200683594 11.199999809265137 -27.045976638793945
v 66.247093200683594 10.100000381469727 -27.045976638793945
v 66.247093200683594 11.199999809265137 -28.122377395629883
v 66.247093200683594 9 -28.122377395629883
v 66.247093200683594 10.100000381469727 -29.198776245117188
v 64.724998474121094 11.199999809265137 -27.045976638793945
v 64.724998474121094 8.6000003814697266 -27.045976638793945
v 64.724998474121094 11.199999809265137 -29.198776245117188
f 4104 4102 4100 4105 4101 4103
f 4108 4107 4106 4109 4100 4102
f 4108 4102 4104 4103 4113 4114 4112 4111 4110 4107
f 4122 4116 4120 4118 4119 4117 4121 4115
f 4121 4117 4110 4111 4112 4115
f 4122 4115 4112 4114 4113 4116
f 4107 4110 4117 4119 4118 4123 4124 4106
f 4109 4106 4124 4123 4125 4101 4105 4100
f 4120 4116 4113 4103 4101 4125 4123 4118
g kitchen_30
v 64.724998474121094 11.199999809265137 -27.045976638793945
v 64.724998474121094 15 -27.045976638793945
v 66.247093200683594 11.199999809265137 -27.045976638793945
v 66.247093200683594 15 -27.045976638793945
v 66.247093200683594 13.100000381469727 -27.045976638793945
v 64.724998474121094 13.100000381469727 -27.045976638793945
v 66.247093200683594 11.199999809265137 -29.198776245117188
v 66.247093200683594 15 -29.198776245117188
v 66.247093200683594 13.100000381469727 -29.198776245117188
v 68.125 11.199999809265137 -31.351573944091797
v 68.125 15 -31.351573944091797
v 64.724998474121094 11.199999809265137 -31.351573944091797
v 64.724998474121094 15 -31.351573944091797
v 66.425003051757812 11.199999809265137 -31.351573944091797
v 64.724998474121094 13.100000381469727 -31.351573944091797
v 66.425003051757812 15 -31.351573944091797
v 68.125 13.100000381469727 -31.351573944091797
v 68.125 11.199999809265137 -29.198776245117188
v 68.125 15 -29.198776245117188
v 68.125 13.100000381469727 -29.198776245117188
v 64.724998474121094 11.199999809265137 -29.198776245117188
v 64.724998474121094 15 -29.198776245117188
f 4131 4126 4128 4130 4129 4127
f 4130 4128 4132 4134 4133 4129
f 4142 4135 4139 4137 4140 4138 4141 4136
f 4145 4143 4135 4142 4136 4144
f 4145 4144 4133 4134 4132 4143
f 4146 4137 4139 4135 4143 4132 4128 4126
f 4140 4137 4146 4126 4131 4127 4147 4138
f 4138 4147 4127 4129 4133 4144 4136 4141
g bathroom_61
v 64.724998474121094 9 -25.945978164672852
v 64.724998474121094 9 -27.045976638793945
v 66.247093200683594 9 -25.945978164672852
v 66.247093200683594 9 -27.045976638793945
v 65.486045837402344 9 -25.945978164672852
v 65.486045837402344 9 -27.045976638793945
v 66.247093200683594 12 -25.945978164672852
v 64.724998474121094 12 -25.945978164672852
v 64.724998474121094 10.5 -25.945978164672852
v 65.486045837402344 12 -25.945978164672852
v 66.247093200683594 10.5 -25.945978164672852
v 66.247093200683594 12 -27.045976638793945
v 66.247093200683594 10.5 -27.045976638793945
v 64.724998474121094 12 -27.045976638793945
v 65.486045837402344 12 -27.045976638793945
v 64.724998474121094 10.5 -27.045976638793945
f 4149 4153 4151 4150 4152 4148
f 4152 4150 4158 4154 4157 4155 4156 4148
f 4158 4150 4151 4160 4159 4154
f 4153 4149 4163 4161 4162 4159 4160 4151
f 4163 4149 4148 4156 4155 4161
f 4161 4155 4157 4154 4159 4162
g bathroom_62
v 64.724998474121094 9 -24.630142211914062
v 64.724998474121094 9 -25.945978164672852
v 66.247093200683594 9 -24.630142211914062
v 66.247093200683594 9 -25.945978164672852
v 65.486045837402344 9 -24.630142211914062
v 66.247093200683594 9 -25.288061141967773
v 65.486045837402344 9 -25.945978164672852
v 64.724998474121094 9 -25.288061141967773
v 66.247093200683594 12 -24.630142211914062
v 64.724998474121094 12 -24.630142211914062
v 64.724998474121094 10.5 -24.630142211914062
v 65.486045837402344 12 -24.630142211914062
v 66.247093200683594 10.5 -24.630142211914062
v 66.247093200683594 12 -25.945978164672852
v 66.247093200683594 10.5 -25.945978164672852
v 66.247093200683594 12 -25.288061141967773
v 64.724998474121094 12 -25.945978164672852
v 65.486045837402344 12 -25.945978164672852
v 64.724998474121094 10.5 -25.945978164672852
v 64.724998474121094 12 -25.288061141967773
f 4171 4165 4170 4167 4169 4166 4168 4164
f 4168 4166 4176 4172 4175 4173 4174 4164
f 4169 4167 4178 4177 4179 4172 4176 4166
f 4170 4165 4182 4180 4181 4177 4178 4167
f 4171 4164 4174 4173 4183 4180 4182 4165
f 4179 4177 4181 4180 4183 4173 4175 4172
g bathroom_63
v 64.724998474121094 12 -24.630142211914062
v 64.724998474121094 12 -27.045976638793945
v 65.643295288085938 12 -24.630142211914062
v 65.643295288085938 12 -27.045976638793945
v 65.643295288085938 12 -25.83806037902832
v 64.724998474121094 12 -25.83806037902832
v 65.643295288085938 15 -24.630142211914062
v 64.724998474121094 15 -24.630142211914062
v 64.724998474121094 13.5 -24.630142211914062
v 65.643295288085938 13.5 -24.630142211914062
v 65.643295288085938 15 -27.045976638793945
v 65.643295288085938 15 -25.83806037902832
v 65.643295288085938 13.5 -27.045976638793945
v 64.724998474121094 15 -27.045976638793945
v 64.724998474121094 13.5 -27.045976638793945
v 64.724998474121094 15 -25.83806037902832
f 4188 4186 4184 4189 4185 4187
f 4192 4184 4186 4193 4190 4191
f 4188 4187 4196 4194 4195 4190 4193 4186
f 4196 4187 4185 4198 4197 4194
f 4189 4184 4192 4191 4199 4197 4198 4185
f 4199 4191 4190 4195 4194 4197
g bathroom_64
v 64.724998474121094 6 -24.630142211914062
v 64.724998474121094 6 -27.045976638793945
v 65.639884948730469 6 -24.630142211914062
v 65.639884948730469 6 -27.045976638793945
v 65.639884948730469 6 -25.83806037902832
v 64.724998474121094 6 -25.83806037902832
v 65.639884948730469 9 -24.630142211914062
v 64.724998474121094 9 -24.630142211914062
v 64.724998474121094 7.5 -24.630142211914062
v 65.639884948730469 7.5 -24.630142211914062
v 65.639884948730469 9 -27.045976638793945
v 65.639884948730469 9 -25.83806037902832
v 65.639884948730469 7.5 -27.045976638793945
v 64.724998474121094 9 -27.045976638793945
v 64.724998474121094 7.5 -27.045976638793945
v 64.724998474121094 9 -25.83806037902832
f 4204 4202 4200 4205 4201 4203
f 4208 4200 4202 4209 4206 4207
f 4204 4203 4212 4210 4211 4206 4209 4202
f 4212 4203 4201 4214 4213 4210
f 4208 4207 4215 4213 4214 4201 4205 4200
f 4215 4207 4206 4211 4210 4213
g stairs_46
v 66.247093200683594 15 -29.198776245117188
v 66.247093200683594 15 -27.045976638793945
v 67.073028564453125 15 -29.198776245117188
v 67.073028564453125 15 -27.045976638793945
v 66.247093200683594 15 -28.122377395629883
v 67.073028564453125 15 -28.122377395629883
v 66.247093200683594 9 -27.045976638793945
v 66.247093200683594 9 -29.198776245117188
v 67.073028564453125 9 -27.045976638793945
v 67.073028564453125 9 -29.198776245117188
v 67.073028564453125 9 -28.122377395629883
v 66.247093200683594 9 -28.122377395629883
v 66.247093200683594 13 -27.045976638793945
v 66.247093200683594 11 -27.045976638793945
v 67.073028564453125 11 -27.045976638793945
v 67.073028564453125 13 -27.045976638793945
v 66.247093200683594 13 -29.198776245117188
v 66.247093200683594 11 -29.198776245117188
v 67.073028564453125 13 -29.198776245117188
v 67.073028564453125 11 -29.198776245117188
f 4221 4218 4216 4220 4217 4219
f 4226 4224 4222 4227 4223 4225
f 4229 4222 4224 4230 4231 4219 4217 4228
f 4233 4223 4227 4222 4229 4228 4217 4220 4216 4232
f 4235 4225 4223 4233 4232 4216 4218 4234
f 4231 4230 4224 4226 4225 4235 4234 4218 4221 4219
g stairs_47
v 67.073028564453125 11.199999809265137 -29.198776245117188
v 67.073028564453125 11.199999809265137 -27.045976638793945
v 68.125 11.199999809265137 -29.198776245117188
v 68.125 11.199999809265137 -27.045976638793945
v 67.073028564453125 11.199999809265137 -28.122377395629883
v 68.125 11.199999809265137 -28.122377395629883
v 67.073028564453125 15 -27.045976638793945
v 68.125 15 -27.045976638793945
v 68.125 13.100000381469727 -27.045976638793945
v 67.073028564453125 13.100000381469727 -27.045976638793945
v 67.073028564453125 15 -29.198776245117188
v 67.073028564453125 15 -28.122377395629883
v 67.073028564453125 13.100000381469727 -29.198776245117188
v 68.125 15 -29.198776245117188
v 68.125 13.100000381469727 -29.198776245117188
v 68.125 15 -28.122377395629883
f 4240 4236 4238 4241 4239 4237
f 4245 4237 4239 4244 4243 4242
f 4248 4236 4240 4237 4245 4242 4247 4246
f 4250 4238 4236 4248 4246 4249
f 4251 4243 4244 4239 4241 4238 4250 4249
f 4251 4249 4246 4247 4242 4243
g stairs_48
v 67.073028564453125 11.199999809265137 -27.045976638793945
v 67.073028564453125 11.199999809265137 -31.351573944091797
v 68.125 11.199999809265137 -27.045976638793945
v 68.125 11.199999809265137 -31.351573944091797
v 68.125 11.199999809265137 -29.198776245117188
v 67.073028564453125 11.199999809265137 -29.198776245117188
v 67.073028564453125 6 -27.045976638793945
v 67.073028564453125 6 -31.351573944091797
v 68.125 6 -27.045976638793945
v 68.125 6 -31.351573944091797
v 68.125 6 -29.198776245117188
v 67.073028564453125 6 -29.198776245117188
v 68.125 8.6000003814697266 -27.045976638793945
v 67.073028564453125 8.6000003814697266 -27.045976638793945
v 68.125 8.6000003814697266 -31.351573944091797
v 67.073028564453125 8.6000003814697266 -31.351573944091797
f 4257 4252 4254 4256 4255 4253
f 4262 4260 4258 4263 4259 4261
f 4265 4258 4260 4264 4254 4252
f 4266 4255 4256 4254 4264 4260 4262 4261
f 4266 4261 4259 4267 4253 4255
f 4263 4258 4265 4252 4257 4253 4267 4259
g corridor_32
v 66.247093200683594 9 -24.630142211914062
v 66.247093200683594 9 -27.045976638793945
v 67.073028564453125 9 -24.630142211914062
v 67.073028564453125 9 -27.045976638793945
v 67.073028564453125 9 -25.83806037902832
v 66.247093200683594 9 -25.83806037902832
v 67.073028564453125 12 -24.630142211914062
v 66.247093200683594 12 -24.630142211914062
v 66.247093200683594 10.5 -24.630142211914062
v 67.073028564453125 10.5 -24.630142211914062
v 67.073028564453125 12 -27.045976638793945
v 67.073028564453125 12 -25.83806037902832
v 67.073028564453125 10.5 -27.045976638793945
v 66.247093200683594 12 -27.045976638793945
v 66.247093200683594 10.5 -27.045976638793945
v 66.247093200683594 12 -25.83806037902832
f 4272 4270 4268 4273 4269 4271
f 4276 4268 4270 4277 4274 4275
f 4272 4271 4280 4278 4279 4274 4277 4270
f 4280 4271 4269 4282 4281 4278
f 4273 4268 4276 4275 4283 4281 4282 4269
f 4283 4275 4274 4279 4278 4281
g corridor_33
v 67.073028564453125 9 -24.630142211914062
v 67.073028564453125 9 -27.045976638793945
v 68.125 9 -24.630142211914062
v 68.125 9 -27.045976638793945
v 68.125 9 -25.83806037902832
v 67.073028564453125 9 -25.83806037902832
v 68.125 12 -24.630142211914062
v 67.073028564453125 12 -24.630142211914062
v 67.073028564453125 10.5 -24.630142211914062
v 68.125 10.5 -24.630142211914062
v 68.125 12 -27.045976638793945
v 68.125 12 -25.83806037902832
v 68.125 10.5 -27.045976638793945
v 67.073028564453125 12 -27.045976638793945
v 67.073028564453125 10.5 -27.045976638793945
v 67.073028564453125 12 -25.83806037902832
f 4288 4286 4284 4289 4285 4287
f 4292 4284 4286 4293 4290 4291
f 4288 4287 4296 4294 4295 4290 4293 4286
f 4296 4287 4285 4298 4297 4294
f 4289 4284 4292 4291 4299 4297 4298 4285
f 4299 4291 4290 4295 4294 4297
g bedroom_31
v 64.724998474121094 12 -24.630142211914062
v 64.724998474121094 12 -23.388059616088867
v 64.724998474121094 12 -22.145977020263672
v 66.425003051757812 12 -22.145977020263672
v 68.125 12 -22.145977020263672
v 68.125 12 -24.595977783203125
v 68.125 12 -27.045976638793945
v 66.884147644042969 12 -27.045976638793945
v 65.643295288085938 12 -27.045976638793945
v 65.643295288085938 12 -25.83806037902832
v 65.643295288085938 12 -24.630142211914062
v 64.724998474121094 15 -22.145977020263672
v 64.724998474121094 15 -24.630142211914062
v 64.724998474121094 13.5 -24.630142211914062
v 64.724998474121094 15 -23.388059616088867
v 64.724998474121094 13.5 -22.145977020263672
v 68.125 15 -22.145977020263672
v 66.425003051757812 15 -22.145977020263672
v 68.125 13.5 -22.145977020263672
v 68.125 15 -27.045976638793945
v 68.125 15 -24.595977783203125
v 68.125 13.5 -27.045976638793945
v 65.643295288085938 15 -27.045976638793945
v 66.884147644042969 15 -27.045976638793945
v 65.643295288085938 13.5 -27.045976638793945
v 65.643295288085938 15 -24.630142211914062
v 65.643295288085938 15 -25.83806037902832
v 65.643295288085938 13.5 -24.630142211914062
f 4301 4300 4310 4309 4308 4307 4306 4305 4304 4303 4302
f 4301 4302 4315 4311 4314 4312 4313 4300
f 4303 4304 4318 4316 4317 4311 4315 4302
f 4305 4306 4321 4319 4320 4316 4318 4304
f 4307 4308 4324 4322 4323 4319 4321 4306
f 4309 4310 4327 4325 4326 4322 4324 4308
f 4327 4310 4300 4313 4312 4325
f 4325 4312 4314 4311 4317 4316 4320 4319 4323 4322 4326
g bedroom_32
v 64.724998474121094 6 -22.145977020263672
v 68.125 6 -27.045976638793945
v 68.125 6 -22.145977020263672
v 68.125 6 -24.595977783203125
v 66.425003051757812 6 -22.145977020263672
v 64.724998474121094 6 -23.388059616088867
v 64.724998474121094 6 -24.630142211914062
v 65.639884948730469 6 -24.630142211914062
v 65.639884948730469 6 -25.83806037902832
v 65.639884948730469 6 -27.045976638793945
v 66.882438659667969 6 -27.045976638793945
v 68.125 9 -22.145977020263672
v 68.125 9 -27.045976638793945
v 68.125 7.5 -27.045976638793945
v 68.125 9 -24.595977783203125
v 68.125 7.5 -22.145977020263672
v 64.724998474121094 9 -22.145977020263672
v 66.425003051757812 9 -22.145977020263672
v 64.724998474121094 7.5 -22.145977020263672
v 64.724998474121094 9 -24.630142211914062
v 64.724998474121094 9 -23.388059616088867
v 64.724998474121094 7.5 -24.630142211914062
v 65.639884948730469 9 -24.630142211914062
v 65.639884948730469 7.5 -24.630142211914062
v 65.639884948730469 9 -27.045976638793945
v 65.639884948730469 9 -25.83806037902832
v 65.639884948730469 7.5 -27.045976638793945
v 66.882438659667969 9 -27.045976638793945
f 4336 4337 4338 4329 4331 4330 4332 4328 4333 4334 4335
f 4341 4340 4342 4339 4343 4330 4331 4329
f 4346 4328 4332 4330 4343 4339 4345 4344
f 4349 4334 4333 4328 4346 4344 4348 4347
f 4351 4335 4334 4349 4347 4350
f 4354 4337 4336 4335 4351 4350 4353 4352
f 4341 4329 4338 4337 4354 4352 4355 4340
f 4355 4352 4353 4350 4347 4348 4344 4345 4339 4342 4340
g kitchen_31
v 68.125 6 -31.351573944091797
v 68.125 11.199999809265137 -31.351573944091797
v 70.473030090332031 6 -31.351573944091797
v 70.473030090332031 11.199999809265137 -31.351573944091797
v 70.473030090332031 8.6000003814697266 -31.351573944091797
v 68.125 8.6000003814697266 -31.351573944091797
v 68.125 6 -27.045976638793945
v 70.473030090332031 6 -27.045976638793945
v 70.473030090332031 6 -29.198776245117188
v 68.125 6 -29.198776245117188
v 70.473030090332031 9 -27.045976638793945
v 70.473030090332031 9 -28.122377395629883
v 70.473030090332031 9 -29.198776245117188
v 70.473030090332031 11.199999809265137 -29.198776245117188
v 70.473030090332031 10.100000381469727 -29.198776245117188
v 69.6470947265625 9 -29.198776245117188
v 69.6470947265625 11.199999809265137 -29.198776245117188
v 69.6470947265625 9 -27.045976638793945
v 69.6470947265625 11.199999809265137 -27.045976638793945
v 69.6470947265625 10.100000381469727 -27.045976638793945
v 69.6470947265625 11.199999809265137 -28.122377395629883
v 69.6470947265625 9 -28.122377395629883
v 69.6470947265625 10.100000381469727 -29.198776245117188
v 68.125 11.199999809265137 -27.045976638793945
v 68.125 8.6000003814697266 -27.045976638793945
v 68.125 11.199999809265137 -29.198776245117188
f 4360 4358 4356 4361 4357 4359
f 4364 4363 4362 4365 4356 4358
f 4364 4358 4360 4359 4369 4370 4368 4367 4366 4363
f 4378 4372 4376 4374 4375 4373 4377 4371
f 4377 4373 4366 4367 4368 4371
f 4378 4371 4368 4370 4369 4372
f 4363 4366 4373 4375 4374 4379 4380 4362
f 4365 4362 4380 4379 4381 4357 4361 4356
f 4376 4372 4369 4359 4357 4381 4379 4374
g kitchen_32
v 68.125 11.199999809265137 -27.045976638793945
v 68.125 15 -27.045976638793945
v 69.6470947265625 11.199999809265137 -27.045976638793945
v 69.6470947265625 15 -27.045976638793945
v 69.6470947265625 13.100000381469727 -27.045976638793945
v 68.125 13.100000381469727 -27.045976638793945
v 69.6470947265625 11.199999809265137 -29.198776245117188
v 69.6470947265625 15 -29.198776245117188
v 69.6470947265625 13.100000381469727 -29.198776245117188
v 71.525001525878906 11.199999809265137 -31.351573944091797
v 71.525001525878906 15 -31.351573944091797
v 68.125 11.199999809265137 -31.351573944091797
v 68.125 15 -31.351573944091797
v 69.824996948242188 11.199999809265137 -31.351573944091797
v 68.125 13.100000381469727 -31.351573944091797
v 69.824996948242188 15 -31.351573944091797
v 71.525001525878906 13.100000381469727 -31.351573944091797
v 71.525001525878906 11.199999809265137 -29.198776245117188
v 71.525001525878906 15 -29.198776245117188
v 71.525001525878906 13.100000381469727 -29.198776245117188
v 68.125 11.199999809265137 -29.198776245117188
v 68.125 15 -29.198776245117188
f 4387 4382 4384 4386 4385 4383
f 4386 4384 4388 4390 4389 4385
f 4398 4391 4395 4393 4396 4394 4397 4392
f 4401 4399 4391 4398 4392 4400
f 4401 4400 4389 4390 4388 4399
f 4402 4393 4395 4391 4399 4388 4384 4382
f 4396 4393 4402 4382 4387 4383 4403 4394
f 4394 4403 4383 4385 4389 4400 4392 4397
g bathroom_65
v 68.125 9 -25.945978164672852
v 68.125 9 -27.045976638793945
v 69.6470947265625 9 -25.945978164672852
v 69.6470947265625 9 -27.045976638793945
v 68.88604736328125 9 -25.945978164672852
v 68.88604736328125 9 -27.045976638793945
v 69.6470947265625 12 -25.945978164672852
v 68.125 12 -25.945978164672852
v 68.125 10.5 -25.945978164672852
v 68.88604736328125 12 -25.945978164672852
v 69.6470947265625 10.5 -25.945978164672852
v 69.6470947265625 12 -27.045976638793945
v 69.6470947265625 10.5 -27.045976638793945
v 68.125 12 -27.045976638793945
v 68.88604736328125 12 -27.045976638793945
v 68.125 10.5 -27.045976638793945
f 4405 4409 4407 4406 4408 4404
f 4408 4406 4414 4410 4413 4411 4412 4404
f 4414 4406 4407 4416 4415 4410
f 4409 4405 4419 4417 4418 4415 4416 4407
f 4419 4405 4404 4412 4411 4417
f 4417 4411 4413 4410 4415 4418
g bathroom_66
v 68.125 9 -24.630142211914062
v 68.125 9 -25.945978164672852
v 69.6470947265625 9 -24.630142211914062
v 69.6470947265625 9 -25.945978164672852
v 68.88604736328125 9 -24.630142211914062
v 69.6470947265625 9 -25.288061141967773
v 68.88604736328125 9 -25.945978164672852
v 68.125 9 -25.288061141967773
v 69.6470947265625 12 -24.630142211914062
v 68.125 12 -24.630142211914062
v 68.125 10.5 -24.630142211914062
v 68.88604736328125 12 -24.630142211914062
v 69.6470947265625 10.5 -24.630142211914062
v 69.6470947265625 12 -25.945978164672852
v 69.6470947265625 10.5 -25.945978164672852
v 69.6470947265625 12 -25.288061141967773
v 68.125 12 -25.945978164672852
v 68.88604736328125 12 -25.945978164672852
v 68.125 10.5 -25.945978164672852
v 68.125 12 -25.288061141967773
f 4427 4421 4426 4423 4425 4422 4424 4420
f 4424 4422 4432 4428 4431 4429 4430 4420
f 4425 4423 4434 4433 4435 4428 4432 4422
f 4426 4421 4438 4436 4437 4433 4434 4423
f 4427 4420 4430 4429 4439 4436 4438 4421
f 4435 4433 4437 4436 4439 4429 4431 4428
g bathroom_67
v 68.125 12 -24.630142211914062
v 68.125 12 -27.045976638793945
v 69.043289184570312 12 -24.630142211914062
v 69.043289184570312 12 -27.045976638793945
v 69.043289184570312 12 -25.83806037902832
v 68.125 12 -25.83806037902832
v 69.043289184570312 15 -24.630142211914062
v 68.125 15 -24.630142211914062
v 68.125 13.5 -24.630142211914062
v 69.043289184570312 13.5 -24.630142211914062
v 69.043289184570312 15 -27.045976638793945
v 69.043289184570312 15 -25.83806037902832
v 69.043289184570312 13.5 -27.045976638793945
v 68.125 15 -27.045976638793945
v 68.125 13.5 -27.045976638793945
v 68.125 15 -25.83806037902832
f 4444 4442 4440 4445 4441 4443
f 4448 4440 4442 4449 4446 4447
f 4444 4443 4452 4450 4451 4446 4449 4442
f 4452 4443 4441 4454 4453 4450
f 4445 4440 4448 4447 4455 4453 4454 4441
f 4455 4447 4446 4451 4450 4453
g bathroom_68
v 68.125 6 -24.630142211914062
v 68.125 6 -27.045976638793945
v 69.039886474609375 6 -24.630142211914062
v 69.039886474609375 6 -27.045976638793945
v 69.039886474609375 6 -25.83806037902832
v 68.125 6 -25.83806037902832
v 69.039886474609375 9 -24.630142211914062
v 68.125 9 -24.630142211914062
v 68.125 7.5 -24.630142211914062
v 69.039886474609375 7.5 -24.630142211914062
v 69.039886474609375 9 -27.045976638793945
v 69.039886474609375 9 -25.83806037902832
v 69.039886474609375 7.5 -27.045976638793945
v 68.125 9 -27.045976638793945
v 68.125 7.5 -27.045976638793945
v 68.125 9 -25.83806037902832
f 4460 4458 4456 4461 4457 4459
f 4464 4456 4458 4465 4462 4463
f 4460 4459 4468 4466 4467 4462 4465 4458
f 4468 4459 4457 4470 4469 4466
f 4464 4463 4471 4469 4470 4457 4461 4456
f 4471 4463 4462 4467 4466 4469
g stairs_49
v 69.6470947265625 15 -29.198776245117188
v 69.6470947265625 15 -27.045976638793945
v 70.473030090332031 15 -29.198776245117188
v 70.473030090332031 15 -27.045976638793945
v 69.6470947265625 15 -28.122377395629883
v 70.473030090332031 15 -28.122377395629883
v 69.6470947265625 9 -27.045976638793945
v 69.6470947265625 9 -29.198776245117188
v 70.473030090332031 9 -27.045976638793945
v 70.473030090332031 9 -29.198776245117188
v 70.473030090332031 9 -28.122377395629883
v 69.6470947265625 9 -28.122377395629883
v 69.6470947265625 13 -27.045976638793945
v 69.6470947265625 11 -27.045976638793945
v 70.473030090332031 11 -27.045976638793945
v 70.473030090332031 13 -27.045976638793945
v 69.6470947265625 13 -29.198776245117188
v 69.6470947265625 11 -29.198776245117188
v 70.473030090332031 13 -29.198776245117188
v 70.473030090332031 11 -29.198776245117188
f 4477 4474 4472 4476 4473 4475
f 4482 4480 4478 4483 4479 4481
f 4485 4478 4480 4486 4487 4475 4473 4484
f 4489 4479 4483 4478 4485 4484 4473 4476 4472 4488
f 4491 4481 4479 4489 4488 4472 4474 4490
f 4487 4486 4480 4482 4481 4491 4490 4474 4477 4475
g stairs_50
v 70.473030090332031 11.199999809265137 -29.198776245117188
v 70.473030090332031 11.199999809265137 -27.045976638793945
v 71.525001525878906 11.199999809265137 -29.198776245117188
v 71.525001525878906 11.199999809265137 -27.045976638793945
v 70.473030090332031 11.199999809265137 -28.122377395629883
v 71.525001525878906 11.199999809265137 -28.122377395629883
v 70.473030090332031 15 -27.045976638793945
v 71.525001525878906 15 -27.045976638793945
v 71.525001525878906 13.100000381469727 -27.045976638793945
v 70.473030090332031 13.100000381469727 -27.045976638793945
v 70.473030090332031 15 -29.198776245117188
v 70.473030090332031 15 -28.122377395629883
v 70.473030090332031 13.100000381469727 -29.198776245117188
v 71.525001525878906 15 -29.198776245117188
v 71.525001525878906 13.100000381469727 -29.198776245117188
v 71.525001525878906 15 -28.122377395629883
f 4496 4492 4494 4497 4495 4493
f 4501 4493 4495 4500 4499 4498
f 4504 4492 4496 4493 4501 4498 4503 4502
f 4506 4494 4492 4504 4502 4505
f 4507 4499 4500 4495 4497 4494 4506 4505
f 4507 4505 4502 4503 4498 4499
g stairs_51
v 70.473030090332031 11.199999809265137 -27.045976638793945
v 70.473030090332031 11.199999809265137 -31.351573944091797
v 71.525001525878906 11.199999809265137 -27.045976638793945
v 71.525001525878906 11.199999809265137 -31.351573944091797
v 71.525001525878906 11.199999809265137 -29.198776245117188
v 70.473030090332031 11.199999809265137 -29.198776245117188
v 70.473030090332031 6 -27.045976638793945
v 70.473030090332031 6 -31.351573944091797
v 71.525001525878906 6 -27.045976638793945
v 71.525001525878906 6 -31.351573944091797
v 71.525001525878906 6 -29.198776245117188
v 70.473030090332031 6 -29.198776245117188
v 71.525001525878906 8.6000003814697266 -27.045976638793945
v 70.473030090332031 8.6000003814697266 -27.045976638793945
v 71.525001525878906 8.6000003814697266 -31.351573944091797
v 70.473030090332031 8.6000003814697266 -31.351573944091797
f 4513 4508 4510 4512 4511 4509
f 4518 4516 4514 4519 4515 4517
f 4521 4514 4516 4520 4510 4508
f 4522 4511 4512 4510 4520 4516 4518 4517
f 4522 4517 4515 4523 4509 4511
f 4519 4514 4521 4508 4513 4509 4523 4515
g corridor_34
v 69.6470947265625 9 -24.630142211914062
v 69.6470947265625 9 -27.045976638793945
v 70.473030090332031 9 -24.630142211914062
v 70.473030090332031 9 -27.045976638793945
v 70.473030090332031 9 -25.83806037902832
v 69.6470947265625 9 -25.83806037902832
v 70.473030090332031 12 -24.630142211914062
v 69.6470947265625 12 -24.630142211914062
v 69.6470947265625 10.5 -24.630142211914062
v 70.473030090332031 10.5 -24.630142211914062
v 70.473030090332031 12 -27.045976638793945
v 70.473030090332031 12 -25.83806037902832
v 70.473030090332031 10.5 -27.045976638793945
v 69.6470947265625 12 -27.045976638793945
v 69.6470947265625 10.5 -27.045976638793945
v 69.6470947265625 12 -25.83806037902832
f 4528 4526 4524 4529 4525 4527
f 4532 4524 4526 4533 4530 4531
f 4528 4527 4536 4534 4535 4530 4533 4526
f 4536 4527 4525 4538 4537 4534
f 4529 4524 4532 4531 4539 4537 4538 4525
f 4539 4531 4530 4535 4534 4537
g corridor_35
v 70.473030090332031 9 -24.630142211914062
v 70.473030090332031 9 -27.045976638793945
v 71.525001525878906 9 -24.630142211914062
v 71.525001525878906 9 -27.045976638793945
v 71.525001525878906 9 -25.83806037902832
v 70.473030090332031 9 -25.83806037902832
v 71.525001525878906 12 -24.630142211914062
v 70.473030090332031 12 -24.630142211914062
v 70.473030090332031 10.5 -24.630142211914062
v 71.525001525878906 10.5 -24.630142211914062
v 71.525001525878906 12 -27.045976638793945
v 71.525001525878906 12 -25.83806037902832
v 71.525001525878906 10.5 -27.045976638793945
v 70.473030090332031 12 -27.045976638793945
v 70.473030090332031 10.5 -27.045976638793945
v 70.473030090332031 12 -25.83806037902832
f 4544 4542 4540 4545 4541 4543
f 4548 4540 4542 4549 4546 4547
f 4544 4543 4552 4550 4551 4546 4549 4542
f 4552 4543 4541 4554 4553 4550
f 4545 4540 4548 4547 4555 4553 4554 4541
f 4555 4547 4546 4551 4550 4553
g bedroom_33
v 68.125 12 -24.630142211914062
v 68.125 12 -23.388059616088867
v 68.125 12 -22.145977020263672
v 69.824996948242188 12 -22.145977020263672
v 71.525001525878906 12 -22.145977020263672
v 71.525001525878906 12 -24.595977783203125
v 71.525001525878906 12 -27.045976638793945
v 70.284149169921875 12 -27.045976638793945
v 69.043289184570312 12 -27.045976638793945
v 69.043289184570312 12 -25.83806037902832
v 69.043289184570312 12 -24.630142211914062
v 68.125 15 -22.145977020263672
v 68.125 15 -24.630142211914062
v 68.125 13.5 -24.630142211914062
v 68.125 15 -23.388059616088867
v 68.125 13.5 -22.145977020263672
v 71.525001525878906 15 -22.145977020263672
v 69.824996948242188 15 -22.145977020263672
v 71.525001525878906 13.5 -22.145977020263672
v 71.525001525878906 15 -27.045976638793945
v 71.525001525878906 15 -24.595977783203125
v 71.525001525878906 13.5 -27.045976638793945
v 69.043289184570312 15 -27.045976638793945
v 70.284149169921875 15 -27.045976638793945
v 69.043289184570312 13.5 -27.045976638793945
v 69.043289184570312 15 -24.630142211914062
v 69.043289184570312 15 -25.83806037902832
v 69.043289184570312 13.5 -24.630142211914062
f 4557 4556 4566 4565 4564 4563 4562 4561 4560 4559 4558
f 4557 4558 4571 4567 4570 4568 4569 4556
f 4559 4560 4574 4572 4573 4567 4571 4558
f 4561 4562 4577 4575 4576 4572 4574 4560
f 4563 4564 4580 4578 4579 4575 4577 4562
f 4565 4566 4583 4581 4582 4578 4580 4564
f 4583 4566 4556 4569 4568 4581
f 4581 4568 4570 4567 4573 4572 4576 4575 4579 4578 4582
g bedroom_34
v 68.125 6 -22.145977020263672
v 71.525001525878906 6 -27.045976638793945
v 71.525001525878906 6 -22.145977020263672
v 71.525001525878906 6 -24.595977783203125
v 69.824996948242188 6 -22.145977020263672
v 68.125 6 -23.388059616088867
v 68.125 6 -24.630142211914062
v 69.039886474609375 6 -24.630142211914062
v 69.039886474609375 6 -25.83806037902832
v 69.039886474609375 6 -27.045976638793945
v 70.282440185546875 6 -27.045976638793945
v 71.525001525878906 9 -22.145977020263672
v 71.525001525878906 9 -27.045976638793945
v 71.525001525878906 7.5 -27.045976638793945
v 71.525001525878906 9 -24.595977783203125
v 71.525001525878906 7.5 -22.145977020263672
v 68.125 9 -22.145977020263672
v 69.824996948242188 9 -22.145977020263672
v 68.125 7.5 -22.145977020263672
v 68.125 9 -24.630142211914062
v 68.125 9 -23.388059616088867
v 68.125 7.5 -24.630142211914062
v 69.039886474609375 9 -24.630142211914062
v 69.039886474609375 7.5 -24.630142211914062
v 69.039886474609375 9 -27.045976638793945
v 69.039886474609375 9 -25.83806037902832
v 69.039886474609375 7.5 -27.045976638793945
v 70.282440185546875 9 -27.045976638793945
f 4592 4593 4594 4585 4587 4586 4588 4584 4589 4590 4591
f 4597 4596 4598 4595 4599 4586 4587 4585
f 4602 4584 4588 4586 4599 4595 4601 4600
f 4605 4590 4589 4584 4602 4600 4604 4603
f 4607 4591 4590 4605 4603 4606
f 4610 4593 4592 4591 4607 4606 4609 4608
f 4597 4585 4594 4593 4610 4608 4611 4596
f 4611 4608 4609 4606 4603 4604 4600 4601 4595 4598 4596
